2026-03-17 09:28:04 | INFO     | smartbot.api | ==================================================
2026-03-17 09:28:04 | INFO     | smartbot.api | ==================================================
2026-03-17 09:28:04 | INFO     | smartbot.api | SmartBot V2 starting up — env: development
2026-03-17 09:28:04 | INFO     | smartbot.api | SmartBot V2 starting up — env: development
2026-03-17 09:29:45 | INFO     | smartbot.api | ==================================================
2026-03-17 09:29:45 | INFO     | smartbot.api | ==================================================
2026-03-17 09:29:45 | INFO     | smartbot.api | SmartBot V2 starting up — env: development
2026-03-17 09:29:45 | INFO     | smartbot.api | SmartBot V2 starting up — env: development
2026-03-17 09:29:45 | INFO     | smartbot.api | Vectorstore already has 71 chunks — skipping re-ingestion.
2026-03-17 09:29:45 | INFO     | smartbot.api | Vectorstore already has 71 chunks — skipping re-ingestion.
2026-03-17 09:29:45 | INFO     | smartbot.api | SmartBot V2 startup complete.
2026-03-17 09:29:45 | INFO     | smartbot.api | SmartBot V2 startup complete.
2026-03-17 09:29:48 | INFO     | smartbot.api | ==================================================
2026-03-17 09:29:48 | INFO     | smartbot.api | ==================================================
2026-03-17 09:29:48 | INFO     | smartbot.api | SmartBot V2 starting up — env: development
2026-03-17 09:29:48 | INFO     | smartbot.api | SmartBot V2 starting up — env: development
2026-03-17 09:29:49 | INFO     | smartbot.api | Vectorstore already has 71 chunks — skipping re-ingestion.
2026-03-17 09:29:49 | INFO     | smartbot.api | Vectorstore already has 71 chunks — skipping re-ingestion.
2026-03-17 09:29:49 | INFO     | smartbot.api | SmartBot V2 startup complete.
2026-03-17 09:29:49 | INFO     | smartbot.api | SmartBot V2 startup complete.
2026-03-17 09:30:43 | INFO     | smartbot.api | ==================================================
2026-03-17 09:30:43 | INFO     | smartbot.api | ==================================================
2026-03-17 09:30:43 | INFO     | smartbot.api | SmartBot V2 starting up — env: development
2026-03-17 09:30:43 | INFO     | smartbot.api | SmartBot V2 starting up — env: development
2026-03-17 09:30:43 | INFO     | smartbot.api | Vectorstore already has 71 chunks — skipping re-ingestion.
2026-03-17 09:30:43 | INFO     | smartbot.api | Vectorstore already has 71 chunks — skipping re-ingestion.
2026-03-17 09:30:43 | INFO     | smartbot.api | SmartBot V2 startup complete.
2026-03-17 09:30:43 | INFO     | smartbot.api | SmartBot V2 startup complete.
2026-03-17 09:31:01 | INFO     | smartbot.api | OPTIONS /sessions → 200 (0.99ms)
2026-03-17 09:31:01 | INFO     | smartbot.api | OPTIONS /sessions → 200 (0.99ms)
2026-03-17 09:31:01 | INFO     | smartbot.api | OPTIONS /sessions → 200 (1.24ms)
2026-03-17 09:31:01 | INFO     | smartbot.api | OPTIONS /sessions → 200 (1.24ms)
2026-03-17 09:31:01 | INFO     | smartbot.api | POST /sessions → 200 (28.73ms)
2026-03-17 09:31:01 | INFO     | smartbot.api | POST /sessions → 200 (28.73ms)
2026-03-17 09:31:01 | INFO     | smartbot.api | POST /sessions → 200 (29.01ms)
2026-03-17 09:31:01 | INFO     | smartbot.api | POST /sessions → 200 (29.01ms)
2026-03-17 09:31:04 | INFO     | smartbot.api | POST /sessions → 200 (3.97ms)
2026-03-17 09:31:04 | INFO     | smartbot.api | POST /sessions → 200 (3.97ms)
2026-03-17 09:31:04 | INFO     | smartbot.api | POST /sessions → 200 (3.99ms)
2026-03-17 09:31:04 | INFO     | smartbot.api | POST /sessions → 200 (3.99ms)
2026-03-17 09:31:09 | INFO     | smartbot.api | POST /sessions → 200 (6.06ms)
2026-03-17 09:31:09 | INFO     | smartbot.api | POST /sessions → 200 (6.06ms)
2026-03-17 09:31:09 | INFO     | smartbot.api | POST /sessions → 200 (6.03ms)
2026-03-17 09:31:09 | INFO     | smartbot.api | POST /sessions → 200 (6.03ms)
2026-03-17 09:31:15 | INFO     | smartbot.api | POST /admin/login → 200 (250.07ms)
2026-03-17 09:31:15 | INFO     | smartbot.api | POST /admin/login → 200 (250.07ms)
2026-03-17 09:31:15 | INFO     | smartbot.api | OPTIONS /admin/stats → 200 (0.1ms)
2026-03-17 09:31:15 | INFO     | smartbot.api | OPTIONS /admin/stats → 200 (0.1ms)
2026-03-17 09:31:15 | INFO     | smartbot.api | OPTIONS /admin/sessions → 200 (0.62ms)
2026-03-17 09:31:15 | INFO     | smartbot.api | OPTIONS /admin/sessions → 200 (0.62ms)
2026-03-17 09:31:15 | INFO     | smartbot.api | OPTIONS /admin/logs → 200 (0.75ms)
2026-03-17 09:31:15 | INFO     | smartbot.api | OPTIONS /admin/logs → 200 (0.75ms)
2026-03-17 09:31:15 | INFO     | smartbot.api | OPTIONS /admin/files → 200 (0.85ms)
2026-03-17 09:31:15 | INFO     | smartbot.api | OPTIONS /admin/files → 200 (0.85ms)
2026-03-17 09:31:15 | INFO     | smartbot.api | OPTIONS /admin/sessions → 200 (1.23ms)
2026-03-17 09:31:15 | INFO     | smartbot.api | OPTIONS /admin/sessions → 200 (1.23ms)
2026-03-17 09:31:15 | INFO     | smartbot.api | OPTIONS /admin/logs → 200 (1.69ms)
2026-03-17 09:31:15 | INFO     | smartbot.api | OPTIONS /admin/logs → 200 (1.69ms)
2026-03-17 09:31:15 | INFO     | smartbot.api | OPTIONS /admin/files → 200 (1.32ms)
2026-03-17 09:31:15 | INFO     | smartbot.api | OPTIONS /admin/files → 200 (1.32ms)
2026-03-17 09:31:15 | INFO     | smartbot.api | GET /admin/logs → 200 (9.6ms)
2026-03-17 09:31:15 | INFO     | smartbot.api | GET /admin/logs → 200 (9.6ms)
2026-03-17 09:31:15 | INFO     | smartbot.api | GET /admin/logs → 200 (2.67ms)
2026-03-17 09:31:15 | INFO     | smartbot.api | GET /admin/logs → 200 (2.67ms)
2026-03-17 09:31:15 | INFO     | smartbot.api | GET /admin/stats → 200 (22.8ms)
2026-03-17 09:31:15 | INFO     | smartbot.api | GET /admin/stats → 200 (22.8ms)
2026-03-17 09:31:15 | INFO     | smartbot.api | GET /admin/files → 200 (17.04ms)
2026-03-17 09:31:15 | INFO     | smartbot.api | GET /admin/files → 200 (17.04ms)
2026-03-17 09:31:15 | INFO     | smartbot.api | GET /admin/stats → 200 (3.01ms)
2026-03-17 09:31:15 | INFO     | smartbot.api | GET /admin/stats → 200 (3.01ms)
2026-03-17 09:31:15 | INFO     | smartbot.api | GET /admin/files → 200 (13.15ms)
2026-03-17 09:31:15 | INFO     | smartbot.api | GET /admin/files → 200 (13.15ms)
2026-03-17 09:31:15 | INFO     | smartbot.api | GET /admin/sessions → 200 (52.96ms)
2026-03-17 09:31:15 | INFO     | smartbot.api | GET /admin/sessions → 200 (52.96ms)
2026-03-17 09:31:15 | INFO     | smartbot.api | GET /admin/sessions → 200 (11.92ms)
2026-03-17 09:31:15 | INFO     | smartbot.api | GET /admin/sessions → 200 (11.92ms)
2026-03-17 09:31:37 | INFO     | smartbot.api | POST /sessions → 200 (44.83ms)
2026-03-17 09:31:37 | INFO     | smartbot.api | POST /sessions → 200 (44.83ms)
2026-03-17 09:31:37 | INFO     | smartbot.api | POST /sessions → 200 (50.64ms)
2026-03-17 09:31:37 | INFO     | smartbot.api | POST /sessions → 200 (50.64ms)
2026-03-17 09:32:40 | INFO     | smartbot.api | POST /admin/login → 200 (228.64ms)
2026-03-17 09:32:40 | INFO     | smartbot.api | POST /admin/login → 200 (228.64ms)
2026-03-17 09:32:40 | INFO     | smartbot.api | GET /admin/files → 200 (3.05ms)
2026-03-17 09:32:40 | INFO     | smartbot.api | GET /admin/files → 200 (3.05ms)
2026-03-17 09:32:40 | INFO     | smartbot.api | GET /admin/logs → 200 (6.43ms)
2026-03-17 09:32:40 | INFO     | smartbot.api | GET /admin/logs → 200 (6.43ms)
2026-03-17 09:32:40 | INFO     | smartbot.api | GET /admin/stats → 200 (10.37ms)
2026-03-17 09:32:40 | INFO     | smartbot.api | GET /admin/stats → 200 (10.37ms)
2026-03-17 09:32:40 | INFO     | smartbot.api | GET /admin/files → 200 (2.45ms)
2026-03-17 09:32:40 | INFO     | smartbot.api | GET /admin/files → 200 (2.45ms)
2026-03-17 09:32:40 | INFO     | smartbot.api | GET /admin/logs → 200 (3.36ms)
2026-03-17 09:32:40 | INFO     | smartbot.api | GET /admin/logs → 200 (3.36ms)
2026-03-17 09:32:40 | INFO     | smartbot.api | GET /admin/stats → 200 (4.54ms)
2026-03-17 09:32:40 | INFO     | smartbot.api | GET /admin/stats → 200 (4.54ms)
2026-03-17 09:32:40 | INFO     | smartbot.api | GET /admin/sessions → 200 (19.35ms)
2026-03-17 09:32:40 | INFO     | smartbot.api | GET /admin/sessions → 200 (19.35ms)
2026-03-17 09:32:40 | INFO     | smartbot.api | GET /admin/sessions → 200 (18.61ms)
2026-03-17 09:32:40 | INFO     | smartbot.api | GET /admin/sessions → 200 (18.61ms)
2026-03-17 09:32:47 | INFO     | smartbot.api | GET /admin/logs → 200 (9.6ms)
2026-03-17 09:32:47 | INFO     | smartbot.api | GET /admin/logs → 200 (9.6ms)
2026-03-17 09:32:47 | INFO     | smartbot.api | GET /admin/files → 200 (11.15ms)
2026-03-17 09:32:47 | INFO     | smartbot.api | GET /admin/files → 200 (11.15ms)
2026-03-17 09:32:47 | INFO     | smartbot.api | GET /admin/stats → 200 (13.72ms)
2026-03-17 09:32:47 | INFO     | smartbot.api | GET /admin/stats → 200 (13.72ms)
2026-03-17 09:32:47 | INFO     | smartbot.api | GET /admin/logs → 200 (10.92ms)
2026-03-17 09:32:47 | INFO     | smartbot.api | GET /admin/logs → 200 (10.92ms)
2026-03-17 09:32:47 | INFO     | smartbot.api | GET /admin/files → 200 (13.87ms)
2026-03-17 09:32:47 | INFO     | smartbot.api | GET /admin/files → 200 (13.87ms)
2026-03-17 09:32:47 | INFO     | smartbot.api | GET /admin/stats → 200 (12.59ms)
2026-03-17 09:32:47 | INFO     | smartbot.api | GET /admin/stats → 200 (12.59ms)
2026-03-17 09:32:47 | INFO     | smartbot.api | GET /admin/sessions → 200 (30.93ms)
2026-03-17 09:32:47 | INFO     | smartbot.api | GET /admin/sessions → 200 (30.93ms)
2026-03-17 09:32:47 | INFO     | smartbot.api | GET /admin/sessions → 200 (10.0ms)
2026-03-17 09:32:47 | INFO     | smartbot.api | GET /admin/sessions → 200 (10.0ms)
2026-03-17 09:48:26 | INFO     | smartbot.api | OPTIONS /admin/stats → 200 (3.33ms)
2026-03-17 09:48:26 | INFO     | smartbot.api | OPTIONS /admin/stats → 200 (3.33ms)
2026-03-17 09:48:26 | INFO     | smartbot.api | OPTIONS /admin/sessions → 200 (2.45ms)
2026-03-17 09:48:26 | INFO     | smartbot.api | OPTIONS /admin/sessions → 200 (2.45ms)
2026-03-17 09:48:26 | INFO     | smartbot.api | OPTIONS /admin/logs → 200 (2.63ms)
2026-03-17 09:48:26 | INFO     | smartbot.api | OPTIONS /admin/logs → 200 (2.63ms)
2026-03-17 09:48:26 | INFO     | smartbot.api | OPTIONS /admin/files → 200 (1.37ms)
2026-03-17 09:48:26 | INFO     | smartbot.api | OPTIONS /admin/files → 200 (1.37ms)
2026-03-17 09:48:26 | INFO     | smartbot.api | OPTIONS /admin/stats → 200 (1.34ms)
2026-03-17 09:48:26 | INFO     | smartbot.api | OPTIONS /admin/stats → 200 (1.34ms)
2026-03-17 09:48:26 | INFO     | smartbot.api | OPTIONS /admin/sessions → 200 (1.54ms)
2026-03-17 09:48:26 | INFO     | smartbot.api | OPTIONS /admin/sessions → 200 (1.54ms)
2026-03-17 09:48:26 | INFO     | smartbot.api | OPTIONS /admin/logs → 200 (2.26ms)
2026-03-17 09:48:26 | INFO     | smartbot.api | OPTIONS /admin/logs → 200 (2.26ms)
2026-03-17 09:48:26 | INFO     | smartbot.api | OPTIONS /admin/files → 200 (2.24ms)
2026-03-17 09:48:26 | INFO     | smartbot.api | OPTIONS /admin/files → 200 (2.24ms)
2026-03-17 09:48:26 | INFO     | smartbot.api | OPTIONS /admin/stats → 200 (1.51ms)
2026-03-17 09:48:26 | INFO     | smartbot.api | OPTIONS /admin/stats → 200 (1.51ms)
2026-03-17 09:48:26 | INFO     | smartbot.api | OPTIONS /admin/sessions → 200 (1.06ms)
2026-03-17 09:48:26 | INFO     | smartbot.api | OPTIONS /admin/sessions → 200 (1.06ms)
2026-03-17 09:48:26 | INFO     | smartbot.api | OPTIONS /admin/logs → 200 (1.44ms)
2026-03-17 09:48:26 | INFO     | smartbot.api | OPTIONS /admin/logs → 200 (1.44ms)
2026-03-17 09:48:26 | INFO     | smartbot.api | OPTIONS /admin/files → 200 (1.32ms)
2026-03-17 09:48:26 | INFO     | smartbot.api | OPTIONS /admin/files → 200 (1.32ms)
2026-03-17 09:48:26 | INFO     | smartbot.api | OPTIONS /admin/stats → 200 (1.66ms)
2026-03-17 09:48:26 | INFO     | smartbot.api | OPTIONS /admin/stats → 200 (1.66ms)
2026-03-17 09:48:26 | INFO     | smartbot.api | OPTIONS /admin/sessions → 200 (1.33ms)
2026-03-17 09:48:26 | INFO     | smartbot.api | OPTIONS /admin/sessions → 200 (1.33ms)
2026-03-17 09:48:26 | INFO     | smartbot.api | OPTIONS /admin/logs → 200 (1.63ms)
2026-03-17 09:48:26 | INFO     | smartbot.api | OPTIONS /admin/logs → 200 (1.63ms)
2026-03-17 09:48:26 | INFO     | smartbot.api | OPTIONS /admin/files → 200 (2.36ms)
2026-03-17 09:48:26 | INFO     | smartbot.api | OPTIONS /admin/files → 200 (2.36ms)
2026-03-17 09:48:26 | INFO     | smartbot.api | GET /admin/logs → 200 (19.95ms)
2026-03-17 09:48:26 | INFO     | smartbot.api | GET /admin/logs → 200 (19.95ms)
2026-03-17 09:48:26 | INFO     | smartbot.api | GET /admin/files → 200 (19.68ms)
2026-03-17 09:48:26 | INFO     | smartbot.api | GET /admin/files → 200 (19.68ms)
2026-03-17 09:48:26 | INFO     | smartbot.api | GET /admin/stats → 200 (25.57ms)
2026-03-17 09:48:26 | INFO     | smartbot.api | GET /admin/stats → 200 (25.57ms)
2026-03-17 09:48:26 | INFO     | smartbot.api | GET /admin/files → 200 (7.63ms)
2026-03-17 09:48:26 | INFO     | smartbot.api | GET /admin/files → 200 (7.63ms)
2026-03-17 09:48:26 | INFO     | smartbot.api | GET /admin/logs → 200 (15.83ms)
2026-03-17 09:48:26 | INFO     | smartbot.api | GET /admin/logs → 200 (15.83ms)
2026-03-17 09:48:26 | INFO     | smartbot.api | GET /admin/files → 200 (8.23ms)
2026-03-17 09:48:26 | INFO     | smartbot.api | GET /admin/files → 200 (8.23ms)
2026-03-17 09:48:26 | INFO     | smartbot.api | GET /admin/logs → 200 (3.87ms)
2026-03-17 09:48:26 | INFO     | smartbot.api | GET /admin/logs → 200 (3.87ms)
2026-03-17 09:48:26 | INFO     | smartbot.api | GET /admin/files → 200 (2.83ms)
2026-03-17 09:48:26 | INFO     | smartbot.api | GET /admin/files → 200 (2.83ms)
2026-03-17 09:48:26 | INFO     | smartbot.api | GET /admin/logs → 200 (6.25ms)
2026-03-17 09:48:26 | INFO     | smartbot.api | GET /admin/logs → 200 (6.25ms)
2026-03-17 09:48:26 | INFO     | smartbot.api | GET /admin/stats → 200 (26.71ms)
2026-03-17 09:48:26 | INFO     | smartbot.api | GET /admin/stats → 200 (26.71ms)
2026-03-17 09:48:26 | INFO     | smartbot.api | GET /admin/stats → 200 (2.98ms)
2026-03-17 09:48:26 | INFO     | smartbot.api | GET /admin/stats → 200 (2.98ms)
2026-03-17 09:48:26 | INFO     | smartbot.api | GET /admin/stats → 200 (2.47ms)
2026-03-17 09:48:26 | INFO     | smartbot.api | GET /admin/stats → 200 (2.47ms)
2026-03-17 09:48:26 | INFO     | smartbot.api | GET /admin/sessions → 200 (60.52ms)
2026-03-17 09:48:26 | INFO     | smartbot.api | GET /admin/sessions → 200 (60.52ms)
2026-03-17 09:48:26 | INFO     | smartbot.api | GET /admin/sessions → 200 (14.49ms)
2026-03-17 09:48:26 | INFO     | smartbot.api | GET /admin/sessions → 200 (14.49ms)
2026-03-17 09:48:26 | INFO     | smartbot.api | GET /admin/sessions → 200 (12.66ms)
2026-03-17 09:48:26 | INFO     | smartbot.api | GET /admin/sessions → 200 (12.66ms)
2026-03-17 09:48:26 | INFO     | smartbot.api | GET /admin/sessions → 200 (13.81ms)
2026-03-17 09:48:26 | INFO     | smartbot.api | GET /admin/sessions → 200 (13.81ms)
2026-03-17 12:24:42 | INFO     | smartbot.api | GET /health → 200 (22.46ms)
2026-03-17 12:24:42 | INFO     | smartbot.api | GET /health → 200 (22.46ms)
2026-03-17 12:29:44 | INFO     | smartbot.api | ==================================================
2026-03-17 12:29:44 | INFO     | smartbot.api | ==================================================
2026-03-17 12:29:44 | INFO     | smartbot.api | SmartBot V2 starting up — env: development
2026-03-17 12:29:44 | INFO     | smartbot.api | SmartBot V2 starting up — env: development
2026-03-17 12:29:45 | INFO     | smartbot.api | Vectorstore already has 71 chunks — skipping re-ingestion.
2026-03-17 12:29:45 | INFO     | smartbot.api | Vectorstore already has 71 chunks — skipping re-ingestion.
2026-03-17 12:29:45 | INFO     | smartbot.api | SmartBot V2 startup complete.
2026-03-17 12:29:45 | INFO     | smartbot.api | SmartBot V2 startup complete.
2026-03-17 12:29:45 | INFO     | smartbot.api | ==================================================
2026-03-17 12:29:45 | INFO     | smartbot.api | ==================================================
2026-03-17 12:29:45 | INFO     | smartbot.api | SmartBot V2 starting up — env: development
2026-03-17 12:29:45 | INFO     | smartbot.api | SmartBot V2 starting up — env: development
2026-03-17 12:29:46 | INFO     | smartbot.api | Vectorstore already has 71 chunks — skipping re-ingestion.
2026-03-17 12:29:46 | INFO     | smartbot.api | Vectorstore already has 71 chunks — skipping re-ingestion.
2026-03-17 12:29:46 | INFO     | smartbot.api | SmartBot V2 startup complete.
2026-03-17 12:29:46 | INFO     | smartbot.api | SmartBot V2 startup complete.
2026-03-17 12:30:15 | INFO     | smartbot.api | ==================================================
2026-03-17 12:30:15 | INFO     | smartbot.api | ==================================================
2026-03-17 12:30:15 | INFO     | smartbot.api | SmartBot V2 starting up — env: development
2026-03-17 12:30:15 | INFO     | smartbot.api | SmartBot V2 starting up — env: development
2026-03-17 12:30:15 | INFO     | smartbot.api | Vectorstore already has 71 chunks — skipping re-ingestion.
2026-03-17 12:30:15 | INFO     | smartbot.api | Vectorstore already has 71 chunks — skipping re-ingestion.
2026-03-17 12:30:15 | INFO     | smartbot.api | SmartBot V2 startup complete.
2026-03-17 12:30:15 | INFO     | smartbot.api | SmartBot V2 startup complete.
2026-03-17 12:30:16 | INFO     | smartbot.api | ==================================================
2026-03-17 12:30:16 | INFO     | smartbot.api | ==================================================
2026-03-17 12:30:16 | INFO     | smartbot.api | SmartBot V2 starting up — env: development
2026-03-17 12:30:16 | INFO     | smartbot.api | SmartBot V2 starting up — env: development
2026-03-17 12:30:16 | INFO     | smartbot.api | Vectorstore already has 71 chunks — skipping re-ingestion.
2026-03-17 12:30:16 | INFO     | smartbot.api | Vectorstore already has 71 chunks — skipping re-ingestion.
2026-03-17 12:30:16 | INFO     | smartbot.api | SmartBot V2 startup complete.
2026-03-17 12:30:16 | INFO     | smartbot.api | SmartBot V2 startup complete.
2026-03-17 12:32:51 | INFO     | smartbot.api | OPTIONS /admin/stats → 200 (7.85ms)
2026-03-17 12:32:51 | INFO     | smartbot.api | OPTIONS /admin/stats → 200 (7.85ms)
2026-03-17 12:32:51 | INFO     | smartbot.api | OPTIONS /admin/stats → 200 (4.62ms)
2026-03-17 12:32:51 | INFO     | smartbot.api | OPTIONS /admin/stats → 200 (4.62ms)
2026-03-17 12:32:51 | INFO     | smartbot.api | OPTIONS /admin/stats → 200 (4.21ms)
2026-03-17 12:32:51 | INFO     | smartbot.api | OPTIONS /admin/stats → 200 (4.21ms)
2026-03-17 12:32:51 | INFO     | smartbot.api | OPTIONS /admin/stats → 200 (1.4ms)
2026-03-17 12:32:51 | INFO     | smartbot.api | OPTIONS /admin/stats → 200 (1.4ms)
2026-03-17 12:32:51 | INFO     | smartbot.api | GET /admin/stats → 200 (72.73ms)
2026-03-17 12:32:51 | INFO     | smartbot.api | GET /admin/stats → 200 (72.73ms)
2026-03-17 12:32:51 | INFO     | smartbot.api | OPTIONS /admin/sessions → 200 (0.35ms)
2026-03-17 12:32:51 | INFO     | smartbot.api | OPTIONS /admin/sessions → 200 (0.35ms)
2026-03-17 12:32:51 | INFO     | smartbot.api | OPTIONS /admin/logs → 200 (1.15ms)
2026-03-17 12:32:51 | INFO     | smartbot.api | OPTIONS /admin/logs → 200 (1.15ms)
2026-03-17 12:32:51 | INFO     | smartbot.api | OPTIONS /admin/files → 200 (0.9ms)
2026-03-17 12:32:51 | INFO     | smartbot.api | OPTIONS /admin/files → 200 (0.9ms)
2026-03-17 12:32:51 | INFO     | smartbot.api | OPTIONS /admin/logs → 200 (0.34ms)
2026-03-17 12:32:51 | INFO     | smartbot.api | OPTIONS /admin/logs → 200 (0.34ms)
2026-03-17 12:32:51 | INFO     | smartbot.api | OPTIONS /admin/files → 200 (0.34ms)
2026-03-17 12:32:51 | INFO     | smartbot.api | OPTIONS /admin/files → 200 (0.34ms)
2026-03-17 12:32:51 | INFO     | smartbot.api | GET /admin/stats → 200 (7.35ms)
2026-03-17 12:32:51 | INFO     | smartbot.api | GET /admin/stats → 200 (7.35ms)
2026-03-17 12:32:51 | WARNING  | smartbot.api | GET /admin/logs → 404 (0.54ms)
2026-03-17 12:32:51 | WARNING  | smartbot.api | GET /admin/logs → 404 (0.54ms)
2026-03-17 12:32:51 | WARNING  | smartbot.api | GET /admin/logs → 404 (0.35ms)
2026-03-17 12:32:51 | WARNING  | smartbot.api | GET /admin/logs → 404 (0.35ms)
2026-03-17 12:32:51 | INFO     | smartbot.api | GET /admin/files → 200 (3.78ms)
2026-03-17 12:32:51 | INFO     | smartbot.api | GET /admin/files → 200 (3.78ms)
2026-03-17 12:32:51 | INFO     | smartbot.api | GET /admin/files → 200 (1.07ms)
2026-03-17 12:32:51 | INFO     | smartbot.api | GET /admin/files → 200 (1.07ms)
2026-03-17 12:32:51 | INFO     | smartbot.api | GET /admin/stats → 200 (18.74ms)
2026-03-17 12:32:51 | INFO     | smartbot.api | GET /admin/stats → 200 (18.74ms)
2026-03-17 12:32:51 | WARNING  | smartbot.api | GET /admin/logs → 404 (1.44ms)
2026-03-17 12:32:51 | WARNING  | smartbot.api | GET /admin/logs → 404 (1.44ms)
2026-03-17 12:32:51 | WARNING  | smartbot.api | GET /admin/logs → 404 (1.85ms)
2026-03-17 12:32:51 | WARNING  | smartbot.api | GET /admin/logs → 404 (1.85ms)
2026-03-17 12:32:51 | INFO     | smartbot.api | GET /admin/stats → 200 (12.54ms)
2026-03-17 12:32:51 | INFO     | smartbot.api | GET /admin/stats → 200 (12.54ms)
2026-03-17 12:32:51 | INFO     | smartbot.api | GET /admin/sessions → 200 (42.27ms)
2026-03-17 12:32:51 | INFO     | smartbot.api | GET /admin/sessions → 200 (42.27ms)
2026-03-17 12:32:51 | INFO     | smartbot.api | GET /admin/files → 200 (17.58ms)
2026-03-17 12:32:51 | INFO     | smartbot.api | GET /admin/files → 200 (17.58ms)
2026-03-17 12:32:51 | INFO     | smartbot.api | GET /admin/stats → 200 (9.83ms)
2026-03-17 12:32:51 | INFO     | smartbot.api | GET /admin/stats → 200 (9.83ms)
2026-03-17 12:32:51 | INFO     | smartbot.api | GET /admin/files → 200 (5.73ms)
2026-03-17 12:32:51 | INFO     | smartbot.api | GET /admin/files → 200 (5.73ms)
2026-03-17 12:32:51 | INFO     | smartbot.api | GET /admin/sessions → 200 (18.84ms)
2026-03-17 12:32:51 | INFO     | smartbot.api | GET /admin/sessions → 200 (18.84ms)
2026-03-17 12:32:51 | INFO     | smartbot.api | GET /admin/stats → 200 (16.6ms)
2026-03-17 12:32:51 | INFO     | smartbot.api | GET /admin/stats → 200 (16.6ms)
2026-03-17 12:32:51 | INFO     | smartbot.api | GET /admin/stats → 200 (2.62ms)
2026-03-17 12:32:51 | INFO     | smartbot.api | GET /admin/stats → 200 (2.62ms)
2026-03-17 12:32:51 | INFO     | smartbot.api | GET /admin/stats → 200 (2.51ms)
2026-03-17 12:32:51 | INFO     | smartbot.api | GET /admin/stats → 200 (2.51ms)
2026-03-17 12:32:51 | INFO     | smartbot.api | GET /admin/sessions → 200 (13.74ms)
2026-03-17 12:32:51 | INFO     | smartbot.api | GET /admin/sessions → 200 (13.74ms)
2026-03-17 12:32:51 | INFO     | smartbot.api | GET /admin/sessions → 200 (10.52ms)
2026-03-17 12:32:51 | INFO     | smartbot.api | GET /admin/sessions → 200 (10.52ms)
2026-03-17 12:34:51 | INFO     | smartbot.api | ==================================================
2026-03-17 12:34:51 | INFO     | smartbot.api | ==================================================
2026-03-17 12:34:51 | INFO     | smartbot.api | SmartBot V2 starting up — env: development
2026-03-17 12:34:51 | INFO     | smartbot.api | SmartBot V2 starting up — env: development
2026-03-17 12:34:51 | INFO     | smartbot.api | Vectorstore already has 71 chunks — skipping re-ingestion.
2026-03-17 12:34:51 | INFO     | smartbot.api | Vectorstore already has 71 chunks — skipping re-ingestion.
2026-03-17 12:34:51 | INFO     | smartbot.api | SmartBot V2 startup complete.
2026-03-17 12:34:51 | INFO     | smartbot.api | SmartBot V2 startup complete.
2026-03-17 12:35:02 | INFO     | smartbot.api | OPTIONS /sessions → 200 (1.83ms)
2026-03-17 12:35:02 | INFO     | smartbot.api | OPTIONS /sessions → 200 (1.83ms)
2026-03-17 12:35:02 | INFO     | smartbot.api | OPTIONS /sessions → 200 (2.23ms)
2026-03-17 12:35:02 | INFO     | smartbot.api | OPTIONS /sessions → 200 (2.23ms)
2026-03-17 12:35:02 | INFO     | smartbot.api | POST /sessions → 200 (27.94ms)
2026-03-17 12:35:02 | INFO     | smartbot.api | POST /sessions → 200 (27.94ms)
2026-03-17 12:35:02 | INFO     | smartbot.api | POST /sessions → 200 (28.13ms)
2026-03-17 12:35:02 | INFO     | smartbot.api | POST /sessions → 200 (28.13ms)
2026-03-17 12:35:27 | INFO     | smartbot.api | POST /admin/login → 200 (244.16ms)
2026-03-17 12:35:27 | INFO     | smartbot.api | POST /admin/login → 200 (244.16ms)
2026-03-17 12:35:27 | INFO     | smartbot.api | GET /admin/stats → 200 (6.72ms)
2026-03-17 12:35:27 | INFO     | smartbot.api | GET /admin/stats → 200 (6.72ms)
2026-03-17 12:35:27 | WARNING  | smartbot.api | GET /admin/logs → 404 (0.57ms)
2026-03-17 12:35:27 | WARNING  | smartbot.api | GET /admin/logs → 404 (0.57ms)
2026-03-17 12:35:27 | INFO     | smartbot.api | GET /admin/stats → 200 (4.68ms)
2026-03-17 12:35:27 | INFO     | smartbot.api | GET /admin/stats → 200 (4.68ms)
2026-03-17 12:35:27 | WARNING  | smartbot.api | GET /admin/logs → 404 (0.59ms)
2026-03-17 12:35:27 | WARNING  | smartbot.api | GET /admin/logs → 404 (0.59ms)
2026-03-17 12:35:27 | INFO     | smartbot.api | GET /admin/stats → 200 (9.27ms)
2026-03-17 12:35:27 | INFO     | smartbot.api | GET /admin/stats → 200 (9.27ms)
2026-03-17 12:35:28 | INFO     | smartbot.api | GET /admin/files → 200 (13.25ms)
2026-03-17 12:35:28 | INFO     | smartbot.api | GET /admin/files → 200 (13.25ms)
2026-03-17 12:35:28 | INFO     | smartbot.api | GET /admin/files → 200 (1.97ms)
2026-03-17 12:35:28 | INFO     | smartbot.api | GET /admin/files → 200 (1.97ms)
2026-03-17 12:35:28 | INFO     | smartbot.api | GET /admin/sessions → 200 (17.09ms)
2026-03-17 12:35:28 | INFO     | smartbot.api | GET /admin/sessions → 200 (17.09ms)
2026-03-17 12:35:28 | INFO     | smartbot.api | GET /admin/stats → 200 (6.0ms)
2026-03-17 12:35:28 | INFO     | smartbot.api | GET /admin/stats → 200 (6.0ms)
2026-03-17 12:35:28 | INFO     | smartbot.api | GET /admin/sessions → 200 (23.74ms)
2026-03-17 12:35:28 | INFO     | smartbot.api | GET /admin/sessions → 200 (23.74ms)
2026-03-17 12:35:29 | INFO     | smartbot.api | POST /admin/login → 200 (220.97ms)
2026-03-17 12:35:29 | INFO     | smartbot.api | POST /admin/login → 200 (220.97ms)
2026-03-17 12:35:29 | INFO     | smartbot.api | GET /admin/stats → 200 (2.4ms)
2026-03-17 12:35:29 | INFO     | smartbot.api | GET /admin/stats → 200 (2.4ms)
2026-03-17 12:35:29 | WARNING  | smartbot.api | GET /admin/logs → 404 (0.46ms)
2026-03-17 12:35:29 | WARNING  | smartbot.api | GET /admin/logs → 404 (0.46ms)
2026-03-17 12:35:29 | WARNING  | smartbot.api | GET /admin/logs → 404 (0.97ms)
2026-03-17 12:35:29 | WARNING  | smartbot.api | GET /admin/logs → 404 (0.97ms)
2026-03-17 12:35:29 | INFO     | smartbot.api | GET /admin/stats → 200 (8.01ms)
2026-03-17 12:35:29 | INFO     | smartbot.api | GET /admin/stats → 200 (8.01ms)
2026-03-17 12:35:29 | INFO     | smartbot.api | GET /admin/files → 200 (5.2ms)
2026-03-17 12:35:29 | INFO     | smartbot.api | GET /admin/files → 200 (5.2ms)
2026-03-17 12:35:29 | INFO     | smartbot.api | GET /admin/files → 200 (2.22ms)
2026-03-17 12:35:29 | INFO     | smartbot.api | GET /admin/files → 200 (2.22ms)
2026-03-17 12:35:29 | INFO     | smartbot.api | GET /admin/stats → 200 (5.04ms)
2026-03-17 12:35:29 | INFO     | smartbot.api | GET /admin/stats → 200 (5.04ms)
2026-03-17 12:35:29 | INFO     | smartbot.api | GET /admin/stats → 200 (2.54ms)
2026-03-17 12:35:29 | INFO     | smartbot.api | GET /admin/stats → 200 (2.54ms)
2026-03-17 12:35:29 | INFO     | smartbot.api | GET /admin/sessions → 200 (18.0ms)
2026-03-17 12:35:29 | INFO     | smartbot.api | GET /admin/sessions → 200 (18.0ms)
2026-03-17 12:35:29 | INFO     | smartbot.api | GET /admin/sessions → 200 (13.62ms)
2026-03-17 12:35:29 | INFO     | smartbot.api | GET /admin/sessions → 200 (13.62ms)
2026-03-17 12:35:34 | INFO     | smartbot.api | POST /admin/login → 200 (218.81ms)
2026-03-17 12:35:34 | INFO     | smartbot.api | POST /admin/login → 200 (218.81ms)
2026-03-17 12:35:34 | INFO     | smartbot.api | GET /admin/stats → 200 (2.71ms)
2026-03-17 12:35:34 | INFO     | smartbot.api | GET /admin/stats → 200 (2.71ms)
2026-03-17 12:35:34 | INFO     | smartbot.api | GET /admin/stats → 200 (2.19ms)
2026-03-17 12:35:34 | INFO     | smartbot.api | GET /admin/stats → 200 (2.19ms)
2026-03-17 12:35:34 | WARNING  | smartbot.api | GET /admin/logs → 404 (0.32ms)
2026-03-17 12:35:34 | WARNING  | smartbot.api | GET /admin/logs → 404 (0.32ms)
2026-03-17 12:35:34 | WARNING  | smartbot.api | GET /admin/logs → 404 (1.31ms)
2026-03-17 12:35:34 | WARNING  | smartbot.api | GET /admin/logs → 404 (1.31ms)
2026-03-17 12:35:34 | INFO     | smartbot.api | GET /admin/files → 200 (5.04ms)
2026-03-17 12:35:34 | INFO     | smartbot.api | GET /admin/files → 200 (5.04ms)
2026-03-17 12:35:34 | INFO     | smartbot.api | GET /admin/stats → 200 (7.14ms)
2026-03-17 12:35:34 | INFO     | smartbot.api | GET /admin/stats → 200 (7.14ms)
2026-03-17 12:35:34 | INFO     | smartbot.api | GET /admin/files → 200 (3.32ms)
2026-03-17 12:35:34 | INFO     | smartbot.api | GET /admin/files → 200 (3.32ms)
2026-03-17 12:35:34 | INFO     | smartbot.api | GET /admin/stats → 200 (3.69ms)
2026-03-17 12:35:34 | INFO     | smartbot.api | GET /admin/stats → 200 (3.69ms)
2026-03-17 12:35:34 | INFO     | smartbot.api | GET /admin/sessions → 200 (17.21ms)
2026-03-17 12:35:34 | INFO     | smartbot.api | GET /admin/sessions → 200 (17.21ms)
2026-03-17 12:35:34 | INFO     | smartbot.api | GET /admin/sessions → 200 (13.21ms)
2026-03-17 12:35:34 | INFO     | smartbot.api | GET /admin/sessions → 200 (13.21ms)
2026-03-17 12:35:35 | INFO     | smartbot.api | POST /admin/login → 200 (221.0ms)
2026-03-17 12:35:35 | INFO     | smartbot.api | POST /admin/login → 200 (221.0ms)
2026-03-17 12:35:35 | INFO     | smartbot.api | GET /admin/stats → 200 (2.35ms)
2026-03-17 12:35:35 | INFO     | smartbot.api | GET /admin/stats → 200 (2.35ms)
2026-03-17 12:35:35 | WARNING  | smartbot.api | GET /admin/logs → 404 (0.13ms)
2026-03-17 12:35:35 | WARNING  | smartbot.api | GET /admin/logs → 404 (0.13ms)
2026-03-17 12:35:35 | WARNING  | smartbot.api | GET /admin/logs → 404 (0.8ms)
2026-03-17 12:35:35 | WARNING  | smartbot.api | GET /admin/logs → 404 (0.8ms)
2026-03-17 12:35:35 | INFO     | smartbot.api | GET /admin/stats → 200 (8.11ms)
2026-03-17 12:35:35 | INFO     | smartbot.api | GET /admin/stats → 200 (8.11ms)
2026-03-17 12:35:35 | INFO     | smartbot.api | GET /admin/files → 200 (5.67ms)
2026-03-17 12:35:35 | INFO     | smartbot.api | GET /admin/files → 200 (5.67ms)
2026-03-17 12:35:35 | INFO     | smartbot.api | GET /admin/files → 200 (2.82ms)
2026-03-17 12:35:35 | INFO     | smartbot.api | GET /admin/files → 200 (2.82ms)
2026-03-17 12:35:35 | INFO     | smartbot.api | GET /admin/stats → 200 (5.65ms)
2026-03-17 12:35:35 | INFO     | smartbot.api | GET /admin/stats → 200 (5.65ms)
2026-03-17 12:35:35 | INFO     | smartbot.api | GET /admin/stats → 200 (2.53ms)
2026-03-17 12:35:35 | INFO     | smartbot.api | GET /admin/stats → 200 (2.53ms)
2026-03-17 12:35:35 | INFO     | smartbot.api | GET /admin/sessions → 200 (19.85ms)
2026-03-17 12:35:35 | INFO     | smartbot.api | GET /admin/sessions → 200 (19.85ms)
2026-03-17 12:35:35 | INFO     | smartbot.api | GET /admin/sessions → 200 (11.23ms)
2026-03-17 12:35:35 | INFO     | smartbot.api | GET /admin/sessions → 200 (11.23ms)
2026-03-17 12:36:00 | INFO     | smartbot.api | POST /sessions → 200 (9.82ms)
2026-03-17 12:36:00 | INFO     | smartbot.api | POST /sessions → 200 (9.82ms)
2026-03-17 12:36:00 | INFO     | smartbot.api | POST /sessions → 200 (9.78ms)
2026-03-17 12:36:00 | INFO     | smartbot.api | POST /sessions → 200 (9.78ms)
2026-03-17 12:36:55 | INFO     | smartbot.api | POST /sessions → 200 (7.41ms)
2026-03-17 12:36:55 | INFO     | smartbot.api | POST /sessions → 200 (7.41ms)
2026-03-17 12:36:55 | INFO     | smartbot.api | POST /sessions → 200 (7.49ms)
2026-03-17 12:36:55 | INFO     | smartbot.api | POST /sessions → 200 (7.49ms)
2026-03-17 12:39:37 | INFO     | smartbot.api | POST /sessions → 200 (886.71ms)
2026-03-17 12:39:37 | INFO     | smartbot.api | POST /sessions → 200 (886.71ms)
2026-03-17 12:39:37 | INFO     | smartbot.api | POST /sessions → 200 (887.21ms)
2026-03-17 12:39:37 | INFO     | smartbot.api | POST /sessions → 200 (887.21ms)
2026-03-17 12:58:20 | INFO     | smartbot.api | POST /admin/login → 200 (263.11ms)
2026-03-17 12:58:20 | INFO     | smartbot.api | POST /admin/login → 200 (263.11ms)
2026-03-17 12:58:20 | INFO     | smartbot.api | GET /admin/stats → 200 (9.4ms)
2026-03-17 12:58:20 | INFO     | smartbot.api | GET /admin/stats → 200 (9.4ms)
2026-03-17 12:58:20 | INFO     | smartbot.api | GET /admin/stats → 200 (2.75ms)
2026-03-17 12:58:20 | INFO     | smartbot.api | GET /admin/stats → 200 (2.75ms)
2026-03-17 12:58:20 | WARNING  | smartbot.api | GET /admin/logs → 404 (0.65ms)
2026-03-17 12:58:20 | WARNING  | smartbot.api | GET /admin/logs → 404 (0.65ms)
2026-03-17 12:58:20 | WARNING  | smartbot.api | GET /admin/logs → 404 (0.67ms)
2026-03-17 12:58:20 | WARNING  | smartbot.api | GET /admin/logs → 404 (0.67ms)
2026-03-17 12:58:20 | INFO     | smartbot.api | GET /admin/files → 200 (2.85ms)
2026-03-17 12:58:20 | INFO     | smartbot.api | GET /admin/files → 200 (2.85ms)
2026-03-17 12:58:21 | INFO     | smartbot.api | GET /admin/stats → 200 (4.25ms)
2026-03-17 12:58:21 | INFO     | smartbot.api | GET /admin/stats → 200 (4.25ms)
2026-03-17 12:58:21 | INFO     | smartbot.api | GET /admin/files → 200 (1.48ms)
2026-03-17 12:58:21 | INFO     | smartbot.api | GET /admin/files → 200 (1.48ms)
2026-03-17 12:58:21 | INFO     | smartbot.api | GET /admin/stats → 200 (1.96ms)
2026-03-17 12:58:21 | INFO     | smartbot.api | GET /admin/stats → 200 (1.96ms)
2026-03-17 12:58:21 | INFO     | smartbot.api | GET /admin/sessions → 200 (25.57ms)
2026-03-17 12:58:21 | INFO     | smartbot.api | GET /admin/sessions → 200 (25.57ms)
2026-03-17 12:58:21 | INFO     | smartbot.api | GET /admin/sessions → 200 (12.31ms)
2026-03-17 12:58:21 | INFO     | smartbot.api | GET /admin/sessions → 200 (12.31ms)
2026-03-17 12:58:34 | INFO     | smartbot.api | POST /admin/login → 200 (224.15ms)
2026-03-17 12:58:34 | INFO     | smartbot.api | POST /admin/login → 200 (224.15ms)
2026-03-17 12:58:34 | INFO     | smartbot.api | GET /admin/stats → 200 (2.59ms)
2026-03-17 12:58:34 | INFO     | smartbot.api | GET /admin/stats → 200 (2.59ms)
2026-03-17 12:58:34 | INFO     | smartbot.api | GET /admin/stats → 200 (2.93ms)
2026-03-17 12:58:34 | INFO     | smartbot.api | GET /admin/stats → 200 (2.93ms)
2026-03-17 12:58:34 | WARNING  | smartbot.api | GET /admin/logs → 404 (0.49ms)
2026-03-17 12:58:34 | WARNING  | smartbot.api | GET /admin/logs → 404 (0.49ms)
2026-03-17 12:58:34 | WARNING  | smartbot.api | GET /admin/logs → 404 (1.67ms)
2026-03-17 12:58:34 | WARNING  | smartbot.api | GET /admin/logs → 404 (1.67ms)
2026-03-17 12:58:34 | INFO     | smartbot.api | GET /admin/files → 200 (4.56ms)
2026-03-17 12:58:34 | INFO     | smartbot.api | GET /admin/files → 200 (4.56ms)
2026-03-17 12:58:34 | INFO     | smartbot.api | GET /admin/stats → 200 (6.42ms)
2026-03-17 12:58:34 | INFO     | smartbot.api | GET /admin/stats → 200 (6.42ms)
2026-03-17 12:58:34 | INFO     | smartbot.api | GET /admin/files → 200 (4.49ms)
2026-03-17 12:58:34 | INFO     | smartbot.api | GET /admin/files → 200 (4.49ms)
2026-03-17 12:58:34 | INFO     | smartbot.api | GET /admin/stats → 200 (4.16ms)
2026-03-17 12:58:34 | INFO     | smartbot.api | GET /admin/stats → 200 (4.16ms)
2026-03-17 12:58:34 | INFO     | smartbot.api | GET /admin/sessions → 200 (16.89ms)
2026-03-17 12:58:34 | INFO     | smartbot.api | GET /admin/sessions → 200 (16.89ms)
2026-03-17 12:58:34 | INFO     | smartbot.api | GET /admin/sessions → 200 (9.99ms)
2026-03-17 12:58:34 | INFO     | smartbot.api | GET /admin/sessions → 200 (9.99ms)
2026-03-17 13:07:42 | INFO     | smartbot.api | ==================================================
2026-03-17 13:07:42 | INFO     | smartbot.api | ==================================================
2026-03-17 13:07:42 | INFO     | smartbot.api | SmartBot V2 starting up — env: development
2026-03-17 13:07:42 | INFO     | smartbot.api | SmartBot V2 starting up — env: development
2026-03-17 13:07:42 | INFO     | smartbot.api | Vectorstore already has 71 chunks — skipping re-ingestion.
2026-03-17 13:07:42 | INFO     | smartbot.api | Vectorstore already has 71 chunks — skipping re-ingestion.
2026-03-17 13:07:42 | INFO     | smartbot.api | SmartBot V2 startup complete.
2026-03-17 13:07:42 | INFO     | smartbot.api | SmartBot V2 startup complete.
2026-03-17 13:07:56 | INFO     | smartbot.api | ==================================================
2026-03-17 13:07:56 | INFO     | smartbot.api | ==================================================
2026-03-17 13:07:56 | INFO     | smartbot.api | SmartBot V2 starting up — env: development
2026-03-17 13:07:56 | INFO     | smartbot.api | SmartBot V2 starting up — env: development
2026-03-17 13:07:56 | INFO     | smartbot.api | Vectorstore already has 71 chunks — skipping re-ingestion.
2026-03-17 13:07:56 | INFO     | smartbot.api | Vectorstore already has 71 chunks — skipping re-ingestion.
2026-03-17 13:07:56 | INFO     | smartbot.api | SmartBot V2 startup complete.
2026-03-17 13:07:56 | INFO     | smartbot.api | SmartBot V2 startup complete.
2026-03-17 13:08:06 | INFO     | smartbot.api | OPTIONS /sessions → 200 (0.44ms)
2026-03-17 13:08:06 | INFO     | smartbot.api | OPTIONS /sessions → 200 (0.44ms)
2026-03-17 13:08:06 | INFO     | smartbot.api | OPTIONS /sessions → 200 (0.84ms)
2026-03-17 13:08:06 | INFO     | smartbot.api | OPTIONS /sessions → 200 (0.84ms)
2026-03-17 13:08:06 | INFO     | smartbot.api | POST /sessions → 200 (14.45ms)
2026-03-17 13:08:06 | INFO     | smartbot.api | POST /sessions → 200 (14.45ms)
2026-03-17 13:08:06 | INFO     | smartbot.api | POST /sessions → 200 (16.68ms)
2026-03-17 13:08:06 | INFO     | smartbot.api | POST /sessions → 200 (16.68ms)
2026-03-17 13:08:09 | INFO     | smartbot.api | POST /admin/login → 200 (241.41ms)
2026-03-17 13:08:09 | INFO     | smartbot.api | POST /admin/login → 200 (241.41ms)
2026-03-17 13:08:09 | INFO     | smartbot.api | OPTIONS /admin/stats → 200 (0.14ms)
2026-03-17 13:08:09 | INFO     | smartbot.api | OPTIONS /admin/stats → 200 (0.14ms)
2026-03-17 13:08:09 | INFO     | smartbot.api | OPTIONS /admin/stats → 200 (0.38ms)
2026-03-17 13:08:09 | INFO     | smartbot.api | OPTIONS /admin/stats → 200 (0.38ms)
2026-03-17 13:08:09 | INFO     | smartbot.api | GET /admin/stats → 200 (6.63ms)
2026-03-17 13:08:09 | INFO     | smartbot.api | GET /admin/stats → 200 (6.63ms)
2026-03-17 13:08:09 | INFO     | smartbot.api | OPTIONS /admin/sessions → 200 (0.2ms)
2026-03-17 13:08:09 | INFO     | smartbot.api | OPTIONS /admin/sessions → 200 (0.2ms)
2026-03-17 13:08:09 | INFO     | smartbot.api | OPTIONS /admin/logs → 200 (0.76ms)
2026-03-17 13:08:09 | INFO     | smartbot.api | OPTIONS /admin/logs → 200 (0.76ms)
2026-03-17 13:08:09 | INFO     | smartbot.api | OPTIONS /admin/files → 200 (0.38ms)
2026-03-17 13:08:09 | INFO     | smartbot.api | OPTIONS /admin/files → 200 (0.38ms)
2026-03-17 13:08:09 | INFO     | smartbot.api | OPTIONS /admin/sessions → 200 (0.56ms)
2026-03-17 13:08:09 | INFO     | smartbot.api | OPTIONS /admin/sessions → 200 (0.56ms)
2026-03-17 13:08:09 | INFO     | smartbot.api | OPTIONS /admin/logs → 200 (0.7ms)
2026-03-17 13:08:09 | INFO     | smartbot.api | OPTIONS /admin/logs → 200 (0.7ms)
2026-03-17 13:08:09 | INFO     | smartbot.api | OPTIONS /admin/files → 200 (0.62ms)
2026-03-17 13:08:09 | INFO     | smartbot.api | OPTIONS /admin/files → 200 (0.62ms)
2026-03-17 13:08:09 | INFO     | smartbot.api | GET /admin/stats → 200 (4.65ms)
2026-03-17 13:08:09 | INFO     | smartbot.api | GET /admin/stats → 200 (4.65ms)
2026-03-17 13:08:09 | WARNING  | smartbot.api | GET /admin/logs → 404 (0.55ms)
2026-03-17 13:08:09 | WARNING  | smartbot.api | GET /admin/logs → 404 (0.55ms)
2026-03-17 13:08:09 | WARNING  | smartbot.api | GET /admin/logs → 404 (1.03ms)
2026-03-17 13:08:09 | WARNING  | smartbot.api | GET /admin/logs → 404 (1.03ms)
2026-03-17 13:08:09 | INFO     | smartbot.api | GET /admin/files → 200 (3.49ms)
2026-03-17 13:08:09 | INFO     | smartbot.api | GET /admin/files → 200 (3.49ms)
2026-03-17 13:08:09 | INFO     | smartbot.api | GET /admin/files → 200 (1.63ms)
2026-03-17 13:08:09 | INFO     | smartbot.api | GET /admin/files → 200 (1.63ms)
2026-03-17 13:08:09 | INFO     | smartbot.api | GET /admin/stats → 200 (9.72ms)
2026-03-17 13:08:09 | INFO     | smartbot.api | GET /admin/stats → 200 (9.72ms)
2026-03-17 13:08:09 | INFO     | smartbot.api | GET /admin/stats → 200 (2.9ms)
2026-03-17 13:08:09 | INFO     | smartbot.api | GET /admin/stats → 200 (2.9ms)
2026-03-17 13:08:09 | INFO     | smartbot.api | GET /admin/sessions → 200 (16.96ms)
2026-03-17 13:08:09 | INFO     | smartbot.api | GET /admin/sessions → 200 (16.96ms)
2026-03-17 13:08:09 | INFO     | smartbot.api | GET /admin/sessions → 200 (10.38ms)
2026-03-17 13:08:09 | INFO     | smartbot.api | GET /admin/sessions → 200 (10.38ms)
2026-03-17 13:08:33 | INFO     | smartbot.api | POST /admin/login → 200 (220.96ms)
2026-03-17 13:08:33 | INFO     | smartbot.api | POST /admin/login → 200 (220.96ms)
2026-03-17 13:08:33 | INFO     | smartbot.api | GET /admin/stats → 200 (2.65ms)
2026-03-17 13:08:33 | INFO     | smartbot.api | GET /admin/stats → 200 (2.65ms)
2026-03-17 13:08:33 | INFO     | smartbot.api | GET /admin/stats → 200 (2.28ms)
2026-03-17 13:08:33 | INFO     | smartbot.api | GET /admin/stats → 200 (2.28ms)
2026-03-17 13:08:33 | WARNING  | smartbot.api | GET /admin/logs → 404 (0.18ms)
2026-03-17 13:08:33 | WARNING  | smartbot.api | GET /admin/logs → 404 (0.18ms)
2026-03-17 13:08:33 | WARNING  | smartbot.api | GET /admin/logs → 404 (1.63ms)
2026-03-17 13:08:33 | WARNING  | smartbot.api | GET /admin/logs → 404 (1.63ms)
2026-03-17 13:08:33 | INFO     | smartbot.api | GET /admin/files → 200 (5.33ms)
2026-03-17 13:08:33 | INFO     | smartbot.api | GET /admin/files → 200 (5.33ms)
2026-03-17 13:08:33 | INFO     | smartbot.api | GET /admin/files → 200 (3.13ms)
2026-03-17 13:08:33 | INFO     | smartbot.api | GET /admin/files → 200 (3.13ms)
2026-03-17 13:08:33 | INFO     | smartbot.api | GET /admin/stats → 200 (12.11ms)
2026-03-17 13:08:33 | INFO     | smartbot.api | GET /admin/stats → 200 (12.11ms)
2026-03-17 13:08:33 | INFO     | smartbot.api | GET /admin/stats → 200 (2.61ms)
2026-03-17 13:08:33 | INFO     | smartbot.api | GET /admin/stats → 200 (2.61ms)
2026-03-17 13:08:33 | INFO     | smartbot.api | GET /admin/sessions → 200 (17.25ms)
2026-03-17 13:08:33 | INFO     | smartbot.api | GET /admin/sessions → 200 (17.25ms)
2026-03-17 13:08:33 | INFO     | smartbot.api | GET /admin/sessions → 200 (11.55ms)
2026-03-17 13:08:33 | INFO     | smartbot.api | GET /admin/sessions → 200 (11.55ms)
2026-03-17 13:13:21 | INFO     | smartbot.api | ==================================================
2026-03-17 13:13:21 | INFO     | smartbot.api | ==================================================
2026-03-17 13:13:21 | INFO     | smartbot.api | SmartBot V2 starting up — env: development
2026-03-17 13:13:21 | INFO     | smartbot.api | SmartBot V2 starting up — env: development
2026-03-17 13:13:22 | INFO     | smartbot.api | Vectorstore already has 71 chunks — skipping re-ingestion.
2026-03-17 13:13:22 | INFO     | smartbot.api | Vectorstore already has 71 chunks — skipping re-ingestion.
2026-03-17 13:13:22 | INFO     | smartbot.api | SmartBot V2 startup complete.
2026-03-17 13:13:22 | INFO     | smartbot.api | SmartBot V2 startup complete.
2026-03-17 13:13:29 | INFO     | smartbot.api | POST /sessions → 200 (13.63ms)
2026-03-17 13:13:29 | INFO     | smartbot.api | POST /sessions → 200 (13.63ms)
2026-03-17 13:13:29 | INFO     | smartbot.api | POST /sessions → 200 (14.83ms)
2026-03-17 13:13:29 | INFO     | smartbot.api | POST /sessions → 200 (14.83ms)
2026-03-17 13:13:32 | INFO     | smartbot.api | POST /admin/login → 200 (242.1ms)
2026-03-17 13:13:32 | INFO     | smartbot.api | POST /admin/login → 200 (242.1ms)
2026-03-17 13:13:32 | INFO     | smartbot.api | GET /admin/stats → 200 (6.53ms)
2026-03-17 13:13:32 | INFO     | smartbot.api | GET /admin/stats → 200 (6.53ms)
2026-03-17 13:13:32 | INFO     | smartbot.api | OPTIONS /admin/chatlogs → 200 (0.56ms)
2026-03-17 13:13:32 | INFO     | smartbot.api | OPTIONS /admin/chatlogs → 200 (0.56ms)
2026-03-17 13:13:32 | INFO     | smartbot.api | OPTIONS /admin/chatlogs → 200 (0.68ms)
2026-03-17 13:13:32 | INFO     | smartbot.api | OPTIONS /admin/chatlogs → 200 (0.68ms)
2026-03-17 13:13:32 | INFO     | smartbot.api | GET /admin/stats → 200 (5.5ms)
2026-03-17 13:13:32 | INFO     | smartbot.api | GET /admin/stats → 200 (5.5ms)
2026-03-17 13:13:32 | INFO     | smartbot.api | GET /admin/files → 200 (4.37ms)
2026-03-17 13:13:32 | INFO     | smartbot.api | GET /admin/files → 200 (4.37ms)
2026-03-17 13:13:32 | INFO     | smartbot.api | GET /admin/files → 200 (2.07ms)
2026-03-17 13:13:32 | INFO     | smartbot.api | GET /admin/files → 200 (2.07ms)
2026-03-17 13:13:32 | INFO     | smartbot.api | GET /admin/chatlogs → 200 (9.33ms)
2026-03-17 13:13:32 | INFO     | smartbot.api | GET /admin/chatlogs → 200 (9.33ms)
2026-03-17 13:13:32 | INFO     | smartbot.api | GET /admin/stats → 200 (9.65ms)
2026-03-17 13:13:32 | INFO     | smartbot.api | GET /admin/stats → 200 (9.65ms)
2026-03-17 13:13:32 | INFO     | smartbot.api | GET /admin/chatlogs → 200 (3.87ms)
2026-03-17 13:13:32 | INFO     | smartbot.api | GET /admin/chatlogs → 200 (3.87ms)
2026-03-17 13:13:32 | INFO     | smartbot.api | GET /admin/stats → 200 (4.47ms)
2026-03-17 13:13:32 | INFO     | smartbot.api | GET /admin/stats → 200 (4.47ms)
2026-03-17 13:13:32 | INFO     | smartbot.api | GET /admin/sessions → 200 (22.68ms)
2026-03-17 13:13:32 | INFO     | smartbot.api | GET /admin/sessions → 200 (22.68ms)
2026-03-17 13:13:32 | INFO     | smartbot.api | GET /admin/sessions → 200 (10.57ms)
2026-03-17 13:13:32 | INFO     | smartbot.api | GET /admin/sessions → 200 (10.57ms)
2026-03-17 13:31:07 | INFO     | smartbot.api | ==================================================
2026-03-17 13:31:07 | INFO     | smartbot.api | ==================================================
2026-03-17 13:31:07 | INFO     | smartbot.api | SmartBot V2 starting up — env: development
2026-03-17 13:31:07 | INFO     | smartbot.api | SmartBot V2 starting up — env: development
2026-03-17 13:31:08 | INFO     | smartbot.api | Vectorstore already has 71 chunks — skipping re-ingestion.
2026-03-17 13:31:08 | INFO     | smartbot.api | Vectorstore already has 71 chunks — skipping re-ingestion.
2026-03-17 13:31:08 | INFO     | smartbot.api | SmartBot V2 startup complete.
2026-03-17 13:31:08 | INFO     | smartbot.api | SmartBot V2 startup complete.
2026-03-17 13:31:08 | INFO     | smartbot.api | ==================================================
2026-03-17 13:31:08 | INFO     | smartbot.api | ==================================================
2026-03-17 13:31:08 | INFO     | smartbot.api | SmartBot V2 starting up — env: development
2026-03-17 13:31:08 | INFO     | smartbot.api | SmartBot V2 starting up — env: development
2026-03-17 13:31:09 | INFO     | smartbot.api | Vectorstore already has 71 chunks — skipping re-ingestion.
2026-03-17 13:31:09 | INFO     | smartbot.api | Vectorstore already has 71 chunks — skipping re-ingestion.
2026-03-17 13:31:09 | INFO     | smartbot.api | SmartBot V2 startup complete.
2026-03-17 13:31:09 | INFO     | smartbot.api | SmartBot V2 startup complete.
2026-03-17 13:31:26 | INFO     | smartbot.api | ==================================================
2026-03-17 13:31:26 | INFO     | smartbot.api | ==================================================
2026-03-17 13:31:26 | INFO     | smartbot.api | SmartBot V2 starting up — env: development
2026-03-17 13:31:26 | INFO     | smartbot.api | SmartBot V2 starting up — env: development
2026-03-17 13:31:26 | INFO     | smartbot.api | Vectorstore already has 71 chunks — skipping re-ingestion.
2026-03-17 13:31:26 | INFO     | smartbot.api | Vectorstore already has 71 chunks — skipping re-ingestion.
2026-03-17 13:31:26 | INFO     | smartbot.api | SmartBot V2 startup complete.
2026-03-17 13:31:26 | INFO     | smartbot.api | SmartBot V2 startup complete.
2026-03-17 13:31:27 | INFO     | smartbot.api | ==================================================
2026-03-17 13:31:27 | INFO     | smartbot.api | ==================================================
2026-03-17 13:31:27 | INFO     | smartbot.api | SmartBot V2 starting up — env: development
2026-03-17 13:31:27 | INFO     | smartbot.api | SmartBot V2 starting up — env: development
2026-03-17 13:31:27 | INFO     | smartbot.api | Vectorstore already has 71 chunks — skipping re-ingestion.
2026-03-17 13:31:27 | INFO     | smartbot.api | Vectorstore already has 71 chunks — skipping re-ingestion.
2026-03-17 13:31:27 | INFO     | smartbot.api | SmartBot V2 startup complete.
2026-03-17 13:31:27 | INFO     | smartbot.api | SmartBot V2 startup complete.
2026-03-17 13:31:41 | INFO     | smartbot.api | ==================================================
2026-03-17 13:31:41 | INFO     | smartbot.api | ==================================================
2026-03-17 13:31:41 | INFO     | smartbot.api | SmartBot V2 starting up — env: development
2026-03-17 13:31:41 | INFO     | smartbot.api | SmartBot V2 starting up — env: development
2026-03-17 13:31:42 | INFO     | smartbot.api | Vectorstore already has 71 chunks — skipping re-ingestion.
2026-03-17 13:31:42 | INFO     | smartbot.api | Vectorstore already has 71 chunks — skipping re-ingestion.
2026-03-17 13:31:42 | INFO     | smartbot.api | SmartBot V2 startup complete.
2026-03-17 13:31:42 | INFO     | smartbot.api | SmartBot V2 startup complete.
2026-03-17 13:31:42 | INFO     | smartbot.api | ==================================================
2026-03-17 13:31:42 | INFO     | smartbot.api | ==================================================
2026-03-17 13:31:42 | INFO     | smartbot.api | SmartBot V2 starting up — env: development
2026-03-17 13:31:42 | INFO     | smartbot.api | SmartBot V2 starting up — env: development
2026-03-17 13:31:43 | INFO     | smartbot.api | Vectorstore already has 71 chunks — skipping re-ingestion.
2026-03-17 13:31:43 | INFO     | smartbot.api | Vectorstore already has 71 chunks — skipping re-ingestion.
2026-03-17 13:31:43 | INFO     | smartbot.api | SmartBot V2 startup complete.
2026-03-17 13:31:43 | INFO     | smartbot.api | SmartBot V2 startup complete.
2026-03-17 13:32:17 | INFO     | smartbot.api | ==================================================
2026-03-17 13:32:17 | INFO     | smartbot.api | ==================================================
2026-03-17 13:32:17 | INFO     | smartbot.api | SmartBot V2 starting up — env: development
2026-03-17 13:32:17 | INFO     | smartbot.api | SmartBot V2 starting up — env: development
2026-03-17 13:32:17 | INFO     | smartbot.api | Vectorstore already has 71 chunks — skipping re-ingestion.
2026-03-17 13:32:17 | INFO     | smartbot.api | Vectorstore already has 71 chunks — skipping re-ingestion.
2026-03-17 13:32:17 | INFO     | smartbot.api | SmartBot V2 startup complete.
2026-03-17 13:32:17 | INFO     | smartbot.api | SmartBot V2 startup complete.
2026-03-17 13:32:18 | INFO     | smartbot.api | ==================================================
2026-03-17 13:32:18 | INFO     | smartbot.api | ==================================================
2026-03-17 13:32:18 | INFO     | smartbot.api | SmartBot V2 starting up — env: development
2026-03-17 13:32:18 | INFO     | smartbot.api | SmartBot V2 starting up — env: development
2026-03-17 13:32:18 | INFO     | smartbot.api | Vectorstore already has 71 chunks — skipping re-ingestion.
2026-03-17 13:32:18 | INFO     | smartbot.api | Vectorstore already has 71 chunks — skipping re-ingestion.
2026-03-17 13:32:18 | INFO     | smartbot.api | SmartBot V2 startup complete.
2026-03-17 13:32:18 | INFO     | smartbot.api | SmartBot V2 startup complete.
2026-03-17 13:37:32 | INFO     | smartbot.api | ==================================================
2026-03-17 13:37:32 | INFO     | smartbot.api | ==================================================
2026-03-17 13:37:32 | INFO     | smartbot.api | SmartBot V2 starting up — env: development
2026-03-17 13:37:32 | INFO     | smartbot.api | SmartBot V2 starting up — env: development
2026-03-17 13:37:32 | INFO     | smartbot.api | Vectorstore already has 71 chunks — skipping re-ingestion.
2026-03-17 13:37:32 | INFO     | smartbot.api | Vectorstore already has 71 chunks — skipping re-ingestion.
2026-03-17 13:37:32 | INFO     | smartbot.api | SmartBot V2 startup complete.
2026-03-17 13:37:32 | INFO     | smartbot.api | SmartBot V2 startup complete.
2026-03-17 13:37:33 | INFO     | smartbot.api | ==================================================
2026-03-17 13:37:33 | INFO     | smartbot.api | ==================================================
2026-03-17 13:37:33 | INFO     | smartbot.api | SmartBot V2 starting up — env: development
2026-03-17 13:37:33 | INFO     | smartbot.api | SmartBot V2 starting up — env: development
2026-03-17 13:37:33 | INFO     | smartbot.api | Vectorstore already has 71 chunks — skipping re-ingestion.
2026-03-17 13:37:33 | INFO     | smartbot.api | Vectorstore already has 71 chunks — skipping re-ingestion.
2026-03-17 13:37:33 | INFO     | smartbot.api | SmartBot V2 startup complete.
2026-03-17 13:37:33 | INFO     | smartbot.api | SmartBot V2 startup complete.
2026-03-17 13:37:42 | INFO     | smartbot.api | ==================================================
2026-03-17 13:37:42 | INFO     | smartbot.api | ==================================================
2026-03-17 13:37:42 | INFO     | smartbot.api | SmartBot V2 starting up — env: development
2026-03-17 13:37:42 | INFO     | smartbot.api | SmartBot V2 starting up — env: development
2026-03-17 13:37:42 | INFO     | smartbot.api | Vectorstore already has 71 chunks — skipping re-ingestion.
2026-03-17 13:37:42 | INFO     | smartbot.api | Vectorstore already has 71 chunks — skipping re-ingestion.
2026-03-17 13:37:42 | INFO     | smartbot.api | SmartBot V2 startup complete.
2026-03-17 13:37:42 | INFO     | smartbot.api | SmartBot V2 startup complete.
2026-03-17 13:37:43 | INFO     | smartbot.api | ==================================================
2026-03-17 13:37:43 | INFO     | smartbot.api | ==================================================
2026-03-17 13:37:43 | INFO     | smartbot.api | SmartBot V2 starting up — env: development
2026-03-17 13:37:43 | INFO     | smartbot.api | SmartBot V2 starting up — env: development
2026-03-17 13:37:43 | INFO     | smartbot.api | Vectorstore already has 71 chunks — skipping re-ingestion.
2026-03-17 13:37:43 | INFO     | smartbot.api | Vectorstore already has 71 chunks — skipping re-ingestion.
2026-03-17 13:37:43 | INFO     | smartbot.api | SmartBot V2 startup complete.
2026-03-17 13:37:43 | INFO     | smartbot.api | SmartBot V2 startup complete.
2026-03-17 13:38:12 | INFO     | smartbot.api | ==================================================
2026-03-17 13:38:12 | INFO     | smartbot.api | ==================================================
2026-03-17 13:38:12 | INFO     | smartbot.api | SmartBot V2 starting up — env: development
2026-03-17 13:38:12 | INFO     | smartbot.api | SmartBot V2 starting up — env: development
2026-03-17 13:38:13 | INFO     | smartbot.api | Vectorstore already has 71 chunks — skipping re-ingestion.
2026-03-17 13:38:13 | INFO     | smartbot.api | Vectorstore already has 71 chunks — skipping re-ingestion.
2026-03-17 13:38:13 | INFO     | smartbot.api | SmartBot V2 startup complete.
2026-03-17 13:38:13 | INFO     | smartbot.api | SmartBot V2 startup complete.
2026-03-17 13:38:13 | INFO     | smartbot.api | ==================================================
2026-03-17 13:38:13 | INFO     | smartbot.api | ==================================================
2026-03-17 13:38:13 | INFO     | smartbot.api | SmartBot V2 starting up — env: development
2026-03-17 13:38:13 | INFO     | smartbot.api | SmartBot V2 starting up — env: development
2026-03-17 13:38:14 | INFO     | smartbot.api | Vectorstore already has 71 chunks — skipping re-ingestion.
2026-03-17 13:38:14 | INFO     | smartbot.api | Vectorstore already has 71 chunks — skipping re-ingestion.
2026-03-17 13:38:14 | INFO     | smartbot.api | SmartBot V2 startup complete.
2026-03-17 13:38:14 | INFO     | smartbot.api | SmartBot V2 startup complete.
2026-03-17 13:39:40 | INFO     | smartbot.api | ==================================================
2026-03-17 13:39:40 | INFO     | smartbot.api | ==================================================
2026-03-17 13:39:40 | INFO     | smartbot.api | SmartBot V2 starting up — env: development
2026-03-17 13:39:40 | INFO     | smartbot.api | SmartBot V2 starting up — env: development
2026-03-17 13:39:40 | INFO     | smartbot.api | Vectorstore already has 71 chunks — skipping re-ingestion.
2026-03-17 13:39:40 | INFO     | smartbot.api | Vectorstore already has 71 chunks — skipping re-ingestion.
2026-03-17 13:39:40 | INFO     | smartbot.api | SmartBot V2 startup complete.
2026-03-17 13:39:40 | INFO     | smartbot.api | SmartBot V2 startup complete.
2026-03-17 13:39:45 | INFO     | smartbot.api | OPTIONS /admin/stats → 200 (0.26ms)
2026-03-17 13:39:45 | INFO     | smartbot.api | OPTIONS /admin/stats → 200 (0.26ms)
2026-03-17 13:39:45 | INFO     | smartbot.api | OPTIONS /admin/stats → 200 (0.43ms)
2026-03-17 13:39:45 | INFO     | smartbot.api | OPTIONS /admin/stats → 200 (0.43ms)
2026-03-17 13:39:45 | INFO     | smartbot.api | GET /admin/stats → 200 (18.33ms)
2026-03-17 13:39:45 | INFO     | smartbot.api | GET /admin/stats → 200 (18.33ms)
2026-03-17 13:39:45 | INFO     | smartbot.api | OPTIONS /admin/sessions → 200 (0.52ms)
2026-03-17 13:39:45 | INFO     | smartbot.api | OPTIONS /admin/sessions → 200 (0.52ms)
2026-03-17 13:39:45 | INFO     | smartbot.api | OPTIONS /admin/chatlogs → 200 (0.83ms)
2026-03-17 13:39:45 | INFO     | smartbot.api | OPTIONS /admin/chatlogs → 200 (0.83ms)
2026-03-17 13:39:45 | INFO     | smartbot.api | OPTIONS /admin/files → 200 (0.68ms)
2026-03-17 13:39:45 | INFO     | smartbot.api | OPTIONS /admin/files → 200 (0.68ms)
2026-03-17 13:39:45 | INFO     | smartbot.api | OPTIONS /admin/sessions → 200 (0.58ms)
2026-03-17 13:39:45 | INFO     | smartbot.api | OPTIONS /admin/sessions → 200 (0.58ms)
2026-03-17 13:39:45 | INFO     | smartbot.api | OPTIONS /admin/chatlogs → 200 (0.82ms)
2026-03-17 13:39:45 | INFO     | smartbot.api | OPTIONS /admin/chatlogs → 200 (0.82ms)
2026-03-17 13:39:45 | INFO     | smartbot.api | OPTIONS /admin/files → 200 (0.89ms)
2026-03-17 13:39:45 | INFO     | smartbot.api | OPTIONS /admin/files → 200 (0.89ms)
2026-03-17 13:39:45 | INFO     | smartbot.api | GET /admin/stats → 200 (6.11ms)
2026-03-17 13:39:45 | INFO     | smartbot.api | GET /admin/stats → 200 (6.11ms)
2026-03-17 13:39:45 | INFO     | smartbot.api | GET /admin/files → 200 (9.73ms)
2026-03-17 13:39:45 | INFO     | smartbot.api | GET /admin/files → 200 (9.73ms)
2026-03-17 13:39:45 | INFO     | smartbot.api | GET /admin/stats → 200 (10.83ms)
2026-03-17 13:39:45 | INFO     | smartbot.api | GET /admin/stats → 200 (10.83ms)
2026-03-17 13:39:45 | INFO     | smartbot.api | GET /admin/files → 200 (4.18ms)
2026-03-17 13:39:45 | INFO     | smartbot.api | GET /admin/files → 200 (4.18ms)
2026-03-17 13:39:45 | INFO     | smartbot.api | GET /admin/sessions → 200 (20.34ms)
2026-03-17 13:39:45 | INFO     | smartbot.api | GET /admin/sessions → 200 (20.34ms)
2026-03-17 13:39:45 | INFO     | smartbot.api | GET /admin/stats → 200 (6.07ms)
2026-03-17 13:39:45 | INFO     | smartbot.api | GET /admin/stats → 200 (6.07ms)
2026-03-17 13:39:45 | INFO     | smartbot.api | GET /admin/chatlogs → 200 (29.84ms)
2026-03-17 13:39:45 | INFO     | smartbot.api | GET /admin/chatlogs → 200 (29.84ms)
2026-03-17 13:39:45 | INFO     | smartbot.api | GET /admin/sessions → 200 (12.44ms)
2026-03-17 13:39:45 | INFO     | smartbot.api | GET /admin/sessions → 200 (12.44ms)
2026-03-17 13:39:45 | INFO     | smartbot.api | GET /admin/chatlogs → 200 (20.44ms)
2026-03-17 13:39:45 | INFO     | smartbot.api | GET /admin/chatlogs → 200 (20.44ms)
2026-03-17 13:39:50 | INFO     | smartbot.api | OPTIONS /sessions → 200 (0.18ms)
2026-03-17 13:39:50 | INFO     | smartbot.api | OPTIONS /sessions → 200 (0.18ms)
2026-03-17 13:39:50 | INFO     | smartbot.api | POST /sessions → 200 (7.17ms)
2026-03-17 13:39:50 | INFO     | smartbot.api | POST /sessions → 200 (7.17ms)
2026-03-17 13:39:50 | INFO     | smartbot.api | POST /sessions → 200 (5.45ms)
2026-03-17 13:39:50 | INFO     | smartbot.api | POST /sessions → 200 (5.45ms)
2026-03-17 13:39:53 | INFO     | smartbot.api | POST /admin/login → 200 (314.35ms)
2026-03-17 13:39:53 | INFO     | smartbot.api | POST /admin/login → 200 (314.35ms)
2026-03-17 13:39:53 | INFO     | smartbot.api | GET /admin/stats → 200 (4.24ms)
2026-03-17 13:39:53 | INFO     | smartbot.api | GET /admin/stats → 200 (4.24ms)
2026-03-17 13:39:53 | INFO     | smartbot.api | GET /admin/stats → 200 (4.15ms)
2026-03-17 13:39:53 | INFO     | smartbot.api | GET /admin/stats → 200 (4.15ms)
2026-03-17 13:39:53 | INFO     | smartbot.api | GET /admin/files → 200 (4.32ms)
2026-03-17 13:39:53 | INFO     | smartbot.api | GET /admin/files → 200 (4.32ms)
2026-03-17 13:39:53 | INFO     | smartbot.api | GET /admin/stats → 200 (7.27ms)
2026-03-17 13:39:53 | INFO     | smartbot.api | GET /admin/stats → 200 (7.27ms)
2026-03-17 13:39:53 | INFO     | smartbot.api | GET /admin/files → 200 (7.18ms)
2026-03-17 13:39:53 | INFO     | smartbot.api | GET /admin/files → 200 (7.18ms)
2026-03-17 13:39:53 | INFO     | smartbot.api | GET /admin/stats → 200 (5.36ms)
2026-03-17 13:39:53 | INFO     | smartbot.api | GET /admin/stats → 200 (5.36ms)
2026-03-17 13:39:53 | INFO     | smartbot.api | GET /admin/sessions → 200 (20.4ms)
2026-03-17 13:39:53 | INFO     | smartbot.api | GET /admin/sessions → 200 (20.4ms)
2026-03-17 13:39:53 | INFO     | smartbot.api | GET /admin/chatlogs → 200 (26.64ms)
2026-03-17 13:39:53 | INFO     | smartbot.api | GET /admin/chatlogs → 200 (26.64ms)
2026-03-17 13:39:53 | INFO     | smartbot.api | GET /admin/sessions → 200 (14.04ms)
2026-03-17 13:39:53 | INFO     | smartbot.api | GET /admin/sessions → 200 (14.04ms)
2026-03-17 13:39:53 | INFO     | smartbot.api | GET /admin/chatlogs → 200 (33.6ms)
2026-03-17 13:39:53 | INFO     | smartbot.api | GET /admin/chatlogs → 200 (33.6ms)
2026-03-17 13:41:46 | INFO     | smartbot.api | OPTIONS /sessions → 200 (0.92ms)
2026-03-17 13:41:46 | INFO     | smartbot.api | OPTIONS /sessions → 200 (0.92ms)
2026-03-17 13:41:46 | INFO     | smartbot.api | OPTIONS /sessions → 200 (3.04ms)
2026-03-17 13:41:46 | INFO     | smartbot.api | OPTIONS /sessions → 200 (3.04ms)
2026-03-17 13:41:46 | INFO     | smartbot.api | POST /sessions → 200 (15.66ms)
2026-03-17 13:41:46 | INFO     | smartbot.api | POST /sessions → 200 (15.66ms)
2026-03-17 13:41:46 | INFO     | smartbot.api | POST /sessions → 200 (14.65ms)
2026-03-17 13:41:46 | INFO     | smartbot.api | POST /sessions → 200 (14.65ms)
2026-03-17 13:42:21 | INFO     | smartbot.api | POST /admin/login → 200 (229.38ms)
2026-03-17 13:42:21 | INFO     | smartbot.api | POST /admin/login → 200 (229.38ms)
2026-03-17 13:42:21 | INFO     | smartbot.api | OPTIONS /admin/stats → 200 (0.16ms)
2026-03-17 13:42:21 | INFO     | smartbot.api | OPTIONS /admin/stats → 200 (0.16ms)
2026-03-17 13:42:21 | INFO     | smartbot.api | GET /admin/stats → 200 (6.75ms)
2026-03-17 13:42:21 | INFO     | smartbot.api | GET /admin/stats → 200 (6.75ms)
2026-03-17 13:42:21 | INFO     | smartbot.api | OPTIONS /admin/sessions → 200 (0.13ms)
2026-03-17 13:42:21 | INFO     | smartbot.api | OPTIONS /admin/sessions → 200 (0.13ms)
2026-03-17 13:42:21 | INFO     | smartbot.api | OPTIONS /admin/chatlogs → 200 (0.43ms)
2026-03-17 13:42:21 | INFO     | smartbot.api | OPTIONS /admin/chatlogs → 200 (0.43ms)
2026-03-17 13:42:21 | INFO     | smartbot.api | OPTIONS /admin/files → 200 (0.26ms)
2026-03-17 13:42:21 | INFO     | smartbot.api | OPTIONS /admin/files → 200 (0.26ms)
2026-03-17 13:42:21 | INFO     | smartbot.api | GET /admin/stats → 200 (4.94ms)
2026-03-17 13:42:21 | INFO     | smartbot.api | GET /admin/stats → 200 (4.94ms)
2026-03-17 13:42:21 | INFO     | smartbot.api | GET /admin/files → 200 (9.12ms)
2026-03-17 13:42:21 | INFO     | smartbot.api | GET /admin/files → 200 (9.12ms)
2026-03-17 13:42:21 | INFO     | smartbot.api | GET /admin/sessions → 200 (19.2ms)
2026-03-17 13:42:21 | INFO     | smartbot.api | GET /admin/sessions → 200 (19.2ms)
2026-03-17 13:42:21 | INFO     | smartbot.api | GET /admin/chatlogs → 200 (36.4ms)
2026-03-17 13:42:21 | INFO     | smartbot.api | GET /admin/chatlogs → 200 (36.4ms)
2026-03-17 13:45:04 | INFO     | smartbot.api | GET /health → 200 (6.87ms)
2026-03-17 13:45:04 | INFO     | smartbot.api | GET /health → 200 (6.87ms)
2026-03-17 13:52:40 | INFO     | smartbot.api | ==================================================
2026-03-17 13:52:40 | INFO     | smartbot.api | ==================================================
2026-03-17 13:52:40 | INFO     | smartbot.api | SmartBot V2 starting up — env: development
2026-03-17 13:52:40 | INFO     | smartbot.api | SmartBot V2 starting up — env: development
2026-03-17 13:52:40 | INFO     | smartbot.api | Vectorstore already has 71 chunks — skipping re-ingestion.
2026-03-17 13:52:40 | INFO     | smartbot.api | Vectorstore already has 71 chunks — skipping re-ingestion.
2026-03-17 13:52:40 | INFO     | smartbot.api | SmartBot V2 startup complete.
2026-03-17 13:52:40 | INFO     | smartbot.api | SmartBot V2 startup complete.
2026-03-17 13:53:00 | INFO     | smartbot.api | OPTIONS /admin/chatlogs → 200 (1.24ms)
2026-03-17 13:53:00 | INFO     | smartbot.api | OPTIONS /admin/chatlogs → 200 (1.24ms)
2026-03-17 13:53:00 | INFO     | smartbot.api | GET /admin/chatlogs → 200 (89.5ms)
2026-03-17 13:53:00 | INFO     | smartbot.api | GET /admin/chatlogs → 200 (89.5ms)
2026-03-17 13:53:06 | INFO     | smartbot.api | OPTIONS /admin/sessions → 200 (0.47ms)
2026-03-17 13:53:06 | INFO     | smartbot.api | OPTIONS /admin/sessions → 200 (0.47ms)
2026-03-17 13:53:06 | INFO     | smartbot.api | GET /admin/sessions → 200 (27.18ms)
2026-03-17 13:53:06 | INFO     | smartbot.api | GET /admin/sessions → 200 (27.18ms)
2026-03-17 13:53:28 | INFO     | smartbot.api | OPTIONS /sessions → 200 (0.28ms)
2026-03-17 13:53:28 | INFO     | smartbot.api | OPTIONS /sessions → 200 (0.28ms)
2026-03-17 13:53:28 | INFO     | smartbot.api | OPTIONS /sessions → 200 (0.77ms)
2026-03-17 13:53:28 | INFO     | smartbot.api | OPTIONS /sessions → 200 (0.77ms)
2026-03-17 13:53:29 | INFO     | smartbot.api | POST /sessions → 200 (10.6ms)
2026-03-17 13:53:29 | INFO     | smartbot.api | POST /sessions → 200 (10.6ms)
2026-03-17 13:53:29 | INFO     | smartbot.api | POST /sessions → 200 (20.34ms)
2026-03-17 13:53:29 | INFO     | smartbot.api | POST /sessions → 200 (20.34ms)
2026-03-17 13:53:32 | INFO     | smartbot.api | POST /admin/login → 200 (243.28ms)
2026-03-17 13:53:32 | INFO     | smartbot.api | POST /admin/login → 200 (243.28ms)
2026-03-17 13:53:32 | INFO     | smartbot.api | OPTIONS /admin/stats → 200 (0.25ms)
2026-03-17 13:53:32 | INFO     | smartbot.api | OPTIONS /admin/stats → 200 (0.25ms)
2026-03-17 13:53:32 | INFO     | smartbot.api | OPTIONS /admin/stats → 200 (0.17ms)
2026-03-17 13:53:32 | INFO     | smartbot.api | OPTIONS /admin/stats → 200 (0.17ms)
2026-03-17 13:53:32 | INFO     | smartbot.api | GET /admin/stats → 200 (8.54ms)
2026-03-17 13:53:32 | INFO     | smartbot.api | GET /admin/stats → 200 (8.54ms)
2026-03-17 13:53:32 | INFO     | smartbot.api | OPTIONS /admin/files → 200 (0.47ms)
2026-03-17 13:53:32 | INFO     | smartbot.api | OPTIONS /admin/files → 200 (0.47ms)
2026-03-17 13:53:32 | INFO     | smartbot.api | OPTIONS /admin/files → 200 (0.53ms)
2026-03-17 13:53:32 | INFO     | smartbot.api | OPTIONS /admin/files → 200 (0.53ms)
2026-03-17 13:53:32 | INFO     | smartbot.api | GET /admin/stats → 200 (9.84ms)
2026-03-17 13:53:32 | INFO     | smartbot.api | GET /admin/stats → 200 (9.84ms)
2026-03-17 13:53:32 | INFO     | smartbot.api | GET /admin/files → 200 (7.92ms)
2026-03-17 13:53:32 | INFO     | smartbot.api | GET /admin/files → 200 (7.92ms)
2026-03-17 13:53:32 | INFO     | smartbot.api | GET /admin/files → 200 (5.44ms)
2026-03-17 13:53:32 | INFO     | smartbot.api | GET /admin/files → 200 (5.44ms)
2026-03-17 13:53:32 | INFO     | smartbot.api | GET /admin/stats → 200 (8.83ms)
2026-03-17 13:53:32 | INFO     | smartbot.api | GET /admin/stats → 200 (8.83ms)
2026-03-17 13:53:32 | INFO     | smartbot.api | GET /admin/sessions → 200 (21.22ms)
2026-03-17 13:53:32 | INFO     | smartbot.api | GET /admin/sessions → 200 (21.22ms)
2026-03-17 13:53:32 | INFO     | smartbot.api | GET /admin/stats → 200 (6.48ms)
2026-03-17 13:53:32 | INFO     | smartbot.api | GET /admin/stats → 200 (6.48ms)
2026-03-17 13:53:32 | INFO     | smartbot.api | GET /admin/chatlogs → 200 (36.22ms)
2026-03-17 13:53:32 | INFO     | smartbot.api | GET /admin/chatlogs → 200 (36.22ms)
2026-03-17 13:53:32 | INFO     | smartbot.api | GET /admin/sessions → 200 (15.4ms)
2026-03-17 13:53:32 | INFO     | smartbot.api | GET /admin/sessions → 200 (15.4ms)
2026-03-17 13:53:32 | INFO     | smartbot.api | GET /admin/chatlogs → 200 (23.39ms)
2026-03-17 13:53:32 | INFO     | smartbot.api | GET /admin/chatlogs → 200 (23.39ms)
2026-03-17 13:55:52 | INFO     | smartbot.api | POST /admin/login → 200 (231.56ms)
2026-03-17 13:55:52 | INFO     | smartbot.api | POST /admin/login → 200 (231.56ms)
2026-03-17 13:55:53 | INFO     | smartbot.api | OPTIONS /admin/stats → 200 (0.36ms)
2026-03-17 13:55:53 | INFO     | smartbot.api | OPTIONS /admin/stats → 200 (0.36ms)
2026-03-17 13:55:53 | INFO     | smartbot.api | GET /admin/stats → 200 (6.25ms)
2026-03-17 13:55:53 | INFO     | smartbot.api | GET /admin/stats → 200 (6.25ms)
2026-03-17 13:55:53 | INFO     | smartbot.api | OPTIONS /admin/sessions → 200 (0.34ms)
2026-03-17 13:55:53 | INFO     | smartbot.api | OPTIONS /admin/sessions → 200 (0.34ms)
2026-03-17 13:55:53 | INFO     | smartbot.api | OPTIONS /admin/chatlogs → 200 (0.48ms)
2026-03-17 13:55:53 | INFO     | smartbot.api | OPTIONS /admin/chatlogs → 200 (0.48ms)
2026-03-17 13:55:53 | INFO     | smartbot.api | OPTIONS /admin/files → 200 (0.55ms)
2026-03-17 13:55:53 | INFO     | smartbot.api | OPTIONS /admin/files → 200 (0.55ms)
2026-03-17 13:55:53 | INFO     | smartbot.api | GET /admin/stats → 200 (4.34ms)
2026-03-17 13:55:53 | INFO     | smartbot.api | GET /admin/stats → 200 (4.34ms)
2026-03-17 13:55:53 | INFO     | smartbot.api | GET /admin/files → 200 (2.58ms)
2026-03-17 13:55:53 | INFO     | smartbot.api | GET /admin/files → 200 (2.58ms)
2026-03-17 13:55:53 | INFO     | smartbot.api | GET /admin/sessions → 200 (32.58ms)
2026-03-17 13:55:53 | INFO     | smartbot.api | GET /admin/sessions → 200 (32.58ms)
2026-03-17 13:55:53 | INFO     | smartbot.api | GET /admin/chatlogs → 200 (37.97ms)
2026-03-17 13:55:53 | INFO     | smartbot.api | GET /admin/chatlogs → 200 (37.97ms)
2026-03-17 13:56:45 | INFO     | smartbot.api | OPTIONS /sessions → 200 (5.55ms)
2026-03-17 13:56:45 | INFO     | smartbot.api | OPTIONS /sessions → 200 (5.55ms)
2026-03-17 13:56:45 | INFO     | smartbot.api | OPTIONS /sessions → 200 (3.29ms)
2026-03-17 13:56:45 | INFO     | smartbot.api | OPTIONS /sessions → 200 (3.29ms)
2026-03-17 13:56:45 | INFO     | smartbot.api | POST /sessions → 200 (24.84ms)
2026-03-17 13:56:45 | INFO     | smartbot.api | POST /sessions → 200 (24.84ms)
2026-03-17 13:56:45 | INFO     | smartbot.api | POST /sessions → 200 (30.85ms)
2026-03-17 13:56:45 | INFO     | smartbot.api | POST /sessions → 200 (30.85ms)
2026-03-17 13:56:55 | INFO     | smartbot.api | POST /admin/login → 200 (222.77ms)
2026-03-17 13:56:55 | INFO     | smartbot.api | POST /admin/login → 200 (222.77ms)
2026-03-17 13:56:55 | INFO     | smartbot.api | GET /admin/stats → 200 (17.5ms)
2026-03-17 13:56:55 | INFO     | smartbot.api | GET /admin/stats → 200 (17.5ms)
2026-03-17 13:56:55 | INFO     | smartbot.api | GET /admin/stats → 200 (5.22ms)
2026-03-17 13:56:55 | INFO     | smartbot.api | GET /admin/stats → 200 (5.22ms)
2026-03-17 13:56:55 | INFO     | smartbot.api | GET /admin/files → 200 (3.68ms)
2026-03-17 13:56:55 | INFO     | smartbot.api | GET /admin/files → 200 (3.68ms)
2026-03-17 13:56:55 | INFO     | smartbot.api | GET /admin/sessions → 200 (28.31ms)
2026-03-17 13:56:55 | INFO     | smartbot.api | GET /admin/sessions → 200 (28.31ms)
2026-03-17 13:56:55 | INFO     | smartbot.api | GET /admin/chatlogs → 200 (35.25ms)
2026-03-17 13:56:55 | INFO     | smartbot.api | GET /admin/chatlogs → 200 (35.25ms)
2026-03-17 14:09:26 | INFO     | smartbot.api | ==================================================
2026-03-17 14:09:26 | INFO     | smartbot.api | ==================================================
2026-03-17 14:09:26 | INFO     | smartbot.api | SmartBot V2 starting up — env: development
2026-03-17 14:09:26 | INFO     | smartbot.api | SmartBot V2 starting up — env: development
2026-03-17 14:09:26 | INFO     | smartbot.api | Vectorstore already has 71 chunks — skipping re-ingestion.
2026-03-17 14:09:26 | INFO     | smartbot.api | Vectorstore already has 71 chunks — skipping re-ingestion.
2026-03-17 14:09:26 | INFO     | smartbot.api | SmartBot V2 startup complete.
2026-03-17 14:09:26 | INFO     | smartbot.api | SmartBot V2 startup complete.
2026-03-17 14:10:28 | INFO     | smartbot.api | OPTIONS /sessions → 200 (2.64ms)
2026-03-17 14:10:28 | INFO     | smartbot.api | OPTIONS /sessions → 200 (2.64ms)
2026-03-17 14:10:28 | INFO     | smartbot.api | OPTIONS /sessions → 200 (2.05ms)
2026-03-17 14:10:28 | INFO     | smartbot.api | OPTIONS /sessions → 200 (2.05ms)
2026-03-17 14:10:28 | INFO     | smartbot.api | POST /sessions → 200 (21.2ms)
2026-03-17 14:10:28 | INFO     | smartbot.api | POST /sessions → 200 (21.2ms)
2026-03-17 14:10:28 | INFO     | smartbot.api | POST /sessions → 200 (19.28ms)
2026-03-17 14:10:28 | INFO     | smartbot.api | POST /sessions → 200 (19.28ms)
2026-03-17 14:10:37 | INFO     | smartbot.api | POST /admin/login → 200 (261.1ms)
2026-03-17 14:10:37 | INFO     | smartbot.api | POST /admin/login → 200 (261.1ms)
2026-03-17 14:10:37 | INFO     | smartbot.api | OPTIONS /admin/stats → 200 (1.19ms)
2026-03-17 14:10:37 | INFO     | smartbot.api | OPTIONS /admin/stats → 200 (1.19ms)
2026-03-17 14:10:37 | INFO     | smartbot.api | OPTIONS /admin/stats → 200 (0.5ms)
2026-03-17 14:10:37 | INFO     | smartbot.api | OPTIONS /admin/stats → 200 (0.5ms)
2026-03-17 14:10:37 | INFO     | smartbot.api | GET /admin/stats → 200 (13.41ms)
2026-03-17 14:10:37 | INFO     | smartbot.api | GET /admin/stats → 200 (13.41ms)
2026-03-17 14:10:37 | INFO     | smartbot.api | OPTIONS /admin/sessions → 200 (0.78ms)
2026-03-17 14:10:37 | INFO     | smartbot.api | OPTIONS /admin/sessions → 200 (0.78ms)
2026-03-17 14:10:37 | INFO     | smartbot.api | OPTIONS /admin/chatlogs → 200 (1.32ms)
2026-03-17 14:10:37 | INFO     | smartbot.api | OPTIONS /admin/chatlogs → 200 (1.32ms)
2026-03-17 14:10:37 | INFO     | smartbot.api | OPTIONS /admin/files → 200 (1.52ms)
2026-03-17 14:10:37 | INFO     | smartbot.api | OPTIONS /admin/files → 200 (1.52ms)
2026-03-17 14:10:37 | INFO     | smartbot.api | OPTIONS /admin/sessions → 200 (1.13ms)
2026-03-17 14:10:37 | INFO     | smartbot.api | OPTIONS /admin/sessions → 200 (1.13ms)
2026-03-17 14:10:37 | INFO     | smartbot.api | OPTIONS /admin/chatlogs → 200 (1.24ms)
2026-03-17 14:10:37 | INFO     | smartbot.api | OPTIONS /admin/chatlogs → 200 (1.24ms)
2026-03-17 14:10:37 | INFO     | smartbot.api | OPTIONS /admin/files → 200 (1.86ms)
2026-03-17 14:10:37 | INFO     | smartbot.api | OPTIONS /admin/files → 200 (1.86ms)
2026-03-17 14:10:37 | INFO     | smartbot.api | GET /admin/stats → 200 (10.45ms)
2026-03-17 14:10:37 | INFO     | smartbot.api | GET /admin/stats → 200 (10.45ms)
2026-03-17 14:10:37 | INFO     | smartbot.api | GET /admin/files → 200 (4.42ms)
2026-03-17 14:10:37 | INFO     | smartbot.api | GET /admin/files → 200 (4.42ms)
2026-03-17 14:10:37 | INFO     | smartbot.api | GET /admin/files → 200 (1.86ms)
2026-03-17 14:10:37 | INFO     | smartbot.api | GET /admin/files → 200 (1.86ms)
2026-03-17 14:10:37 | INFO     | smartbot.api | GET /admin/stats → 200 (8.58ms)
2026-03-17 14:10:37 | INFO     | smartbot.api | GET /admin/stats → 200 (8.58ms)
2026-03-17 14:10:37 | INFO     | smartbot.api | GET /admin/stats → 200 (5.01ms)
2026-03-17 14:10:37 | INFO     | smartbot.api | GET /admin/stats → 200 (5.01ms)
2026-03-17 14:10:37 | INFO     | smartbot.api | GET /admin/sessions → 200 (26.2ms)
2026-03-17 14:10:37 | INFO     | smartbot.api | GET /admin/sessions → 200 (26.2ms)
2026-03-17 14:10:37 | INFO     | smartbot.api | GET /admin/chatlogs → 200 (34.69ms)
2026-03-17 14:10:37 | INFO     | smartbot.api | GET /admin/chatlogs → 200 (34.69ms)
2026-03-17 14:10:37 | INFO     | smartbot.api | GET /admin/sessions → 200 (14.37ms)
2026-03-17 14:10:37 | INFO     | smartbot.api | GET /admin/sessions → 200 (14.37ms)
2026-03-17 14:10:37 | INFO     | smartbot.api | GET /admin/chatlogs → 200 (20.98ms)
2026-03-17 14:10:37 | INFO     | smartbot.api | GET /admin/chatlogs → 200 (20.98ms)
2026-03-17 14:14:56 | WARNING  | smartbot.api | POST /admin/login → 401 (189.82ms)
2026-03-17 14:14:56 | WARNING  | smartbot.api | POST /admin/login → 401 (189.82ms)
2026-03-17 14:14:56 | WARNING  | smartbot.api | GET /admin/sessions → 401 (0.56ms)
2026-03-17 14:14:56 | WARNING  | smartbot.api | GET /admin/sessions → 401 (0.56ms)
2026-03-17 14:17:26 | INFO     | smartbot.api | ==================================================
2026-03-17 14:17:26 | INFO     | smartbot.api | ==================================================
2026-03-17 14:17:26 | INFO     | smartbot.api | SmartBot V2 starting up — env: development
2026-03-17 14:17:26 | INFO     | smartbot.api | SmartBot V2 starting up — env: development
2026-03-17 14:17:27 | INFO     | smartbot.api | Vectorstore already has 71 chunks — skipping re-ingestion.
2026-03-17 14:17:27 | INFO     | smartbot.api | Vectorstore already has 71 chunks — skipping re-ingestion.
2026-03-17 14:17:27 | INFO     | smartbot.api | SmartBot V2 startup complete.
2026-03-17 14:17:27 | INFO     | smartbot.api | SmartBot V2 startup complete.
2026-03-17 14:17:54 | WARNING  | smartbot.api | POST /admin/login → 401 (196.22ms)
2026-03-17 14:17:54 | WARNING  | smartbot.api | POST /admin/login → 401 (196.22ms)
2026-03-17 14:17:54 | WARNING  | smartbot.api | GET /admin/sessions → 401 (0.62ms)
2026-03-17 14:17:54 | WARNING  | smartbot.api | GET /admin/sessions → 401 (0.62ms)
2026-03-17 14:17:54 | WARNING  | smartbot.api | GET /admin/chatlogs → 401 (0.58ms)
2026-03-17 14:17:54 | WARNING  | smartbot.api | GET /admin/chatlogs → 401 (0.58ms)
2026-03-17 14:19:22 | WARNING  | smartbot.api | POST /admin/login → 401 (186.65ms)
2026-03-17 14:19:22 | WARNING  | smartbot.api | POST /admin/login → 401 (186.65ms)
2026-03-17 14:20:21 | WARNING  | smartbot.api | POST /admin/login → 401 (190.96ms)
2026-03-17 14:20:21 | WARNING  | smartbot.api | POST /admin/login → 401 (190.96ms)
2026-03-17 14:22:49 | INFO     | smartbot.api | OPTIONS /admin/stats → 200 (3.96ms)
2026-03-17 14:22:49 | INFO     | smartbot.api | OPTIONS /admin/stats → 200 (3.96ms)
2026-03-17 14:22:49 | INFO     | smartbot.api | OPTIONS /admin/stats → 200 (10.84ms)
2026-03-17 14:22:49 | INFO     | smartbot.api | OPTIONS /admin/stats → 200 (10.84ms)
2026-03-17 14:22:49 | INFO     | smartbot.api | GET /admin/stats → 200 (142.58ms)
2026-03-17 14:22:49 | INFO     | smartbot.api | GET /admin/stats → 200 (142.58ms)
2026-03-17 14:22:49 | INFO     | smartbot.api | OPTIONS /admin/sessions → 200 (0.48ms)
2026-03-17 14:22:49 | INFO     | smartbot.api | OPTIONS /admin/sessions → 200 (0.48ms)
2026-03-17 14:22:49 | INFO     | smartbot.api | OPTIONS /admin/chatlogs → 200 (0.86ms)
2026-03-17 14:22:49 | INFO     | smartbot.api | OPTIONS /admin/chatlogs → 200 (0.86ms)
2026-03-17 14:22:49 | INFO     | smartbot.api | OPTIONS /admin/files → 200 (0.37ms)
2026-03-17 14:22:49 | INFO     | smartbot.api | OPTIONS /admin/files → 200 (0.37ms)
2026-03-17 14:22:49 | INFO     | smartbot.api | OPTIONS /admin/sessions → 200 (0.66ms)
2026-03-17 14:22:49 | INFO     | smartbot.api | OPTIONS /admin/sessions → 200 (0.66ms)
2026-03-17 14:22:49 | INFO     | smartbot.api | OPTIONS /admin/chatlogs → 200 (1.12ms)
2026-03-17 14:22:49 | INFO     | smartbot.api | OPTIONS /admin/chatlogs → 200 (1.12ms)
2026-03-17 14:22:49 | INFO     | smartbot.api | OPTIONS /admin/files → 200 (0.73ms)
2026-03-17 14:22:49 | INFO     | smartbot.api | OPTIONS /admin/files → 200 (0.73ms)
2026-03-17 14:22:49 | INFO     | smartbot.api | GET /admin/files → 200 (50.36ms)
2026-03-17 14:22:49 | INFO     | smartbot.api | GET /admin/files → 200 (50.36ms)
2026-03-17 14:22:49 | INFO     | smartbot.api | GET /admin/stats → 200 (63.72ms)
2026-03-17 14:22:49 | INFO     | smartbot.api | GET /admin/stats → 200 (63.72ms)
2026-03-17 14:22:49 | INFO     | smartbot.api | GET /admin/stats → 200 (6.45ms)
2026-03-17 14:22:49 | INFO     | smartbot.api | GET /admin/stats → 200 (6.45ms)
2026-03-17 14:22:49 | INFO     | smartbot.api | GET /admin/files → 200 (19.28ms)
2026-03-17 14:22:49 | INFO     | smartbot.api | GET /admin/files → 200 (19.28ms)
2026-03-17 14:22:49 | INFO     | smartbot.api | GET /admin/stats → 200 (27.55ms)
2026-03-17 14:22:49 | INFO     | smartbot.api | GET /admin/stats → 200 (27.55ms)
2026-03-17 14:22:49 | INFO     | smartbot.api | GET /admin/sessions → 200 (101.51ms)
2026-03-17 14:22:49 | INFO     | smartbot.api | GET /admin/sessions → 200 (101.51ms)
2026-03-17 14:22:49 | INFO     | smartbot.api | GET /admin/chatlogs → 200 (108.15ms)
2026-03-17 14:22:49 | INFO     | smartbot.api | GET /admin/chatlogs → 200 (108.15ms)
2026-03-17 14:22:49 | INFO     | smartbot.api | GET /admin/sessions → 200 (20.17ms)
2026-03-17 14:22:49 | INFO     | smartbot.api | GET /admin/sessions → 200 (20.17ms)
2026-03-17 14:22:49 | INFO     | smartbot.api | GET /admin/chatlogs → 200 (35.39ms)
2026-03-17 14:22:49 | INFO     | smartbot.api | GET /admin/chatlogs → 200 (35.39ms)
2026-03-17 22:19:55 | INFO     | smartbot.api | POST /admin/login → 200 (227.52ms)
2026-03-17 22:19:55 | INFO     | smartbot.api | POST /admin/login → 200 (227.52ms)
2026-03-17 22:19:55 | INFO     | smartbot.api | GET /admin/sessions → 200 (16.01ms)
2026-03-17 22:19:55 | INFO     | smartbot.api | GET /admin/sessions → 200 (16.01ms)
2026-03-17 22:19:55 | INFO     | smartbot.api | GET /admin/chatlogs → 200 (17.96ms)
2026-03-17 22:19:55 | INFO     | smartbot.api | GET /admin/chatlogs → 200 (17.96ms)
2026-03-17 22:19:55 | WARNING  | smartbot.api | GET /admin/files/download/test → 404 (2.15ms)
2026-03-17 22:19:55 | WARNING  | smartbot.api | GET /admin/files/download/test → 404 (2.15ms)
2026-03-17 22:20:44 | INFO     | smartbot.api | OPTIONS /admin/stats → 200 (0.94ms)
2026-03-17 22:20:44 | INFO     | smartbot.api | OPTIONS /admin/stats → 200 (0.94ms)
2026-03-17 22:20:44 | WARNING  | smartbot.api | GET /admin/stats → 401 (6.13ms)
2026-03-17 22:20:44 | WARNING  | smartbot.api | GET /admin/stats → 401 (6.13ms)
2026-03-17 22:21:04 | INFO     | smartbot.api | OPTIONS /sessions → 200 (0.4ms)
2026-03-17 22:21:04 | INFO     | smartbot.api | OPTIONS /sessions → 200 (0.4ms)
2026-03-17 22:21:04 | INFO     | smartbot.api | OPTIONS /sessions → 200 (0.43ms)
2026-03-17 22:21:04 | INFO     | smartbot.api | OPTIONS /sessions → 200 (0.43ms)
2026-03-17 22:21:04 | INFO     | smartbot.api | POST /sessions → 200 (65.31ms)
2026-03-17 22:21:04 | INFO     | smartbot.api | POST /sessions → 200 (65.31ms)
2026-03-17 22:21:04 | INFO     | smartbot.api | POST /sessions → 200 (77.61ms)
2026-03-17 22:21:04 | INFO     | smartbot.api | POST /sessions → 200 (77.61ms)
2026-03-17 22:21:43 | WARNING  | smartbot.api | POST /admin/login → 401 (36.56ms)
2026-03-17 22:21:43 | WARNING  | smartbot.api | POST /admin/login → 401 (36.56ms)
2026-03-17 22:21:58 | INFO     | smartbot.api | POST /admin/login → 200 (224.6ms)
2026-03-17 22:21:58 | INFO     | smartbot.api | POST /admin/login → 200 (224.6ms)
2026-03-17 22:21:58 | INFO     | smartbot.api | GET /admin/stats → 200 (6.74ms)
2026-03-17 22:21:58 | INFO     | smartbot.api | GET /admin/stats → 200 (6.74ms)
2026-03-17 22:21:58 | INFO     | smartbot.api | OPTIONS /admin/sessions → 200 (0.24ms)
2026-03-17 22:21:58 | INFO     | smartbot.api | OPTIONS /admin/sessions → 200 (0.24ms)
2026-03-17 22:21:58 | INFO     | smartbot.api | OPTIONS /admin/chatlogs → 200 (0.55ms)
2026-03-17 22:21:58 | INFO     | smartbot.api | OPTIONS /admin/chatlogs → 200 (0.55ms)
2026-03-17 22:21:58 | INFO     | smartbot.api | OPTIONS /admin/files → 200 (0.22ms)
2026-03-17 22:21:58 | INFO     | smartbot.api | OPTIONS /admin/files → 200 (0.22ms)
2026-03-17 22:21:58 | INFO     | smartbot.api | GET /admin/stats → 200 (5.12ms)
2026-03-17 22:21:58 | INFO     | smartbot.api | GET /admin/stats → 200 (5.12ms)
2026-03-17 22:21:58 | INFO     | smartbot.api | GET /admin/files → 200 (3.97ms)
2026-03-17 22:21:58 | INFO     | smartbot.api | GET /admin/files → 200 (3.97ms)
2026-03-17 22:21:58 | INFO     | smartbot.api | GET /admin/sessions → 200 (36.21ms)
2026-03-17 22:21:58 | INFO     | smartbot.api | GET /admin/sessions → 200 (36.21ms)
2026-03-17 22:21:58 | INFO     | smartbot.api | GET /admin/chatlogs → 200 (42.82ms)
2026-03-17 22:21:58 | INFO     | smartbot.api | GET /admin/chatlogs → 200 (42.82ms)
2026-03-17 22:22:54 | INFO     | smartbot.api | OPTIONS /sessions → 200 (1.76ms)
2026-03-17 22:22:54 | INFO     | smartbot.api | OPTIONS /sessions → 200 (1.76ms)
2026-03-17 22:22:54 | INFO     | smartbot.api | OPTIONS /sessions → 200 (2.58ms)
2026-03-17 22:22:54 | INFO     | smartbot.api | OPTIONS /sessions → 200 (2.58ms)
2026-03-17 22:22:54 | INFO     | smartbot.api | POST /sessions → 200 (28.58ms)
2026-03-17 22:22:54 | INFO     | smartbot.api | POST /sessions → 200 (28.58ms)
2026-03-17 22:22:54 | INFO     | smartbot.api | POST /sessions → 200 (25.78ms)
2026-03-17 22:22:54 | INFO     | smartbot.api | POST /sessions → 200 (25.78ms)
2026-03-17 22:22:57 | INFO     | smartbot.api | POST /admin/login → 200 (219.16ms)
2026-03-17 22:22:57 | INFO     | smartbot.api | POST /admin/login → 200 (219.16ms)
2026-03-17 22:22:57 | INFO     | smartbot.api | OPTIONS /admin/stats → 200 (0.09ms)
2026-03-17 22:22:57 | INFO     | smartbot.api | OPTIONS /admin/stats → 200 (0.09ms)
2026-03-17 22:22:57 | INFO     | smartbot.api | GET /admin/stats → 200 (4.04ms)
2026-03-17 22:22:57 | INFO     | smartbot.api | GET /admin/stats → 200 (4.04ms)
2026-03-17 22:22:57 | INFO     | smartbot.api | OPTIONS /admin/sessions → 200 (0.86ms)
2026-03-17 22:22:57 | INFO     | smartbot.api | OPTIONS /admin/sessions → 200 (0.86ms)
2026-03-17 22:22:57 | INFO     | smartbot.api | OPTIONS /admin/chatlogs → 200 (0.93ms)
2026-03-17 22:22:57 | INFO     | smartbot.api | OPTIONS /admin/chatlogs → 200 (0.93ms)
2026-03-17 22:22:57 | INFO     | smartbot.api | OPTIONS /admin/files → 200 (0.74ms)
2026-03-17 22:22:57 | INFO     | smartbot.api | OPTIONS /admin/files → 200 (0.74ms)
2026-03-17 22:22:57 | INFO     | smartbot.api | GET /admin/stats → 200 (5.12ms)
2026-03-17 22:22:57 | INFO     | smartbot.api | GET /admin/stats → 200 (5.12ms)
2026-03-17 22:22:57 | INFO     | smartbot.api | OPTIONS /admin/sessions → 200 (0.81ms)
2026-03-17 22:22:57 | INFO     | smartbot.api | OPTIONS /admin/sessions → 200 (0.81ms)
2026-03-17 22:22:57 | INFO     | smartbot.api | OPTIONS /admin/chatlogs → 200 (0.88ms)
2026-03-17 22:22:57 | INFO     | smartbot.api | OPTIONS /admin/chatlogs → 200 (0.88ms)
2026-03-17 22:22:57 | INFO     | smartbot.api | OPTIONS /admin/files → 200 (1.04ms)
2026-03-17 22:22:57 | INFO     | smartbot.api | OPTIONS /admin/files → 200 (1.04ms)
2026-03-17 22:22:57 | INFO     | smartbot.api | GET /admin/files → 200 (11.31ms)
2026-03-17 22:22:57 | INFO     | smartbot.api | GET /admin/files → 200 (11.31ms)
2026-03-17 22:22:57 | INFO     | smartbot.api | GET /admin/stats → 200 (12.21ms)
2026-03-17 22:22:57 | INFO     | smartbot.api | GET /admin/stats → 200 (12.21ms)
2026-03-17 22:22:57 | INFO     | smartbot.api | GET /admin/files → 200 (4.76ms)
2026-03-17 22:22:57 | INFO     | smartbot.api | GET /admin/files → 200 (4.76ms)
2026-03-17 22:22:57 | INFO     | smartbot.api | GET /admin/stats → 200 (6.38ms)
2026-03-17 22:22:57 | INFO     | smartbot.api | GET /admin/stats → 200 (6.38ms)
2026-03-17 22:22:57 | INFO     | smartbot.api | GET /admin/sessions → 200 (24.23ms)
2026-03-17 22:22:57 | INFO     | smartbot.api | GET /admin/sessions → 200 (24.23ms)
2026-03-17 22:22:57 | INFO     | smartbot.api | GET /admin/chatlogs → 200 (33.25ms)
2026-03-17 22:22:57 | INFO     | smartbot.api | GET /admin/chatlogs → 200 (33.25ms)
2026-03-17 22:22:57 | INFO     | smartbot.api | GET /admin/sessions → 200 (12.57ms)
2026-03-17 22:22:57 | INFO     | smartbot.api | GET /admin/sessions → 200 (12.57ms)
2026-03-17 22:22:57 | INFO     | smartbot.api | GET /admin/chatlogs → 200 (24.29ms)
2026-03-17 22:22:57 | INFO     | smartbot.api | GET /admin/chatlogs → 200 (24.29ms)
2026-03-17 22:23:06 | INFO     | smartbot.api | POST /admin/login → 200 (216.66ms)
2026-03-17 22:23:06 | INFO     | smartbot.api | POST /admin/login → 200 (216.66ms)
2026-03-17 22:23:06 | INFO     | smartbot.api | GET /admin/stats → 200 (2.75ms)
2026-03-17 22:23:06 | INFO     | smartbot.api | GET /admin/stats → 200 (2.75ms)
2026-03-17 22:23:06 | INFO     | smartbot.api | GET /admin/stats → 200 (2.07ms)
2026-03-17 22:23:06 | INFO     | smartbot.api | GET /admin/stats → 200 (2.07ms)
2026-03-17 22:23:06 | INFO     | smartbot.api | GET /admin/files → 200 (3.82ms)
2026-03-17 22:23:06 | INFO     | smartbot.api | GET /admin/files → 200 (3.82ms)
2026-03-17 22:23:06 | INFO     | smartbot.api | GET /admin/stats → 200 (6.15ms)
2026-03-17 22:23:06 | INFO     | smartbot.api | GET /admin/stats → 200 (6.15ms)
2026-03-17 22:23:06 | INFO     | smartbot.api | GET /admin/files → 200 (3.64ms)
2026-03-17 22:23:06 | INFO     | smartbot.api | GET /admin/files → 200 (3.64ms)
2026-03-17 22:23:06 | INFO     | smartbot.api | GET /admin/stats → 200 (4.97ms)
2026-03-17 22:23:06 | INFO     | smartbot.api | GET /admin/stats → 200 (4.97ms)
2026-03-17 22:23:06 | INFO     | smartbot.api | GET /admin/sessions → 200 (16.34ms)
2026-03-17 22:23:06 | INFO     | smartbot.api | GET /admin/sessions → 200 (16.34ms)
2026-03-17 22:23:06 | INFO     | smartbot.api | GET /admin/chatlogs → 200 (24.09ms)
2026-03-17 22:23:06 | INFO     | smartbot.api | GET /admin/chatlogs → 200 (24.09ms)
2026-03-17 22:23:06 | INFO     | smartbot.api | GET /admin/sessions → 200 (11.63ms)
2026-03-17 22:23:06 | INFO     | smartbot.api | GET /admin/sessions → 200 (11.63ms)
2026-03-17 22:23:06 | INFO     | smartbot.api | GET /admin/chatlogs → 200 (18.87ms)
2026-03-17 22:23:06 | INFO     | smartbot.api | GET /admin/chatlogs → 200 (18.87ms)
2026-03-17 22:24:59 | INFO     | smartbot.api | ==================================================
2026-03-17 22:24:59 | INFO     | smartbot.api | ==================================================
2026-03-17 22:24:59 | INFO     | smartbot.api | SmartBot V2 starting up — env: development
2026-03-17 22:24:59 | INFO     | smartbot.api | SmartBot V2 starting up — env: development
2026-03-17 22:24:59 | INFO     | smartbot.api | Vectorstore already has 71 chunks — skipping re-ingestion.
2026-03-17 22:24:59 | INFO     | smartbot.api | Vectorstore already has 71 chunks — skipping re-ingestion.
2026-03-17 22:24:59 | INFO     | smartbot.api | SmartBot V2 startup complete.
2026-03-17 22:24:59 | INFO     | smartbot.api | SmartBot V2 startup complete.
2026-03-17 22:25:00 | INFO     | smartbot.api | ==================================================
2026-03-17 22:25:00 | INFO     | smartbot.api | ==================================================
2026-03-17 22:25:00 | INFO     | smartbot.api | SmartBot V2 starting up — env: development
2026-03-17 22:25:00 | INFO     | smartbot.api | SmartBot V2 starting up — env: development
2026-03-17 22:25:00 | INFO     | smartbot.api | Vectorstore already has 71 chunks — skipping re-ingestion.
2026-03-17 22:25:00 | INFO     | smartbot.api | Vectorstore already has 71 chunks — skipping re-ingestion.
2026-03-17 22:25:00 | INFO     | smartbot.api | SmartBot V2 startup complete.
2026-03-17 22:25:00 | INFO     | smartbot.api | SmartBot V2 startup complete.
2026-03-17 22:25:10 | INFO     | smartbot.api | ==================================================
2026-03-17 22:25:10 | INFO     | smartbot.api | ==================================================
2026-03-17 22:25:10 | INFO     | smartbot.api | SmartBot V2 starting up — env: development
2026-03-17 22:25:10 | INFO     | smartbot.api | SmartBot V2 starting up — env: development
2026-03-17 22:25:10 | INFO     | smartbot.api | Vectorstore already has 71 chunks — skipping re-ingestion.
2026-03-17 22:25:10 | INFO     | smartbot.api | Vectorstore already has 71 chunks — skipping re-ingestion.
2026-03-17 22:25:10 | INFO     | smartbot.api | SmartBot V2 startup complete.
2026-03-17 22:25:10 | INFO     | smartbot.api | SmartBot V2 startup complete.
2026-03-17 22:25:14 | INFO     | smartbot.api | GET /admin/stats → 200 (19.63ms)
2026-03-17 22:25:14 | INFO     | smartbot.api | GET /admin/stats → 200 (19.63ms)
2026-03-17 22:25:14 | INFO     | smartbot.api | GET /admin/stats → 200 (17.21ms)
2026-03-17 22:25:14 | INFO     | smartbot.api | GET /admin/stats → 200 (17.21ms)
2026-03-17 22:25:14 | INFO     | smartbot.api | GET /admin/files → 200 (16.77ms)
2026-03-17 22:25:14 | INFO     | smartbot.api | GET /admin/files → 200 (16.77ms)
2026-03-17 22:25:14 | INFO     | smartbot.api | GET /admin/files → 200 (4.11ms)
2026-03-17 22:25:14 | INFO     | smartbot.api | GET /admin/files → 200 (4.11ms)
2026-03-17 22:25:14 | INFO     | smartbot.api | GET /admin/stats → 200 (7.53ms)
2026-03-17 22:25:14 | INFO     | smartbot.api | GET /admin/stats → 200 (7.53ms)
2026-03-17 22:25:14 | INFO     | smartbot.api | GET /admin/sessions → 200 (30.68ms)
2026-03-17 22:25:14 | INFO     | smartbot.api | GET /admin/sessions → 200 (30.68ms)
2026-03-17 22:25:14 | INFO     | smartbot.api | GET /admin/stats → 200 (6.71ms)
2026-03-17 22:25:14 | INFO     | smartbot.api | GET /admin/stats → 200 (6.71ms)
2026-03-17 22:25:14 | INFO     | smartbot.api | GET /admin/chatlogs → 200 (43.44ms)
2026-03-17 22:25:14 | INFO     | smartbot.api | GET /admin/chatlogs → 200 (43.44ms)
2026-03-17 22:25:14 | INFO     | smartbot.api | GET /admin/sessions → 200 (14.93ms)
2026-03-17 22:25:14 | INFO     | smartbot.api | GET /admin/sessions → 200 (14.93ms)
2026-03-17 22:25:14 | INFO     | smartbot.api | GET /admin/chatlogs → 200 (22.69ms)
2026-03-17 22:25:14 | INFO     | smartbot.api | GET /admin/chatlogs → 200 (22.69ms)
2026-03-17 22:25:29 | INFO     | smartbot.api | OPTIONS /sessions → 200 (0.54ms)
2026-03-17 22:25:29 | INFO     | smartbot.api | OPTIONS /sessions → 200 (0.54ms)
2026-03-17 22:25:29 | INFO     | smartbot.api | OPTIONS /sessions → 200 (1.11ms)
2026-03-17 22:25:29 | INFO     | smartbot.api | OPTIONS /sessions → 200 (1.11ms)
2026-03-17 22:25:29 | INFO     | smartbot.api | POST /sessions → 200 (13.42ms)
2026-03-17 22:25:29 | INFO     | smartbot.api | POST /sessions → 200 (13.42ms)
2026-03-17 22:25:29 | INFO     | smartbot.api | POST /sessions → 200 (13.53ms)
2026-03-17 22:25:29 | INFO     | smartbot.api | POST /sessions → 200 (13.53ms)
2026-03-17 22:25:37 | INFO     | smartbot.api | POST /admin/login → 200 (240.53ms)
2026-03-17 22:25:37 | INFO     | smartbot.api | POST /admin/login → 200 (240.53ms)
2026-03-17 22:25:37 | INFO     | smartbot.api | OPTIONS /admin/stats → 200 (0.1ms)
2026-03-17 22:25:37 | INFO     | smartbot.api | OPTIONS /admin/stats → 200 (0.1ms)
2026-03-17 22:25:37 | INFO     | smartbot.api | OPTIONS /admin/stats → 200 (0.09ms)
2026-03-17 22:25:37 | INFO     | smartbot.api | OPTIONS /admin/stats → 200 (0.09ms)
2026-03-17 22:25:37 | INFO     | smartbot.api | GET /admin/stats → 200 (3.2ms)
2026-03-17 22:25:37 | INFO     | smartbot.api | GET /admin/stats → 200 (3.2ms)
2026-03-17 22:25:37 | INFO     | smartbot.api | GET /admin/stats → 200 (2.25ms)
2026-03-17 22:25:37 | INFO     | smartbot.api | GET /admin/stats → 200 (2.25ms)
2026-03-17 22:25:37 | INFO     | smartbot.api | OPTIONS /admin/sessions → 200 (0.16ms)
2026-03-17 22:25:37 | INFO     | smartbot.api | OPTIONS /admin/sessions → 200 (0.16ms)
2026-03-17 22:25:37 | INFO     | smartbot.api | OPTIONS /admin/chatlogs → 200 (0.46ms)
2026-03-17 22:25:37 | INFO     | smartbot.api | OPTIONS /admin/chatlogs → 200 (0.46ms)
2026-03-17 22:25:37 | INFO     | smartbot.api | OPTIONS /admin/files → 200 (0.23ms)
2026-03-17 22:25:37 | INFO     | smartbot.api | OPTIONS /admin/files → 200 (0.23ms)
2026-03-17 22:25:37 | INFO     | smartbot.api | OPTIONS /admin/sessions → 200 (0.43ms)
2026-03-17 22:25:37 | INFO     | smartbot.api | OPTIONS /admin/sessions → 200 (0.43ms)
2026-03-17 22:25:37 | INFO     | smartbot.api | OPTIONS /admin/chatlogs → 200 (0.46ms)
2026-03-17 22:25:37 | INFO     | smartbot.api | OPTIONS /admin/chatlogs → 200 (0.46ms)
2026-03-17 22:25:37 | INFO     | smartbot.api | OPTIONS /admin/files → 200 (0.65ms)
2026-03-17 22:25:37 | INFO     | smartbot.api | OPTIONS /admin/files → 200 (0.65ms)
2026-03-17 22:25:37 | INFO     | smartbot.api | GET /admin/stats → 200 (5.17ms)
2026-03-17 22:25:37 | INFO     | smartbot.api | GET /admin/stats → 200 (5.17ms)
2026-03-17 22:25:37 | INFO     | smartbot.api | GET /admin/files → 200 (5.15ms)
2026-03-17 22:25:37 | INFO     | smartbot.api | GET /admin/files → 200 (5.15ms)
2026-03-17 22:25:37 | INFO     | smartbot.api | GET /admin/stats → 200 (6.56ms)
2026-03-17 22:25:37 | INFO     | smartbot.api | GET /admin/stats → 200 (6.56ms)
2026-03-17 22:25:37 | INFO     | smartbot.api | GET /admin/files → 200 (4.84ms)
2026-03-17 22:25:37 | INFO     | smartbot.api | GET /admin/files → 200 (4.84ms)
2026-03-17 22:25:37 | INFO     | smartbot.api | GET /admin/sessions → 200 (21.5ms)
2026-03-17 22:25:37 | INFO     | smartbot.api | GET /admin/sessions → 200 (21.5ms)
2026-03-17 22:25:37 | INFO     | smartbot.api | GET /admin/chatlogs → 200 (31.44ms)
2026-03-17 22:25:37 | INFO     | smartbot.api | GET /admin/chatlogs → 200 (31.44ms)
2026-03-17 22:25:37 | INFO     | smartbot.api | GET /admin/sessions → 200 (13.65ms)
2026-03-17 22:25:37 | INFO     | smartbot.api | GET /admin/sessions → 200 (13.65ms)
2026-03-17 22:25:37 | INFO     | smartbot.api | GET /admin/chatlogs → 200 (22.38ms)
2026-03-17 22:25:37 | INFO     | smartbot.api | GET /admin/chatlogs → 200 (22.38ms)
2026-03-17 22:25:46 | INFO     | smartbot.api | POST /admin/login → 200 (218.41ms)
2026-03-17 22:25:46 | INFO     | smartbot.api | POST /admin/login → 200 (218.41ms)
2026-03-17 22:25:46 | INFO     | smartbot.api | GET /admin/stats → 200 (3.19ms)
2026-03-17 22:25:46 | INFO     | smartbot.api | GET /admin/stats → 200 (3.19ms)
2026-03-17 22:25:46 | INFO     | smartbot.api | GET /admin/stats → 200 (2.28ms)
2026-03-17 22:25:46 | INFO     | smartbot.api | GET /admin/stats → 200 (2.28ms)
2026-03-17 22:25:46 | INFO     | smartbot.api | GET /admin/files → 200 (3.3ms)
2026-03-17 22:25:46 | INFO     | smartbot.api | GET /admin/files → 200 (3.3ms)
2026-03-17 22:25:46 | INFO     | smartbot.api | GET /admin/stats → 200 (4.75ms)
2026-03-17 22:25:46 | INFO     | smartbot.api | GET /admin/stats → 200 (4.75ms)
2026-03-17 22:25:46 | INFO     | smartbot.api | GET /admin/files → 200 (4.51ms)
2026-03-17 22:25:46 | INFO     | smartbot.api | GET /admin/files → 200 (4.51ms)
2026-03-17 22:25:46 | INFO     | smartbot.api | GET /admin/stats → 200 (5.45ms)
2026-03-17 22:25:46 | INFO     | smartbot.api | GET /admin/stats → 200 (5.45ms)
2026-03-17 22:25:46 | INFO     | smartbot.api | GET /admin/sessions → 200 (15.91ms)
2026-03-17 22:25:46 | INFO     | smartbot.api | GET /admin/sessions → 200 (15.91ms)
2026-03-17 22:25:46 | INFO     | smartbot.api | GET /admin/chatlogs → 200 (25.68ms)
2026-03-17 22:25:46 | INFO     | smartbot.api | GET /admin/chatlogs → 200 (25.68ms)
2026-03-17 22:25:46 | INFO     | smartbot.api | GET /admin/sessions → 200 (12.29ms)
2026-03-17 22:25:46 | INFO     | smartbot.api | GET /admin/sessions → 200 (12.29ms)
2026-03-17 22:25:46 | INFO     | smartbot.api | GET /admin/chatlogs → 200 (24.0ms)
2026-03-17 22:25:46 | INFO     | smartbot.api | GET /admin/chatlogs → 200 (24.0ms)
2026-03-17 22:31:17 | INFO     | smartbot.api | OPTIONS /admin/stats → 200 (1.81ms)
2026-03-17 22:31:17 | INFO     | smartbot.api | OPTIONS /admin/stats → 200 (1.81ms)
2026-03-17 22:31:17 | INFO     | smartbot.api | GET /admin/stats → 200 (22.51ms)
2026-03-17 22:31:17 | INFO     | smartbot.api | GET /admin/stats → 200 (22.51ms)
2026-03-17 22:31:17 | INFO     | smartbot.api | GET /admin/stats → 200 (21.62ms)
2026-03-17 22:31:17 | INFO     | smartbot.api | GET /admin/stats → 200 (21.62ms)
2026-03-17 22:31:17 | INFO     | smartbot.api | GET /admin/files → 200 (22.43ms)
2026-03-17 22:31:17 | INFO     | smartbot.api | GET /admin/files → 200 (22.43ms)
2026-03-17 22:31:17 | INFO     | smartbot.api | GET /admin/sessions → 200 (44.61ms)
2026-03-17 22:31:17 | INFO     | smartbot.api | GET /admin/sessions → 200 (44.61ms)
2026-03-17 22:31:17 | INFO     | smartbot.api | GET /admin/chatlogs → 200 (57.79ms)
2026-03-17 22:31:17 | INFO     | smartbot.api | GET /admin/chatlogs → 200 (57.79ms)
2026-03-17 22:51:03 | INFO     | smartbot.api | OPTIONS /admin/stats → 200 (2.01ms)
2026-03-17 22:51:03 | INFO     | smartbot.api | OPTIONS /admin/stats → 200 (2.01ms)
2026-03-17 22:51:03 | INFO     | smartbot.api | OPTIONS /admin/stats → 200 (4.69ms)
2026-03-17 22:51:03 | INFO     | smartbot.api | OPTIONS /admin/stats → 200 (4.69ms)
2026-03-17 22:51:04 | INFO     | smartbot.api | GET /admin/stats → 200 (13.95ms)
2026-03-17 22:51:04 | INFO     | smartbot.api | GET /admin/stats → 200 (13.95ms)
2026-03-17 22:51:04 | INFO     | smartbot.api | GET /admin/stats → 200 (6.66ms)
2026-03-17 22:51:04 | INFO     | smartbot.api | GET /admin/stats → 200 (6.66ms)
2026-03-17 22:51:04 | INFO     | smartbot.api | OPTIONS /admin/sessions → 200 (1.31ms)
2026-03-17 22:51:04 | INFO     | smartbot.api | OPTIONS /admin/sessions → 200 (1.31ms)
2026-03-17 22:51:04 | INFO     | smartbot.api | OPTIONS /admin/chatlogs → 200 (3.39ms)
2026-03-17 22:51:04 | INFO     | smartbot.api | OPTIONS /admin/chatlogs → 200 (3.39ms)
2026-03-17 22:51:04 | INFO     | smartbot.api | OPTIONS /admin/files → 200 (7.65ms)
2026-03-17 22:51:04 | INFO     | smartbot.api | OPTIONS /admin/files → 200 (7.65ms)
2026-03-17 22:51:04 | INFO     | smartbot.api | OPTIONS /admin/sessions → 200 (7.29ms)
2026-03-17 22:51:04 | INFO     | smartbot.api | OPTIONS /admin/sessions → 200 (7.29ms)
2026-03-17 22:51:04 | INFO     | smartbot.api | OPTIONS /admin/chatlogs → 200 (2.55ms)
2026-03-17 22:51:04 | INFO     | smartbot.api | OPTIONS /admin/chatlogs → 200 (2.55ms)
2026-03-17 22:51:04 | INFO     | smartbot.api | OPTIONS /admin/files → 200 (1.46ms)
2026-03-17 22:51:04 | INFO     | smartbot.api | OPTIONS /admin/files → 200 (1.46ms)
2026-03-17 22:51:04 | INFO     | smartbot.api | GET /admin/files → 200 (20.08ms)
2026-03-17 22:51:04 | INFO     | smartbot.api | GET /admin/files → 200 (20.08ms)
2026-03-17 22:51:04 | INFO     | smartbot.api | GET /admin/stats → 200 (33.47ms)
2026-03-17 22:51:04 | INFO     | smartbot.api | GET /admin/stats → 200 (33.47ms)
2026-03-17 22:51:04 | INFO     | smartbot.api | GET /admin/files → 200 (6.26ms)
2026-03-17 22:51:04 | INFO     | smartbot.api | GET /admin/files → 200 (6.26ms)
2026-03-17 22:51:04 | INFO     | smartbot.api | GET /admin/stats → 200 (7.03ms)
2026-03-17 22:51:04 | INFO     | smartbot.api | GET /admin/stats → 200 (7.03ms)
2026-03-17 22:51:04 | INFO     | smartbot.api | GET /admin/sessions → 200 (38.52ms)
2026-03-17 22:51:04 | INFO     | smartbot.api | GET /admin/sessions → 200 (38.52ms)
2026-03-17 22:51:04 | INFO     | smartbot.api | GET /admin/chatlogs → 200 (49.06ms)
2026-03-17 22:51:04 | INFO     | smartbot.api | GET /admin/chatlogs → 200 (49.06ms)
2026-03-17 22:51:04 | INFO     | smartbot.api | GET /admin/sessions → 200 (14.59ms)
2026-03-17 22:51:04 | INFO     | smartbot.api | GET /admin/sessions → 200 (14.59ms)
2026-03-17 22:51:04 | INFO     | smartbot.api | GET /admin/chatlogs → 200 (22.73ms)
2026-03-17 22:51:04 | INFO     | smartbot.api | GET /admin/chatlogs → 200 (22.73ms)
2026-03-17 22:53:19 | INFO     | smartbot.api | GET /admin/stats → 200 (30.15ms)
2026-03-17 22:53:19 | INFO     | smartbot.api | GET /admin/stats → 200 (30.15ms)
2026-03-17 22:53:19 | INFO     | smartbot.api | GET /admin/stats → 200 (9.91ms)
2026-03-17 22:53:19 | INFO     | smartbot.api | GET /admin/stats → 200 (9.91ms)
2026-03-17 22:53:19 | INFO     | smartbot.api | GET /admin/files → 200 (15.45ms)
2026-03-17 22:53:19 | INFO     | smartbot.api | GET /admin/files → 200 (15.45ms)
2026-03-17 22:53:19 | INFO     | smartbot.api | GET /admin/stats → 200 (20.33ms)
2026-03-17 22:53:19 | INFO     | smartbot.api | GET /admin/stats → 200 (20.33ms)
2026-03-17 22:53:19 | INFO     | smartbot.api | GET /admin/files → 200 (18.2ms)
2026-03-17 22:53:19 | INFO     | smartbot.api | GET /admin/files → 200 (18.2ms)
2026-03-17 22:53:19 | INFO     | smartbot.api | GET /admin/stats → 200 (17.92ms)
2026-03-17 22:53:19 | INFO     | smartbot.api | GET /admin/stats → 200 (17.92ms)
2026-03-17 22:53:19 | INFO     | smartbot.api | GET /admin/sessions → 200 (48.87ms)
2026-03-17 22:53:19 | INFO     | smartbot.api | GET /admin/sessions → 200 (48.87ms)
2026-03-17 22:53:19 | INFO     | smartbot.api | GET /admin/chatlogs → 200 (64.55ms)
2026-03-17 22:53:19 | INFO     | smartbot.api | GET /admin/chatlogs → 200 (64.55ms)
2026-03-17 22:53:19 | INFO     | smartbot.api | GET /admin/sessions → 200 (21.72ms)
2026-03-17 22:53:19 | INFO     | smartbot.api | GET /admin/sessions → 200 (21.72ms)
2026-03-17 22:53:19 | INFO     | smartbot.api | GET /admin/chatlogs → 200 (27.99ms)
2026-03-17 22:53:19 | INFO     | smartbot.api | GET /admin/chatlogs → 200 (27.99ms)
2026-03-17 23:08:02 | INFO     | smartbot.api | OPTIONS /sessions → 200 (2.99ms)
2026-03-17 23:08:02 | INFO     | smartbot.api | OPTIONS /sessions → 200 (2.99ms)
2026-03-17 23:08:02 | INFO     | smartbot.api | OPTIONS /sessions → 200 (4.4ms)
2026-03-17 23:08:02 | INFO     | smartbot.api | OPTIONS /sessions → 200 (4.4ms)
2026-03-17 23:08:02 | INFO     | smartbot.api | POST /sessions → 200 (25.88ms)
2026-03-17 23:08:02 | INFO     | smartbot.api | POST /sessions → 200 (25.88ms)
2026-03-17 23:08:02 | INFO     | smartbot.api | POST /sessions → 200 (27.33ms)
2026-03-17 23:08:02 | INFO     | smartbot.api | POST /sessions → 200 (27.33ms)
2026-03-17 23:08:11 | INFO     | smartbot.api | POST /sessions → 200 (4.81ms)
2026-03-17 23:08:11 | INFO     | smartbot.api | POST /sessions → 200 (4.81ms)
2026-03-17 23:08:11 | INFO     | smartbot.api | POST /sessions → 200 (4.57ms)
2026-03-17 23:08:11 | INFO     | smartbot.api | POST /sessions → 200 (4.57ms)
2026-03-17 23:08:26 | INFO     | smartbot.api | POST /admin/login → 200 (227.95ms)
2026-03-17 23:08:26 | INFO     | smartbot.api | POST /admin/login → 200 (227.95ms)
2026-03-17 23:08:26 | INFO     | smartbot.api | OPTIONS /admin/stats → 200 (0.09ms)
2026-03-17 23:08:26 | INFO     | smartbot.api | OPTIONS /admin/stats → 200 (0.09ms)
2026-03-17 23:08:26 | INFO     | smartbot.api | OPTIONS /admin/stats → 200 (0.09ms)
2026-03-17 23:08:26 | INFO     | smartbot.api | OPTIONS /admin/stats → 200 (0.09ms)
2026-03-17 23:08:26 | INFO     | smartbot.api | GET /admin/stats → 200 (4.83ms)
2026-03-17 23:08:26 | INFO     | smartbot.api | GET /admin/stats → 200 (4.83ms)
2026-03-17 23:08:26 | INFO     | smartbot.api | GET /admin/stats → 200 (2.33ms)
2026-03-17 23:08:26 | INFO     | smartbot.api | GET /admin/stats → 200 (2.33ms)
2026-03-17 23:08:26 | INFO     | smartbot.api | OPTIONS /admin/sessions → 200 (0.26ms)
2026-03-17 23:08:26 | INFO     | smartbot.api | OPTIONS /admin/sessions → 200 (0.26ms)
2026-03-17 23:08:26 | INFO     | smartbot.api | OPTIONS /admin/chatlogs → 200 (0.45ms)
2026-03-17 23:08:26 | INFO     | smartbot.api | OPTIONS /admin/chatlogs → 200 (0.45ms)
2026-03-17 23:08:26 | INFO     | smartbot.api | OPTIONS /admin/files → 200 (0.53ms)
2026-03-17 23:08:26 | INFO     | smartbot.api | OPTIONS /admin/files → 200 (0.53ms)
2026-03-17 23:08:26 | INFO     | smartbot.api | OPTIONS /admin/sessions → 200 (0.51ms)
2026-03-17 23:08:26 | INFO     | smartbot.api | OPTIONS /admin/sessions → 200 (0.51ms)
2026-03-17 23:08:26 | INFO     | smartbot.api | OPTIONS /admin/files → 200 (0.65ms)
2026-03-17 23:08:26 | INFO     | smartbot.api | OPTIONS /admin/files → 200 (0.65ms)
2026-03-17 23:08:26 | INFO     | smartbot.api | OPTIONS /admin/chatlogs → 200 (0.95ms)
2026-03-17 23:08:26 | INFO     | smartbot.api | OPTIONS /admin/chatlogs → 200 (0.95ms)
2026-03-17 23:08:26 | INFO     | smartbot.api | GET /admin/stats → 200 (3.84ms)
2026-03-17 23:08:26 | INFO     | smartbot.api | GET /admin/stats → 200 (3.84ms)
2026-03-17 23:08:26 | INFO     | smartbot.api | GET /admin/files → 200 (5.01ms)
2026-03-17 23:08:26 | INFO     | smartbot.api | GET /admin/files → 200 (5.01ms)
2026-03-17 23:08:26 | INFO     | smartbot.api | GET /admin/stats → 200 (7.43ms)
2026-03-17 23:08:26 | INFO     | smartbot.api | GET /admin/stats → 200 (7.43ms)
2026-03-17 23:08:26 | INFO     | smartbot.api | GET /admin/files → 200 (3.68ms)
2026-03-17 23:08:26 | INFO     | smartbot.api | GET /admin/files → 200 (3.68ms)
2026-03-17 23:08:26 | INFO     | smartbot.api | GET /admin/sessions → 200 (16.54ms)
2026-03-17 23:08:26 | INFO     | smartbot.api | GET /admin/sessions → 200 (16.54ms)
2026-03-17 23:08:26 | INFO     | smartbot.api | GET /admin/chatlogs → 200 (26.29ms)
2026-03-17 23:08:26 | INFO     | smartbot.api | GET /admin/chatlogs → 200 (26.29ms)
2026-03-17 23:08:26 | INFO     | smartbot.api | GET /admin/sessions → 200 (12.81ms)
2026-03-17 23:08:26 | INFO     | smartbot.api | GET /admin/sessions → 200 (12.81ms)
2026-03-17 23:08:26 | INFO     | smartbot.api | GET /admin/chatlogs → 200 (19.19ms)
2026-03-17 23:08:26 | INFO     | smartbot.api | GET /admin/chatlogs → 200 (19.19ms)
2026-03-17 23:10:41 | INFO     | smartbot.api | GET /admin/sessions → 200 (45.13ms)
2026-03-17 23:10:41 | INFO     | smartbot.api | GET /admin/sessions → 200 (45.13ms)
2026-03-17 23:10:41 | INFO     | smartbot.api | GET /admin/chatlogs → 200 (58.74ms)
2026-03-17 23:10:41 | INFO     | smartbot.api | GET /admin/chatlogs → 200 (58.74ms)
2026-03-17 23:18:15 | INFO     | smartbot.api | GET /admin/files → 200 (13.24ms)
2026-03-17 23:18:15 | INFO     | smartbot.api | GET /admin/files → 200 (13.24ms)
2026-03-17 23:18:15 | INFO     | smartbot.api | GET /admin/stats → 200 (17.24ms)
2026-03-17 23:18:15 | INFO     | smartbot.api | GET /admin/stats → 200 (17.24ms)
2026-03-17 23:18:15 | INFO     | smartbot.api | GET /admin/files → 200 (7.85ms)
2026-03-17 23:18:15 | INFO     | smartbot.api | GET /admin/files → 200 (7.85ms)
2026-03-17 23:18:15 | INFO     | smartbot.api | GET /admin/stats → 200 (7.28ms)
2026-03-17 23:18:15 | INFO     | smartbot.api | GET /admin/stats → 200 (7.28ms)
2026-03-17 23:18:15 | INFO     | smartbot.api | GET /admin/sessions → 200 (29.88ms)
2026-03-17 23:18:15 | INFO     | smartbot.api | GET /admin/sessions → 200 (29.88ms)
2026-03-17 23:18:15 | INFO     | smartbot.api | GET /admin/chatlogs → 200 (42.19ms)
2026-03-17 23:18:15 | INFO     | smartbot.api | GET /admin/chatlogs → 200 (42.19ms)
2026-03-17 23:18:15 | INFO     | smartbot.api | GET /admin/sessions → 200 (14.07ms)
2026-03-17 23:18:15 | INFO     | smartbot.api | GET /admin/sessions → 200 (14.07ms)
2026-03-17 23:18:15 | INFO     | smartbot.api | GET /admin/chatlogs → 200 (25.41ms)
2026-03-17 23:18:15 | INFO     | smartbot.api | GET /admin/chatlogs → 200 (25.41ms)
2026-03-17 23:24:44 | INFO     | smartbot.api | ==================================================
2026-03-17 23:24:44 | INFO     | smartbot.api | ==================================================
2026-03-17 23:24:44 | INFO     | smartbot.api | SmartBot V2 starting up — env: development
2026-03-17 23:24:44 | INFO     | smartbot.api | SmartBot V2 starting up — env: development
2026-03-17 23:24:45 | INFO     | smartbot.api | Vectorstore already has 71 chunks — skipping re-ingestion.
2026-03-17 23:24:45 | INFO     | smartbot.api | Vectorstore already has 71 chunks — skipping re-ingestion.
2026-03-17 23:24:45 | INFO     | smartbot.api | SmartBot V2 startup complete.
2026-03-17 23:24:45 | INFO     | smartbot.api | SmartBot V2 startup complete.
2026-03-17 23:24:53 | INFO     | smartbot.api | OPTIONS /sessions → 200 (0.37ms)
2026-03-17 23:24:53 | INFO     | smartbot.api | OPTIONS /sessions → 200 (0.37ms)
2026-03-17 23:24:53 | INFO     | smartbot.api | OPTIONS /sessions → 200 (0.59ms)
2026-03-17 23:24:53 | INFO     | smartbot.api | OPTIONS /sessions → 200 (0.59ms)
2026-03-17 23:24:53 | INFO     | smartbot.api | POST /sessions → 200 (21.22ms)
2026-03-17 23:24:53 | INFO     | smartbot.api | POST /sessions → 200 (21.22ms)
2026-03-17 23:24:53 | INFO     | smartbot.api | POST /sessions → 200 (21.95ms)
2026-03-17 23:24:53 | INFO     | smartbot.api | POST /sessions → 200 (21.95ms)
2026-03-17 23:24:58 | INFO     | smartbot.api | POST /admin/login → 200 (246.64ms)
2026-03-17 23:24:58 | INFO     | smartbot.api | POST /admin/login → 200 (246.64ms)
2026-03-17 23:24:58 | INFO     | smartbot.api | OPTIONS /admin/stats → 200 (0.11ms)
2026-03-17 23:24:58 | INFO     | smartbot.api | OPTIONS /admin/stats → 200 (0.11ms)
2026-03-17 23:24:58 | INFO     | smartbot.api | OPTIONS /admin/stats → 200 (0.11ms)
2026-03-17 23:24:58 | INFO     | smartbot.api | OPTIONS /admin/stats → 200 (0.11ms)
2026-03-17 23:24:58 | INFO     | smartbot.api | GET /admin/stats → 200 (6.99ms)
2026-03-17 23:24:58 | INFO     | smartbot.api | GET /admin/stats → 200 (6.99ms)
2026-03-17 23:24:58 | INFO     | smartbot.api | GET /admin/stats → 200 (2.23ms)
2026-03-17 23:24:58 | INFO     | smartbot.api | GET /admin/stats → 200 (2.23ms)
2026-03-17 23:24:58 | INFO     | smartbot.api | OPTIONS /admin/sessions → 200 (0.15ms)
2026-03-17 23:24:58 | INFO     | smartbot.api | OPTIONS /admin/sessions → 200 (0.15ms)
2026-03-17 23:24:58 | INFO     | smartbot.api | OPTIONS /admin/chatlogs → 200 (0.58ms)
2026-03-17 23:24:58 | INFO     | smartbot.api | OPTIONS /admin/chatlogs → 200 (0.58ms)
2026-03-17 23:24:58 | INFO     | smartbot.api | OPTIONS /admin/files → 200 (0.94ms)
2026-03-17 23:24:58 | INFO     | smartbot.api | OPTIONS /admin/files → 200 (0.94ms)
2026-03-17 23:24:58 | INFO     | smartbot.api | OPTIONS /admin/chatlogs → 200 (0.83ms)
2026-03-17 23:24:58 | INFO     | smartbot.api | OPTIONS /admin/chatlogs → 200 (0.83ms)
2026-03-17 23:24:58 | INFO     | smartbot.api | OPTIONS /admin/files → 200 (0.63ms)
2026-03-17 23:24:58 | INFO     | smartbot.api | OPTIONS /admin/files → 200 (0.63ms)
2026-03-17 23:24:58 | INFO     | smartbot.api | GET /admin/stats → 200 (10.74ms)
2026-03-17 23:24:58 | INFO     | smartbot.api | GET /admin/stats → 200 (10.74ms)
2026-03-17 23:24:58 | INFO     | smartbot.api | GET /admin/files → 200 (9.93ms)
2026-03-17 23:24:58 | INFO     | smartbot.api | GET /admin/files → 200 (9.93ms)
2026-03-17 23:24:58 | INFO     | smartbot.api | GET /admin/stats → 200 (7.93ms)
2026-03-17 23:24:58 | INFO     | smartbot.api | GET /admin/stats → 200 (7.93ms)
2026-03-17 23:24:58 | INFO     | smartbot.api | GET /admin/files → 200 (5.37ms)
2026-03-17 23:24:58 | INFO     | smartbot.api | GET /admin/files → 200 (5.37ms)
2026-03-17 23:24:58 | INFO     | smartbot.api | GET /admin/sessions → 200 (21.83ms)
2026-03-17 23:24:58 | INFO     | smartbot.api | GET /admin/sessions → 200 (21.83ms)
2026-03-17 23:24:58 | INFO     | smartbot.api | GET /admin/sessions → 200 (13.6ms)
2026-03-17 23:24:58 | INFO     | smartbot.api | GET /admin/sessions → 200 (13.6ms)
2026-03-17 23:24:58 | INFO     | smartbot.api | GET /admin/chatlogs → 200 (36.37ms)
2026-03-17 23:24:58 | INFO     | smartbot.api | GET /admin/chatlogs → 200 (36.37ms)
2026-03-17 23:24:58 | INFO     | smartbot.api | GET /admin/chatlogs → 200 (20.81ms)
2026-03-17 23:24:58 | INFO     | smartbot.api | GET /admin/chatlogs → 200 (20.81ms)
2026-03-17 23:25:28 | INFO     | smartbot.api | OPTIONS /admin/logs/app → 200 (0.63ms)
2026-03-17 23:25:28 | INFO     | smartbot.api | OPTIONS /admin/logs/app → 200 (0.63ms)
2026-03-17 23:25:28 | INFO     | smartbot.api | OPTIONS /admin/logs/error → 200 (1.3ms)
2026-03-17 23:25:28 | INFO     | smartbot.api | OPTIONS /admin/logs/error → 200 (1.3ms)
2026-03-17 23:25:28 | INFO     | smartbot.api | OPTIONS /admin/logs/info → 200 (1.84ms)
2026-03-17 23:25:28 | INFO     | smartbot.api | OPTIONS /admin/logs/info → 200 (1.84ms)
2026-03-17 23:25:28 | INFO     | smartbot.api | GET /admin/logs/error → 200 (11.12ms)
2026-03-17 23:25:28 | INFO     | smartbot.api | GET /admin/logs/error → 200 (11.12ms)
2026-03-17 23:25:28 | INFO     | smartbot.api | GET /admin/logs/app → 200 (14.48ms)
2026-03-17 23:25:28 | INFO     | smartbot.api | GET /admin/logs/app → 200 (14.48ms)
2026-03-17 23:25:28 | INFO     | smartbot.api | GET /admin/logs/info → 200 (15.66ms)
2026-03-17 23:25:28 | INFO     | smartbot.api | GET /admin/logs/info → 200 (15.66ms)
2026-03-17 23:25:37 | INFO     | smartbot.api | GET /admin/logs/error → 200 (14.5ms)
2026-03-17 23:25:37 | INFO     | smartbot.api | GET /admin/logs/error → 200 (14.5ms)
2026-03-17 23:25:37 | INFO     | smartbot.api | GET /admin/logs/app → 200 (21.21ms)
2026-03-17 23:25:37 | INFO     | smartbot.api | GET /admin/logs/app → 200 (21.21ms)
2026-03-17 23:25:37 | INFO     | smartbot.api | GET /admin/logs/info → 200 (20.1ms)
2026-03-17 23:25:37 | INFO     | smartbot.api | GET /admin/logs/info → 200 (20.1ms)
2026-03-17 23:25:39 | INFO     | smartbot.api | GET /admin/logs/app → 200 (7.41ms)
2026-03-17 23:25:39 | INFO     | smartbot.api | GET /admin/logs/app → 200 (7.41ms)
2026-03-17 23:25:39 | INFO     | smartbot.api | GET /admin/logs/error → 200 (7.58ms)
2026-03-17 23:25:39 | INFO     | smartbot.api | GET /admin/logs/error → 200 (7.58ms)
2026-03-17 23:25:39 | INFO     | smartbot.api | GET /admin/logs/info → 200 (8.02ms)
2026-03-17 23:25:39 | INFO     | smartbot.api | GET /admin/logs/info → 200 (8.02ms)
2026-03-17 23:25:40 | INFO     | smartbot.api | GET /admin/logs/app → 200 (9.1ms)
2026-03-17 23:25:40 | INFO     | smartbot.api | GET /admin/logs/app → 200 (9.1ms)
2026-03-17 23:25:40 | INFO     | smartbot.api | GET /admin/logs/error → 200 (9.19ms)
2026-03-17 23:25:40 | INFO     | smartbot.api | GET /admin/logs/error → 200 (9.19ms)
2026-03-17 23:25:40 | INFO     | smartbot.api | GET /admin/logs/info → 200 (9.73ms)
2026-03-17 23:25:40 | INFO     | smartbot.api | GET /admin/logs/info → 200 (9.73ms)
2026-03-17 23:25:41 | INFO     | smartbot.api | GET /admin/logs/error → 200 (6.71ms)
2026-03-17 23:25:41 | INFO     | smartbot.api | GET /admin/logs/error → 200 (6.71ms)
2026-03-17 23:25:41 | INFO     | smartbot.api | GET /admin/logs/app → 200 (8.19ms)
2026-03-17 23:25:41 | INFO     | smartbot.api | GET /admin/logs/app → 200 (8.19ms)
2026-03-17 23:25:41 | INFO     | smartbot.api | GET /admin/logs/info → 200 (8.26ms)
2026-03-17 23:25:41 | INFO     | smartbot.api | GET /admin/logs/info → 200 (8.26ms)
2026-03-17 23:25:51 | INFO     | smartbot.api | GET /admin/logs/error → 200 (8.91ms)
2026-03-17 23:25:51 | INFO     | smartbot.api | GET /admin/logs/error → 200 (8.91ms)
2026-03-17 23:25:51 | INFO     | smartbot.api | GET /admin/logs/app → 200 (10.06ms)
2026-03-17 23:25:51 | INFO     | smartbot.api | GET /admin/logs/app → 200 (10.06ms)
2026-03-17 23:25:51 | INFO     | smartbot.api | GET /admin/logs/info → 200 (9.94ms)
2026-03-17 23:25:51 | INFO     | smartbot.api | GET /admin/logs/info → 200 (9.94ms)
2026-03-17 23:26:01 | INFO     | smartbot.api | GET /admin/logs/error → 200 (8.1ms)
2026-03-17 23:26:01 | INFO     | smartbot.api | GET /admin/logs/error → 200 (8.1ms)
2026-03-17 23:26:01 | INFO     | smartbot.api | GET /admin/logs/app → 200 (9.61ms)
2026-03-17 23:26:01 | INFO     | smartbot.api | GET /admin/logs/app → 200 (9.61ms)
2026-03-17 23:26:01 | INFO     | smartbot.api | GET /admin/logs/info → 200 (9.62ms)
2026-03-17 23:26:01 | INFO     | smartbot.api | GET /admin/logs/info → 200 (9.62ms)
2026-03-17 23:26:01 | INFO     | smartbot.api | GET /admin/logs/error → 200 (7.7ms)
2026-03-17 23:26:01 | INFO     | smartbot.api | GET /admin/logs/error → 200 (7.7ms)
2026-03-17 23:26:01 | INFO     | smartbot.api | GET /admin/logs/app → 200 (10.05ms)
2026-03-17 23:26:01 | INFO     | smartbot.api | GET /admin/logs/app → 200 (10.05ms)
2026-03-17 23:26:01 | INFO     | smartbot.api | GET /admin/logs/info → 200 (9.56ms)
2026-03-17 23:26:01 | INFO     | smartbot.api | GET /admin/logs/info → 200 (9.56ms)
2026-03-17 23:26:02 | INFO     | smartbot.api | GET /admin/logs/error → 200 (6.84ms)
2026-03-17 23:26:02 | INFO     | smartbot.api | GET /admin/logs/error → 200 (6.84ms)
2026-03-17 23:26:02 | INFO     | smartbot.api | GET /admin/logs/app → 200 (9.17ms)
2026-03-17 23:26:02 | INFO     | smartbot.api | GET /admin/logs/app → 200 (9.17ms)
2026-03-17 23:26:02 | INFO     | smartbot.api | GET /admin/logs/info → 200 (9.14ms)
2026-03-17 23:26:02 | INFO     | smartbot.api | GET /admin/logs/info → 200 (9.14ms)
2026-03-17 23:29:21 | INFO     | smartbot.api | ==================================================
2026-03-17 23:29:21 | INFO     | smartbot.api | ==================================================
2026-03-17 23:29:21 | INFO     | smartbot.api | SmartBot V2 starting up — env: development
2026-03-17 23:29:21 | INFO     | smartbot.api | SmartBot V2 starting up — env: development
2026-03-17 23:29:21 | INFO     | smartbot.api | Vectorstore already has 71 chunks — skipping re-ingestion.
2026-03-17 23:29:21 | INFO     | smartbot.api | Vectorstore already has 71 chunks — skipping re-ingestion.
2026-03-17 23:29:21 | INFO     | smartbot.api | SmartBot V2 startup complete.
2026-03-17 23:29:21 | INFO     | smartbot.api | SmartBot V2 startup complete.
2026-03-17 23:29:22 | INFO     | smartbot.api | ==================================================
2026-03-17 23:29:22 | INFO     | smartbot.api | ==================================================
2026-03-17 23:29:22 | INFO     | smartbot.api | SmartBot V2 starting up — env: development
2026-03-17 23:29:22 | INFO     | smartbot.api | SmartBot V2 starting up — env: development
2026-03-17 23:29:23 | INFO     | smartbot.api | Vectorstore already has 71 chunks — skipping re-ingestion.
2026-03-17 23:29:23 | INFO     | smartbot.api | Vectorstore already has 71 chunks — skipping re-ingestion.
2026-03-17 23:29:23 | INFO     | smartbot.api | SmartBot V2 startup complete.
2026-03-17 23:29:23 | INFO     | smartbot.api | SmartBot V2 startup complete.
2026-03-17 23:30:05 | INFO     | smartbot.api | ==================================================
2026-03-17 23:30:05 | INFO     | smartbot.api | ==================================================
2026-03-17 23:30:05 | INFO     | smartbot.api | SmartBot V2 starting up — env: development
2026-03-17 23:30:05 | INFO     | smartbot.api | SmartBot V2 starting up — env: development
2026-03-17 23:30:05 | INFO     | smartbot.api | Vectorstore already has 71 chunks — skipping re-ingestion.
2026-03-17 23:30:05 | INFO     | smartbot.api | Vectorstore already has 71 chunks — skipping re-ingestion.
2026-03-17 23:30:05 | INFO     | smartbot.api | SmartBot V2 startup complete.
2026-03-17 23:30:05 | INFO     | smartbot.api | SmartBot V2 startup complete.
2026-03-17 23:30:06 | INFO     | smartbot.api | ==================================================
2026-03-17 23:30:06 | INFO     | smartbot.api | ==================================================
2026-03-17 23:30:06 | INFO     | smartbot.api | SmartBot V2 starting up — env: development
2026-03-17 23:30:06 | INFO     | smartbot.api | SmartBot V2 starting up — env: development
2026-03-17 23:30:06 | INFO     | smartbot.api | Vectorstore already has 71 chunks — skipping re-ingestion.
2026-03-17 23:30:06 | INFO     | smartbot.api | Vectorstore already has 71 chunks — skipping re-ingestion.
2026-03-17 23:30:06 | INFO     | smartbot.api | SmartBot V2 startup complete.
2026-03-17 23:30:06 | INFO     | smartbot.api | SmartBot V2 startup complete.
2026-03-17 23:31:20 | INFO     | smartbot.api | ==================================================
2026-03-17 23:31:20 | INFO     | smartbot.api | ==================================================
2026-03-17 23:31:20 | INFO     | smartbot.api | SmartBot V2 starting up — env: development
2026-03-17 23:31:20 | INFO     | smartbot.api | SmartBot V2 starting up — env: development
2026-03-17 23:31:20 | INFO     | smartbot.api | Vectorstore already has 71 chunks — skipping re-ingestion.
2026-03-17 23:31:20 | INFO     | smartbot.api | Vectorstore already has 71 chunks — skipping re-ingestion.
2026-03-17 23:31:20 | INFO     | smartbot.api | SmartBot V2 startup complete.
2026-03-17 23:31:20 | INFO     | smartbot.api | SmartBot V2 startup complete.
2026-03-17 23:31:25 | INFO     | smartbot.api | GET /admin/stats → 200 (21.19ms)
2026-03-17 23:31:25 | INFO     | smartbot.api | GET /admin/stats → 200 (21.19ms)
2026-03-17 23:31:25 | INFO     | smartbot.api | GET /admin/stats → 200 (17.17ms)
2026-03-17 23:31:25 | INFO     | smartbot.api | GET /admin/stats → 200 (17.17ms)
2026-03-17 23:31:25 | INFO     | smartbot.api | GET /admin/files → 200 (14.28ms)
2026-03-17 23:31:25 | INFO     | smartbot.api | GET /admin/files → 200 (14.28ms)
2026-03-17 23:31:25 | INFO     | smartbot.api | GET /admin/files → 200 (3.78ms)
2026-03-17 23:31:25 | INFO     | smartbot.api | GET /admin/files → 200 (3.78ms)
2026-03-17 23:31:25 | INFO     | smartbot.api | GET /admin/sessions → 200 (25.2ms)
2026-03-17 23:31:25 | INFO     | smartbot.api | GET /admin/sessions → 200 (25.2ms)
2026-03-17 23:31:25 | INFO     | smartbot.api | GET /admin/stats → 200 (10.0ms)
2026-03-17 23:31:25 | INFO     | smartbot.api | GET /admin/stats → 200 (10.0ms)
2026-03-17 23:31:25 | INFO     | smartbot.api | GET /admin/stats → 200 (5.09ms)
2026-03-17 23:31:25 | INFO     | smartbot.api | GET /admin/stats → 200 (5.09ms)
2026-03-17 23:31:25 | INFO     | smartbot.api | GET /admin/sessions → 200 (16.69ms)
2026-03-17 23:31:25 | INFO     | smartbot.api | GET /admin/sessions → 200 (16.69ms)
2026-03-17 23:31:25 | INFO     | smartbot.api | GET /admin/chatlogs → 200 (43.22ms)
2026-03-17 23:31:25 | INFO     | smartbot.api | GET /admin/chatlogs → 200 (43.22ms)
2026-03-17 23:31:25 | INFO     | smartbot.api | GET /admin/chatlogs → 200 (29.2ms)
2026-03-17 23:31:25 | INFO     | smartbot.api | GET /admin/chatlogs → 200 (29.2ms)
2026-03-17 23:31:32 | INFO     | smartbot.api | POST /sessions → 200 (11.1ms)
2026-03-17 23:31:32 | INFO     | smartbot.api | POST /sessions → 200 (11.1ms)
2026-03-17 23:31:32 | INFO     | smartbot.api | POST /sessions → 200 (9.79ms)
2026-03-17 23:31:32 | INFO     | smartbot.api | POST /sessions → 200 (9.79ms)
2026-03-17 23:31:36 | INFO     | smartbot.api | POST /admin/login → 200 (233.08ms)
2026-03-17 23:31:36 | INFO     | smartbot.api | POST /admin/login → 200 (233.08ms)
2026-03-17 23:31:36 | INFO     | smartbot.api | GET /admin/stats → 200 (2.84ms)
2026-03-17 23:31:36 | INFO     | smartbot.api | GET /admin/stats → 200 (2.84ms)
2026-03-17 23:31:36 | INFO     | smartbot.api | GET /admin/stats → 200 (2.42ms)
2026-03-17 23:31:36 | INFO     | smartbot.api | GET /admin/stats → 200 (2.42ms)
2026-03-17 23:31:36 | INFO     | smartbot.api | GET /admin/stats → 200 (5.14ms)
2026-03-17 23:31:36 | INFO     | smartbot.api | GET /admin/stats → 200 (5.14ms)
2026-03-17 23:31:36 | INFO     | smartbot.api | GET /admin/files → 200 (4.95ms)
2026-03-17 23:31:36 | INFO     | smartbot.api | GET /admin/files → 200 (4.95ms)
2026-03-17 23:31:36 | INFO     | smartbot.api | GET /admin/files → 200 (4.27ms)
2026-03-17 23:31:36 | INFO     | smartbot.api | GET /admin/files → 200 (4.27ms)
2026-03-17 23:31:36 | INFO     | smartbot.api | GET /admin/stats → 200 (5.93ms)
2026-03-17 23:31:36 | INFO     | smartbot.api | GET /admin/stats → 200 (5.93ms)
2026-03-17 23:31:36 | INFO     | smartbot.api | GET /admin/sessions → 200 (16.57ms)
2026-03-17 23:31:36 | INFO     | smartbot.api | GET /admin/sessions → 200 (16.57ms)
2026-03-17 23:31:36 | INFO     | smartbot.api | GET /admin/chatlogs → 200 (29.83ms)
2026-03-17 23:31:36 | INFO     | smartbot.api | GET /admin/chatlogs → 200 (29.83ms)
2026-03-17 23:31:36 | INFO     | smartbot.api | GET /admin/sessions → 200 (15.05ms)
2026-03-17 23:31:36 | INFO     | smartbot.api | GET /admin/sessions → 200 (15.05ms)
2026-03-17 23:31:36 | INFO     | smartbot.api | GET /admin/chatlogs → 200 (22.6ms)
2026-03-17 23:31:36 | INFO     | smartbot.api | GET /admin/chatlogs → 200 (22.6ms)
2026-03-17 23:31:41 | INFO     | smartbot.api | GET /admin/logs/error → 200 (8.06ms)
2026-03-17 23:31:41 | INFO     | smartbot.api | GET /admin/logs/error → 200 (8.06ms)
2026-03-17 23:31:41 | INFO     | smartbot.api | GET /admin/logs/info → 200 (9.48ms)
2026-03-17 23:31:41 | INFO     | smartbot.api | GET /admin/logs/info → 200 (9.48ms)
2026-03-17 23:31:41 | INFO     | smartbot.api | GET /admin/logs/app → 200 (25.69ms)
2026-03-17 23:31:41 | INFO     | smartbot.api | GET /admin/logs/app → 200 (25.69ms)
2026-03-17 23:31:50 | INFO     | smartbot.api | GET /admin/logs/error → 200 (15.35ms)
2026-03-17 23:31:50 | INFO     | smartbot.api | GET /admin/logs/error → 200 (15.35ms)
2026-03-17 23:31:50 | INFO     | smartbot.api | GET /admin/logs/info → 200 (25.36ms)
2026-03-17 23:31:50 | INFO     | smartbot.api | GET /admin/logs/info → 200 (25.36ms)
2026-03-17 23:31:50 | INFO     | smartbot.api | GET /admin/logs/app → 200 (56.08ms)
2026-03-17 23:31:50 | INFO     | smartbot.api | GET /admin/logs/app → 200 (56.08ms)
2026-03-17 23:31:51 | INFO     | smartbot.api | GET /admin/logs/error → 200 (23.34ms)
2026-03-17 23:31:51 | INFO     | smartbot.api | GET /admin/logs/error → 200 (23.34ms)
2026-03-17 23:31:51 | INFO     | smartbot.api | GET /admin/logs/app → 200 (25.98ms)
2026-03-17 23:31:51 | INFO     | smartbot.api | GET /admin/logs/app → 200 (25.98ms)
2026-03-17 23:31:51 | INFO     | smartbot.api | GET /admin/logs/info → 200 (25.72ms)
2026-03-17 23:31:51 | INFO     | smartbot.api | GET /admin/logs/info → 200 (25.72ms)
2026-03-17 23:33:37 | INFO     | smartbot.api | ==================================================
2026-03-17 23:33:37 | INFO     | smartbot.api | ==================================================
2026-03-17 23:33:37 | INFO     | smartbot.api | SmartBot V2 starting up — env: development
2026-03-17 23:33:37 | INFO     | smartbot.api | SmartBot V2 starting up — env: development
2026-03-17 23:33:37 | INFO     | smartbot.api | Vectorstore already has 71 chunks — skipping re-ingestion.
2026-03-17 23:33:37 | INFO     | smartbot.api | Vectorstore already has 71 chunks — skipping re-ingestion.
2026-03-17 23:33:37 | INFO     | smartbot.api | SmartBot V2 startup complete.
2026-03-17 23:33:37 | INFO     | smartbot.api | SmartBot V2 startup complete.
2026-03-17 23:33:38 | INFO     | smartbot.api | ==================================================
2026-03-17 23:33:38 | INFO     | smartbot.api | ==================================================
2026-03-17 23:33:38 | INFO     | smartbot.api | SmartBot V2 starting up — env: development
2026-03-17 23:33:38 | INFO     | smartbot.api | SmartBot V2 starting up — env: development
2026-03-17 23:33:38 | INFO     | smartbot.api | Vectorstore already has 71 chunks — skipping re-ingestion.
2026-03-17 23:33:38 | INFO     | smartbot.api | Vectorstore already has 71 chunks — skipping re-ingestion.
2026-03-17 23:33:38 | INFO     | smartbot.api | SmartBot V2 startup complete.
2026-03-17 23:33:38 | INFO     | smartbot.api | SmartBot V2 startup complete.
2026-03-17 23:33:48 | INFO     | smartbot.api | ==================================================
2026-03-17 23:33:48 | INFO     | smartbot.api | ==================================================
2026-03-17 23:33:48 | INFO     | smartbot.api | SmartBot V2 starting up — env: development
2026-03-17 23:33:48 | INFO     | smartbot.api | SmartBot V2 starting up — env: development
2026-03-17 23:33:49 | INFO     | smartbot.api | Vectorstore already has 71 chunks — skipping re-ingestion.
2026-03-17 23:33:49 | INFO     | smartbot.api | Vectorstore already has 71 chunks — skipping re-ingestion.
2026-03-17 23:33:49 | INFO     | smartbot.api | SmartBot V2 startup complete.
2026-03-17 23:33:49 | INFO     | smartbot.api | SmartBot V2 startup complete.
2026-03-17 23:34:13 | INFO     | smartbot.api | ==================================================
2026-03-17 23:34:13 | INFO     | smartbot.api | ==================================================
2026-03-17 23:34:13 | INFO     | smartbot.api | SmartBot V2 starting up — env: development
2026-03-17 23:34:13 | INFO     | smartbot.api | SmartBot V2 starting up — env: development
2026-03-17 23:34:13 | INFO     | smartbot.api | Vectorstore already has 71 chunks — skipping re-ingestion.
2026-03-17 23:34:13 | INFO     | smartbot.api | Vectorstore already has 71 chunks — skipping re-ingestion.
2026-03-17 23:34:13 | INFO     | smartbot.api | SmartBot V2 startup complete.
2026-03-17 23:34:13 | INFO     | smartbot.api | SmartBot V2 startup complete.
2026-03-17 23:34:16 | INFO     | smartbot.api | GET /admin/stats → 200 (21.34ms)
2026-03-17 23:34:16 | INFO     | smartbot.api | GET /admin/stats → 200 (21.34ms)
2026-03-17 23:34:16 | INFO     | smartbot.api | GET /admin/stats → 200 (13.86ms)
2026-03-17 23:34:16 | INFO     | smartbot.api | GET /admin/stats → 200 (13.86ms)
2026-03-17 23:34:16 | INFO     | smartbot.api | GET /admin/files → 200 (14.03ms)
2026-03-17 23:34:16 | INFO     | smartbot.api | GET /admin/files → 200 (14.03ms)
2026-03-17 23:34:16 | INFO     | smartbot.api | GET /admin/stats → 200 (7.42ms)
2026-03-17 23:34:16 | INFO     | smartbot.api | GET /admin/stats → 200 (7.42ms)
2026-03-17 23:34:16 | INFO     | smartbot.api | GET /admin/files → 200 (5.2ms)
2026-03-17 23:34:16 | INFO     | smartbot.api | GET /admin/files → 200 (5.2ms)
2026-03-17 23:34:16 | INFO     | smartbot.api | GET /admin/sessions → 200 (25.3ms)
2026-03-17 23:34:16 | INFO     | smartbot.api | GET /admin/sessions → 200 (25.3ms)
2026-03-17 23:34:16 | INFO     | smartbot.api | GET /admin/stats → 200 (6.06ms)
2026-03-17 23:34:16 | INFO     | smartbot.api | GET /admin/stats → 200 (6.06ms)
2026-03-17 23:34:16 | INFO     | smartbot.api | GET /admin/sessions → 200 (12.89ms)
2026-03-17 23:34:16 | INFO     | smartbot.api | GET /admin/sessions → 200 (12.89ms)
2026-03-17 23:34:16 | INFO     | smartbot.api | GET /admin/chatlogs → 200 (40.18ms)
2026-03-17 23:34:16 | INFO     | smartbot.api | GET /admin/chatlogs → 200 (40.18ms)
2026-03-17 23:34:16 | INFO     | smartbot.api | GET /admin/chatlogs → 200 (19.76ms)
2026-03-17 23:34:16 | INFO     | smartbot.api | GET /admin/chatlogs → 200 (19.76ms)
2026-03-17 23:34:21 | INFO     | smartbot.api | POST /sessions → 200 (8.51ms)
2026-03-17 23:34:21 | INFO     | smartbot.api | POST /sessions → 200 (8.51ms)
2026-03-17 23:34:21 | INFO     | smartbot.api | POST /sessions → 200 (8.25ms)
2026-03-17 23:34:21 | INFO     | smartbot.api | POST /sessions → 200 (8.25ms)
2026-03-17 23:34:26 | INFO     | smartbot.api | POST /admin/login → 200 (237.52ms)
2026-03-17 23:34:26 | INFO     | smartbot.api | POST /admin/login → 200 (237.52ms)
2026-03-17 23:34:26 | INFO     | smartbot.api | GET /admin/stats → 200 (2.87ms)
2026-03-17 23:34:26 | INFO     | smartbot.api | GET /admin/stats → 200 (2.87ms)
2026-03-17 23:34:26 | INFO     | smartbot.api | GET /admin/stats → 200 (1.81ms)
2026-03-17 23:34:26 | INFO     | smartbot.api | GET /admin/stats → 200 (1.81ms)
2026-03-17 23:34:26 | INFO     | smartbot.api | GET /admin/files → 200 (4.26ms)
2026-03-17 23:34:26 | INFO     | smartbot.api | GET /admin/files → 200 (4.26ms)
2026-03-17 23:34:26 | INFO     | smartbot.api | GET /admin/stats → 200 (6.59ms)
2026-03-17 23:34:26 | INFO     | smartbot.api | GET /admin/stats → 200 (6.59ms)
2026-03-17 23:34:26 | INFO     | smartbot.api | GET /admin/files → 200 (4.94ms)
2026-03-17 23:34:26 | INFO     | smartbot.api | GET /admin/files → 200 (4.94ms)
2026-03-17 23:34:26 | INFO     | smartbot.api | GET /admin/stats → 200 (5.78ms)
2026-03-17 23:34:26 | INFO     | smartbot.api | GET /admin/stats → 200 (5.78ms)
2026-03-17 23:34:26 | INFO     | smartbot.api | GET /admin/sessions → 200 (18.89ms)
2026-03-17 23:34:26 | INFO     | smartbot.api | GET /admin/sessions → 200 (18.89ms)
2026-03-17 23:34:26 | INFO     | smartbot.api | GET /admin/chatlogs → 200 (31.92ms)
2026-03-17 23:34:26 | INFO     | smartbot.api | GET /admin/chatlogs → 200 (31.92ms)
2026-03-17 23:34:26 | INFO     | smartbot.api | GET /admin/sessions → 200 (15.66ms)
2026-03-17 23:34:26 | INFO     | smartbot.api | GET /admin/sessions → 200 (15.66ms)
2026-03-17 23:34:26 | INFO     | smartbot.api | GET /admin/chatlogs → 200 (24.99ms)
2026-03-17 23:34:26 | INFO     | smartbot.api | GET /admin/chatlogs → 200 (24.99ms)
2026-03-17 23:34:28 | INFO     | smartbot.api | GET /admin/logs/error → 200 (7.49ms)
2026-03-17 23:34:28 | INFO     | smartbot.api | GET /admin/logs/error → 200 (7.49ms)
2026-03-17 23:34:28 | INFO     | smartbot.api | GET /admin/logs/info → 200 (9.56ms)
2026-03-17 23:34:28 | INFO     | smartbot.api | GET /admin/logs/info → 200 (9.56ms)
2026-03-17 23:34:28 | INFO     | smartbot.api | GET /admin/logs/app → 200 (30.67ms)
2026-03-17 23:34:28 | INFO     | smartbot.api | GET /admin/logs/app → 200 (30.67ms)
2026-03-17 23:35:01 | INFO     | smartbot.api | GET /admin/logs/error → 200 (11.76ms)
2026-03-17 23:35:01 | INFO     | smartbot.api | GET /admin/logs/error → 200 (11.76ms)
2026-03-17 23:35:01 | INFO     | smartbot.api | GET /admin/logs/app → 200 (28.21ms)
2026-03-17 23:35:01 | INFO     | smartbot.api | GET /admin/logs/app → 200 (28.21ms)
2026-03-17 23:35:01 | INFO     | smartbot.api | GET /admin/logs/info → 200 (27.12ms)
2026-03-17 23:35:01 | INFO     | smartbot.api | GET /admin/logs/info → 200 (27.12ms)
2026-03-17 23:35:03 | INFO     | smartbot.api | GET /admin/logs/error → 200 (18.81ms)
2026-03-17 23:35:03 | INFO     | smartbot.api | GET /admin/logs/error → 200 (18.81ms)
2026-03-17 23:35:03 | INFO     | smartbot.api | GET /admin/logs/app → 200 (21.41ms)
2026-03-17 23:35:03 | INFO     | smartbot.api | GET /admin/logs/app → 200 (21.41ms)
2026-03-17 23:35:03 | INFO     | smartbot.api | GET /admin/logs/info → 200 (20.98ms)
2026-03-17 23:35:03 | INFO     | smartbot.api | GET /admin/logs/info → 200 (20.98ms)
2026-03-17 23:42:47 | INFO     | smartbot.api | ==================================================
2026-03-17 23:42:47 | INFO     | smartbot.api | SmartBot V2 starting up — env: development
2026-03-17 23:42:47 | INFO     | smartbot.api | Vectorstore already has 71 chunks — skipping re-ingestion.
2026-03-17 23:42:47 | INFO     | smartbot.api | SmartBot V2 startup complete.
2026-03-17 23:42:50 | INFO     | smartbot.api | OPTIONS /admin/stats → 200 (0.3ms)
2026-03-17 23:42:50 | INFO     | smartbot.api | OPTIONS /admin/stats → 200 (0.53ms)
2026-03-17 23:42:50 | INFO     | smartbot.api | GET /admin/stats → 200 (22.69ms)
2026-03-17 23:42:50 | INFO     | smartbot.api | OPTIONS /admin/sessions → 200 (0.42ms)
2026-03-17 23:42:50 | INFO     | smartbot.api | OPTIONS /admin/chatlogs → 200 (0.42ms)
2026-03-17 23:42:50 | INFO     | smartbot.api | OPTIONS /admin/files → 200 (0.5ms)
2026-03-17 23:42:50 | INFO     | smartbot.api | OPTIONS /admin/sessions → 200 (0.27ms)
2026-03-17 23:42:50 | INFO     | smartbot.api | OPTIONS /admin/chatlogs → 200 (0.4ms)
2026-03-17 23:42:50 | INFO     | smartbot.api | OPTIONS /admin/files → 200 (0.92ms)
2026-03-17 23:42:50 | INFO     | smartbot.api | GET /admin/stats → 200 (6.18ms)
2026-03-17 23:42:50 | INFO     | smartbot.api | GET /admin/stats → 200 (2.54ms)
2026-03-17 23:42:50 | INFO     | smartbot.api | GET /admin/stats → 200 (2.42ms)
2026-03-17 23:42:50 | INFO     | smartbot.api | GET /admin/files → 200 (8.73ms)
2026-03-17 23:42:50 | INFO     | smartbot.api | GET /admin/files → 200 (4.55ms)
2026-03-17 23:42:50 | INFO     | smartbot.api | GET /admin/sessions → 200 (24.46ms)
2026-03-17 23:42:50 | INFO     | smartbot.api | GET /admin/chatlogs → 200 (34.8ms)
2026-03-17 23:42:50 | INFO     | smartbot.api | GET /admin/sessions → 200 (14.27ms)
2026-03-17 23:42:50 | INFO     | smartbot.api | GET /admin/chatlogs → 200 (31.03ms)
2026-03-17 23:43:18 | INFO     | smartbot.api | OPTIONS /sessions → 200 (1.2ms)
2026-03-17 23:43:18 | INFO     | smartbot.api | OPTIONS /sessions → 200 (1.9ms)
2026-03-17 23:43:18 | INFO     | smartbot.api | POST /sessions → 200 (20.54ms)
2026-03-17 23:43:18 | INFO     | smartbot.api | POST /sessions → 200 (19.88ms)
2026-03-17 23:43:23 | INFO     | smartbot.api | POST /admin/login → 200 (243.54ms)
2026-03-17 23:43:23 | INFO     | smartbot.api | GET /admin/stats → 200 (6.61ms)
2026-03-17 23:43:23 | INFO     | smartbot.api | GET /admin/stats → 200 (2.24ms)
2026-03-17 23:43:23 | INFO     | smartbot.api | GET /admin/files → 200 (4.28ms)
2026-03-17 23:43:23 | INFO     | smartbot.api | GET /admin/stats → 200 (5.62ms)
2026-03-17 23:43:23 | INFO     | smartbot.api | GET /admin/files → 200 (3.84ms)
2026-03-17 23:43:23 | INFO     | smartbot.api | GET /admin/stats → 200 (5.83ms)
2026-03-17 23:43:23 | INFO     | smartbot.api | GET /admin/sessions → 200 (17.3ms)
2026-03-17 23:43:23 | INFO     | smartbot.api | GET /admin/chatlogs → 200 (26.8ms)
2026-03-17 23:43:24 | INFO     | smartbot.api | GET /admin/sessions → 200 (25.76ms)
2026-03-17 23:43:24 | INFO     | smartbot.api | GET /admin/chatlogs → 200 (28.26ms)
2026-03-17 23:43:25 | INFO     | smartbot.api | OPTIONS /admin/logs/app → 200 (0.7ms)
2026-03-17 23:43:25 | INFO     | smartbot.api | OPTIONS /admin/logs/error → 200 (0.94ms)
2026-03-17 23:43:25 | INFO     | smartbot.api | OPTIONS /admin/logs/info → 200 (1.16ms)
2026-03-17 23:43:25 | INFO     | smartbot.api | GET /admin/logs/error → 200 (6.26ms)
2026-03-17 23:43:25 | INFO     | smartbot.api | GET /admin/logs/info → 200 (10.46ms)
2026-03-17 23:43:25 | INFO     | smartbot.api | GET /admin/logs/app → 200 (28.36ms)
2026-03-17 23:43:30 | INFO     | smartbot.api | GET /admin/logs/error → 200 (6.12ms)
2026-03-17 23:43:30 | INFO     | smartbot.api | GET /admin/logs/app → 200 (25.34ms)
2026-03-17 23:43:30 | INFO     | smartbot.api | GET /admin/logs/info → 200 (26.1ms)
2026-03-17 23:43:31 | INFO     | smartbot.api | GET /admin/logs/error → 200 (19.4ms)
2026-03-17 23:43:31 | INFO     | smartbot.api | GET /admin/logs/app → 200 (21.37ms)
2026-03-17 23:43:31 | INFO     | smartbot.api | GET /admin/logs/info → 200 (21.12ms)
2026-03-17 23:47:40 | INFO     | smartbot.api | POST /sessions → 200 (25.83ms)
2026-03-17 23:47:40 | INFO     | smartbot.api | POST /sessions → 200 (34.35ms)
2026-03-18 01:01:08 | INFO     | smartbot.api | OPTIONS /sessions → 200 (1.04ms)
2026-03-18 01:01:08 | INFO     | smartbot.api | OPTIONS /sessions → 200 (2.36ms)
2026-03-18 01:01:08 | INFO     | smartbot.api | POST /sessions → 200 (58.88ms)
2026-03-18 01:01:08 | INFO     | smartbot.api | POST /sessions → 200 (57.38ms)
2026-03-18 01:02:26 | INFO     | smartbot.api | OPTIONS /admin/stats → 200 (0.88ms)
2026-03-18 01:02:26 | INFO     | smartbot.api | OPTIONS /admin/sessions → 200 (0.67ms)
2026-03-18 01:02:26 | INFO     | smartbot.api | OPTIONS /admin/chatlogs → 200 (0.93ms)
2026-03-18 01:02:26 | INFO     | smartbot.api | OPTIONS /admin/files → 200 (1.07ms)
2026-03-18 01:02:26 | INFO     | smartbot.api | GET /admin/files → 200 (10.2ms)
2026-03-18 01:02:26 | INFO     | smartbot.api | GET /admin/stats → 200 (33.75ms)
2026-03-18 01:02:26 | INFO     | smartbot.api | GET /admin/sessions → 200 (34.83ms)
2026-03-18 01:02:26 | INFO     | smartbot.api | GET /admin/chatlogs → 200 (47.28ms)
2026-03-18 01:04:22 | INFO     | smartbot.api | POST /sessions → 200 (15.47ms)
2026-03-18 01:04:22 | INFO     | smartbot.api | POST /sessions → 200 (22.28ms)
2026-03-18 01:06:38 | INFO     | smartbot.api | POST /sessions → 200 (20.95ms)
2026-03-18 01:06:38 | INFO     | smartbot.api | POST /sessions → 200 (18.2ms)
2026-03-18 01:59:40 | INFO     | smartbot.api | OPTIONS /sessions → 200 (3.13ms)
2026-03-18 01:59:40 | INFO     | smartbot.api | OPTIONS /sessions → 200 (5.31ms)
2026-03-18 01:59:40 | INFO     | smartbot.api | POST /sessions → 200 (17.18ms)
2026-03-18 01:59:40 | INFO     | smartbot.api | POST /sessions → 200 (18.26ms)
2026-03-18 02:02:20 | INFO     | smartbot.api | POST /sessions → 200 (22.44ms)
2026-03-18 02:02:20 | INFO     | smartbot.api | POST /sessions → 200 (27.51ms)
2026-03-18 02:18:54 | INFO     | smartbot.api | OPTIONS /sessions → 200 (3.18ms)
2026-03-18 02:18:54 | INFO     | smartbot.api | OPTIONS /sessions → 200 (2.93ms)
2026-03-18 02:18:54 | INFO     | smartbot.api | POST /sessions → 200 (10.2ms)
2026-03-18 02:18:54 | INFO     | smartbot.api | POST /sessions → 200 (10.0ms)
2026-03-18 02:25:53 | INFO     | smartbot.api | POST /sessions → 200 (20.86ms)
2026-03-18 02:25:53 | INFO     | smartbot.api | POST /sessions → 200 (26.35ms)
2026-03-18 02:28:16 | INFO     | smartbot.api | POST /sessions → 200 (28.19ms)
2026-03-18 02:28:16 | INFO     | smartbot.api | POST /sessions → 200 (15.06ms)
2026-03-18 04:33:20 | INFO     | smartbot.api | OPTIONS /sessions → 200 (1.61ms)
2026-03-18 04:33:20 | INFO     | smartbot.api | OPTIONS /sessions → 200 (5.32ms)
2026-03-18 04:33:21 | INFO     | smartbot.api | POST /sessions → 200 (243.03ms)
2026-03-18 04:33:21 | INFO     | smartbot.api | POST /sessions → 200 (245.84ms)
2026-03-18 09:35:19 | INFO     | smartbot.api | OPTIONS /sessions → 200 (7.41ms)
2026-03-18 09:35:19 | INFO     | smartbot.api | OPTIONS /sessions → 200 (8.25ms)
2026-03-18 09:35:19 | INFO     | smartbot.api | POST /sessions → 200 (267.07ms)
2026-03-18 09:35:19 | INFO     | smartbot.api | POST /sessions → 200 (265.52ms)
2026-03-18 10:24:38 | INFO     | smartbot.api | POST /sessions → 200 (23.38ms)
2026-03-18 10:24:38 | INFO     | smartbot.api | POST /sessions → 200 (26.74ms)
2026-03-19 00:41:00 | INFO     | smartbot.api | ==================================================
2026-03-19 00:41:00 | INFO     | smartbot.api | SmartBot V2 starting up — env: development
2026-03-19 00:41:00 | INFO     | smartbot.api | Vectorstore already has 71 chunks — skipping re-ingestion.
2026-03-19 00:41:00 | INFO     | smartbot.api | SmartBot V2 startup complete.
2026-03-19 00:41:04 | INFO     | smartbot.api | OPTIONS /sessions → 200 (2.53ms)
2026-03-19 00:41:04 | INFO     | smartbot.api | OPTIONS /sessions → 200 (0.53ms)
2026-03-19 00:41:04 | INFO     | smartbot.api | POST /sessions → 200 (13.63ms)
2026-03-19 00:41:04 | INFO     | smartbot.api | POST /sessions → 200 (13.18ms)
2026-03-19 00:41:11 | INFO     | smartbot.api | POST /sessions → 200 (5.64ms)
2026-03-19 00:41:11 | INFO     | smartbot.api | POST /sessions → 200 (5.11ms)
2026-03-19 00:41:19 | INFO     | smartbot.api | POST /sessions → 200 (3.97ms)
2026-03-19 00:41:19 | INFO     | smartbot.api | POST /sessions → 200 (4.7ms)
2026-03-19 00:42:21 | INFO     | smartbot.api | OPTIONS /chat → 200 (1.91ms)
2026-03-19 00:42:59 | INFO     | smartbot.api | POST /chat → 200 (38094.18ms)
2026-03-19 00:45:49 | INFO     | smartbot.api | POST /sessions → 200 (114.51ms)
2026-03-19 00:45:49 | INFO     | smartbot.api | POST /sessions → 200 (116.19ms)
2026-03-19 00:49:21 | INFO     | smartbot.api | ==================================================
2026-03-19 00:49:21 | INFO     | smartbot.api | SmartBot V2 starting up — env: development
2026-03-19 00:49:22 | INFO     | smartbot.api | Vectorstore already has 71 chunks — skipping re-ingestion.
2026-03-19 00:49:22 | INFO     | smartbot.api | SmartBot V2 startup complete.
2026-03-19 00:49:24 | INFO     | smartbot.api | POST /sessions → 200 (7.16ms)
2026-03-19 00:49:24 | INFO     | smartbot.api | POST /sessions → 200 (8.47ms)
2026-03-19 00:49:28 | INFO     | smartbot.api | POST /sessions → 200 (6.01ms)
2026-03-19 00:49:28 | INFO     | smartbot.api | POST /sessions → 200 (7.64ms)
2026-03-19 00:49:35 | INFO     | smartbot.api | POST /sessions → 200 (7.32ms)
2026-03-19 01:03:09 | INFO     | smartbot.api | OPTIONS /chat → 200 (1.47ms)
2026-03-19 01:03:36 | INFO     | smartbot.api | POST /chat → 200 (27409.06ms)
2026-03-19 01:12:43 | INFO     | smartbot.api | OPTIONS /sessions → 200 (1.53ms)
2026-03-19 01:12:43 | INFO     | smartbot.api | OPTIONS /sessions → 200 (2.27ms)
2026-03-19 01:12:43 | INFO     | smartbot.api | POST /sessions → 200 (12.67ms)
2026-03-19 01:12:43 | INFO     | smartbot.api | POST /sessions → 200 (13.8ms)
2026-03-19 01:18:53 | INFO     | smartbot.api | ==================================================
2026-03-19 01:18:53 | INFO     | smartbot.api | SmartBot V2 starting up — env: development
2026-03-19 01:18:53 | INFO     | smartbot.api | Vectorstore already has 71 chunks — skipping re-ingestion.
2026-03-19 01:18:53 | INFO     | smartbot.api | SmartBot V2 startup complete.
2026-03-19 01:18:54 | INFO     | smartbot.api | ==================================================
2026-03-19 01:18:54 | INFO     | smartbot.api | SmartBot V2 starting up — env: development
2026-03-19 01:18:54 | INFO     | smartbot.api | Vectorstore already has 71 chunks — skipping re-ingestion.
2026-03-19 01:18:54 | INFO     | smartbot.api | SmartBot V2 startup complete.
2026-03-19 01:19:47 | INFO     | smartbot.api | ==================================================
2026-03-19 01:19:47 | INFO     | smartbot.api | SmartBot V2 starting up — env: development
2026-03-19 01:19:47 | INFO     | smartbot.api | Vectorstore already has 71 chunks — skipping re-ingestion.
2026-03-19 01:19:47 | INFO     | smartbot.api | SmartBot V2 startup complete.
2026-03-19 01:19:48 | INFO     | smartbot.api | ==================================================
2026-03-19 01:19:48 | INFO     | smartbot.api | SmartBot V2 starting up — env: development
2026-03-19 01:19:48 | INFO     | smartbot.api | Vectorstore already has 71 chunks — skipping re-ingestion.
2026-03-19 01:19:48 | INFO     | smartbot.api | SmartBot V2 startup complete.
2026-03-19 01:25:09 | INFO     | smartbot.api | ==================================================
2026-03-19 01:25:09 | INFO     | smartbot.api | SmartBot V2 starting up — env: development
2026-03-19 01:25:10 | INFO     | smartbot.api | Vectorstore already has 71 chunks — skipping re-ingestion.
2026-03-19 01:25:10 | INFO     | smartbot.api | SmartBot V2 startup complete.
2026-03-19 01:25:10 | INFO     | smartbot.api | ==================================================
2026-03-19 01:25:10 | INFO     | smartbot.api | SmartBot V2 starting up — env: development
2026-03-19 01:25:10 | INFO     | smartbot.api | Vectorstore already has 71 chunks — skipping re-ingestion.
2026-03-19 01:25:10 | INFO     | smartbot.api | SmartBot V2 startup complete.
2026-03-19 01:25:11 | INFO     | smartbot.api | ==================================================
2026-03-19 01:25:11 | INFO     | smartbot.api | SmartBot V2 starting up — env: development
2026-03-19 01:25:12 | INFO     | smartbot.api | Vectorstore already has 71 chunks — skipping re-ingestion.
2026-03-19 01:25:12 | INFO     | smartbot.api | SmartBot V2 startup complete.
2026-03-19 01:25:54 | INFO     | smartbot.api | ==================================================
2026-03-19 01:25:54 | INFO     | smartbot.api | SmartBot V2 starting up — env: development
2026-03-19 01:25:54 | INFO     | smartbot.api | Vectorstore already has 71 chunks — skipping re-ingestion.
2026-03-19 01:25:54 | INFO     | smartbot.api | SmartBot V2 startup complete.
2026-03-19 01:25:55 | INFO     | smartbot.api | ==================================================
2026-03-19 01:25:55 | INFO     | smartbot.api | SmartBot V2 starting up — env: development
2026-03-19 01:25:55 | INFO     | smartbot.api | Vectorstore already has 71 chunks — skipping re-ingestion.
2026-03-19 01:25:55 | INFO     | smartbot.api | SmartBot V2 startup complete.
2026-03-19 01:25:59 | INFO     | smartbot.api | ==================================================
2026-03-19 01:25:59 | INFO     | smartbot.api | SmartBot V2 starting up — env: development
2026-03-19 01:25:59 | INFO     | smartbot.api | Vectorstore already has 71 chunks — skipping re-ingestion.
2026-03-19 01:25:59 | INFO     | smartbot.api | SmartBot V2 startup complete.
2026-03-19 01:27:06 | INFO     | smartbot.api | ==================================================
2026-03-19 01:27:06 | INFO     | smartbot.api | SmartBot V2 starting up — env: development
2026-03-19 01:27:07 | INFO     | smartbot.api | Vectorstore already has 71 chunks — skipping re-ingestion.
2026-03-19 01:27:07 | INFO     | smartbot.api | SmartBot V2 startup complete.
2026-03-19 01:27:07 | INFO     | smartbot.api | ==================================================
2026-03-19 01:27:07 | INFO     | smartbot.api | SmartBot V2 starting up — env: development
2026-03-19 01:27:08 | INFO     | smartbot.api | Vectorstore already has 71 chunks — skipping re-ingestion.
2026-03-19 01:27:08 | INFO     | smartbot.api | SmartBot V2 startup complete.
2026-03-19 01:40:11 | INFO     | smartbot.api | ==================================================
2026-03-19 01:40:11 | INFO     | smartbot.api | SmartBot V2 starting up — env: development
2026-03-19 01:40:11 | INFO     | smartbot.api | Vectorstore already has 71 chunks — skipping re-ingestion.
2026-03-19 01:40:11 | WARNING  | smartbot.api | Model warm-up skipped: name 'LLM_MODEL' is not defined
2026-03-19 01:40:11 | INFO     | smartbot.api | SmartBot V2 startup complete.
2026-03-19 01:42:38 | INFO     | smartbot.api | ==================================================
2026-03-19 01:42:38 | INFO     | smartbot.api | SmartBot V2 starting up — env: development
2026-03-19 01:42:38 | INFO     | smartbot.api | Vectorstore already has 71 chunks — skipping re-ingestion.
2026-03-19 01:42:38 | INFO     | smartbot.api | Warming up model: llama3.2:1b...
2026-03-19 01:42:40 | INFO     | smartbot.api | Model ready.
2026-03-19 01:42:40 | INFO     | smartbot.api | SmartBot V2 startup complete.
2026-03-19 01:42:41 | INFO     | smartbot.api | ==================================================
2026-03-19 01:42:41 | INFO     | smartbot.api | SmartBot V2 starting up — env: development
2026-03-19 01:42:41 | INFO     | smartbot.api | Vectorstore already has 71 chunks — skipping re-ingestion.
2026-03-19 01:42:41 | INFO     | smartbot.api | Warming up model: llama3.2:1b...
2026-03-19 01:42:41 | INFO     | smartbot.api | Model ready.
2026-03-19 01:42:41 | INFO     | smartbot.api | SmartBot V2 startup complete.
2026-03-19 01:42:45 | INFO     | smartbot.api | ==================================================
2026-03-19 01:42:45 | INFO     | smartbot.api | SmartBot V2 starting up — env: development
2026-03-19 01:42:45 | INFO     | smartbot.api | Vectorstore already has 71 chunks — skipping re-ingestion.
2026-03-19 01:42:45 | INFO     | smartbot.api | Warming up model: llama3.2:1b...
2026-03-19 01:42:46 | INFO     | smartbot.api | Model ready.
2026-03-19 01:42:46 | INFO     | smartbot.api | SmartBot V2 startup complete.
2026-03-19 01:42:53 | INFO     | smartbot.api | OPTIONS /sessions → 200 (0.25ms)
2026-03-19 01:42:53 | INFO     | smartbot.api | OPTIONS /sessions → 200 (0.5ms)
2026-03-19 01:42:53 | INFO     | smartbot.api | POST /sessions → 200 (29.52ms)
2026-03-19 01:42:53 | INFO     | smartbot.api | POST /sessions → 200 (36.66ms)
2026-03-19 01:43:26 | INFO     | smartbot.api | POST /sessions → 200 (5.12ms)
2026-03-19 01:43:26 | INFO     | smartbot.api | POST /sessions → 200 (6.43ms)
2026-03-19 01:43:32 | INFO     | smartbot.api | OPTIONS /chat → 200 (0.48ms)
2026-03-19 01:43:35 | INFO     | smartbot.api | POST /chat → 200 (3020.81ms)
2026-03-19 01:43:52 | INFO     | smartbot.api | POST /admin/login → 200 (254.7ms)
2026-03-19 01:43:52 | INFO     | smartbot.api | OPTIONS /admin/stats → 200 (0.11ms)
2026-03-19 01:43:52 | INFO     | smartbot.api | GET /admin/stats → 200 (10.04ms)
2026-03-19 01:43:52 | INFO     | smartbot.api | GET /admin/stats → 200 (2.71ms)
2026-03-19 01:43:52 | INFO     | smartbot.api | OPTIONS /admin/sessions → 200 (0.28ms)
2026-03-19 01:43:52 | INFO     | smartbot.api | OPTIONS /admin/chatlogs → 200 (0.24ms)
2026-03-19 01:43:52 | INFO     | smartbot.api | OPTIONS /admin/files → 200 (0.31ms)
2026-03-19 01:43:52 | INFO     | smartbot.api | OPTIONS /admin/sessions → 200 (0.39ms)
2026-03-19 01:43:52 | INFO     | smartbot.api | OPTIONS /admin/chatlogs → 200 (0.84ms)
2026-03-19 01:43:52 | INFO     | smartbot.api | OPTIONS /admin/files → 200 (0.86ms)
2026-03-19 01:43:52 | INFO     | smartbot.api | GET /admin/stats → 200 (30.75ms)
2026-03-19 01:43:52 | INFO     | smartbot.api | GET /admin/files → 200 (30.99ms)
2026-03-19 01:43:52 | INFO     | smartbot.api | GET /admin/files → 200 (2.89ms)
2026-03-19 01:43:52 | INFO     | smartbot.api | GET /admin/stats → 200 (6.78ms)
2026-03-19 01:43:52 | INFO     | smartbot.api | GET /admin/sessions → 200 (40.63ms)
2026-03-19 01:43:52 | INFO     | smartbot.api | GET /admin/sessions → 200 (12.6ms)
2026-03-19 01:43:52 | INFO     | smartbot.api | GET /admin/chatlogs → 200 (54.77ms)
2026-03-19 01:43:52 | INFO     | smartbot.api | GET /admin/chatlogs → 200 (18.78ms)
2026-03-19 01:44:00 | INFO     | smartbot.api | OPTIONS /admin/logs/app → 200 (0.67ms)
2026-03-19 01:44:00 | INFO     | smartbot.api | OPTIONS /admin/logs/error → 200 (1.02ms)
2026-03-19 01:44:00 | INFO     | smartbot.api | OPTIONS /admin/logs/info → 200 (1.19ms)
2026-03-19 01:44:00 | INFO     | smartbot.api | GET /admin/logs/error → 200 (8.66ms)
2026-03-19 01:44:00 | INFO     | smartbot.api | GET /admin/logs/info → 200 (11.84ms)
2026-03-19 01:44:00 | INFO     | smartbot.api | GET /admin/logs/app → 200 (28.78ms)
2026-03-19 01:44:21 | INFO     | smartbot.api | GET /admin/logs/error → 200 (11.35ms)
2026-03-19 01:44:21 | INFO     | smartbot.api | GET /admin/logs/app → 200 (30.67ms)
2026-03-19 01:44:21 | INFO     | smartbot.api | GET /admin/logs/info → 200 (29.96ms)
2026-03-19 01:46:16 | INFO     | smartbot.api | POST /sessions → 200 (30.65ms)
2026-03-19 01:46:16 | INFO     | smartbot.api | POST /sessions → 200 (30.8ms)
2026-03-19 01:46:31 | INFO     | smartbot.api | POST /chat → 200 (3077.66ms)
2026-03-19 01:48:30 | INFO     | smartbot.api | POST /sessions → 200 (25.15ms)
2026-03-19 01:49:49 | INFO     | smartbot.api | POST /sessions → 200 (10.24ms)
2026-03-19 01:50:00 | INFO     | smartbot.api | POST /sessions → 200 (11.9ms)
2026-03-19 02:08:22 | INFO     | smartbot.api | OPTIONS /sessions → 200 (1.82ms)
2026-03-19 02:08:22 | INFO     | smartbot.api | OPTIONS /sessions → 200 (3.74ms)
2026-03-19 02:08:22 | INFO     | smartbot.api | POST /sessions → 200 (67.75ms)
2026-03-19 02:08:22 | INFO     | smartbot.api | POST /sessions → 200 (68.12ms)
2026-03-19 02:08:22 | INFO     | smartbot.api | POST /sessions → 200 (5.79ms)
2026-03-19 02:08:22 | INFO     | smartbot.api | POST /sessions → 200 (3.55ms)
2026-03-19 02:08:22 | INFO     | smartbot.api | POST /sessions → 200 (2.9ms)
2026-03-19 02:08:41 | INFO     | smartbot.api | POST /sessions → 200 (6.38ms)
2026-03-19 02:08:41 | INFO     | smartbot.api | POST /sessions → 200 (5.98ms)
2026-03-19 02:08:49 | INFO     | smartbot.api | ==================================================
2026-03-19 02:08:49 | INFO     | smartbot.api | SmartBot V2 starting up — env: development
2026-03-19 02:08:49 | INFO     | smartbot.api | Vectorstore already has 71 chunks — skipping re-ingestion.
2026-03-19 02:08:49 | INFO     | smartbot.api | Warming up model: llama3.2:1b...
2026-03-19 02:08:51 | INFO     | smartbot.api | Model ready.
2026-03-19 02:08:51 | INFO     | smartbot.api | SmartBot V2 startup complete.
2026-03-19 02:08:54 | INFO     | smartbot.api | POST /sessions → 200 (30.56ms)
2026-03-19 02:08:54 | INFO     | smartbot.api | POST /sessions → 200 (28.7ms)
2026-03-19 02:09:07 | INFO     | smartbot.api | POST /admin/login → 200 (245.16ms)
2026-03-19 02:09:07 | INFO     | smartbot.api | OPTIONS /admin/stats → 200 (0.1ms)
2026-03-19 02:09:07 | INFO     | smartbot.api | GET /admin/stats → 200 (8.07ms)
2026-03-19 02:09:07 | INFO     | smartbot.api | OPTIONS /admin/sessions → 200 (0.09ms)
2026-03-19 02:09:07 | INFO     | smartbot.api | GET /admin/stats → 200 (3.57ms)
2026-03-19 02:09:07 | INFO     | smartbot.api | OPTIONS /admin/chatlogs → 200 (0.19ms)
2026-03-19 02:09:07 | INFO     | smartbot.api | OPTIONS /admin/files → 200 (0.25ms)
2026-03-19 02:09:07 | INFO     | smartbot.api | OPTIONS /admin/chatlogs → 200 (0.34ms)
2026-03-19 02:09:07 | INFO     | smartbot.api | OPTIONS /admin/files → 200 (0.7ms)
2026-03-19 02:09:07 | INFO     | smartbot.api | GET /admin/stats → 200 (11.8ms)
2026-03-19 02:09:07 | INFO     | smartbot.api | GET /admin/files → 200 (13.94ms)
2026-03-19 02:09:07 | INFO     | smartbot.api | GET /admin/files → 200 (1.97ms)
2026-03-19 02:09:07 | INFO     | smartbot.api | GET /admin/sessions → 200 (23.05ms)
2026-03-19 02:09:07 | INFO     | smartbot.api | GET /admin/stats → 200 (16.03ms)
2026-03-19 02:09:07 | INFO     | smartbot.api | GET /admin/sessions → 200 (12.83ms)
2026-03-19 02:09:07 | INFO     | smartbot.api | GET /admin/chatlogs → 200 (43.94ms)
2026-03-19 02:09:07 | INFO     | smartbot.api | GET /admin/chatlogs → 200 (23.02ms)
2026-03-19 02:09:13 | INFO     | smartbot.api | OPTIONS /admin/logs/app → 200 (0.84ms)
2026-03-19 02:09:13 | INFO     | smartbot.api | OPTIONS /admin/logs/error → 200 (1.77ms)
2026-03-19 02:09:13 | INFO     | smartbot.api | OPTIONS /admin/logs/info → 200 (2.16ms)
2026-03-19 02:09:13 | INFO     | smartbot.api | GET /admin/logs/error → 200 (7.51ms)
2026-03-19 02:09:13 | INFO     | smartbot.api | GET /admin/logs/info → 200 (10.34ms)
2026-03-19 02:09:13 | INFO     | smartbot.api | GET /admin/logs/app → 200 (27.88ms)
2026-03-19 02:09:14 | INFO     | smartbot.api | GET /admin/logs/error → 200 (21.75ms)
2026-03-19 02:09:14 | INFO     | smartbot.api | GET /admin/logs/app → 200 (41.7ms)
2026-03-19 02:09:14 | INFO     | smartbot.api | GET /admin/logs/info → 200 (40.48ms)
2026-03-19 02:09:15 | INFO     | smartbot.api | GET /admin/logs/error → 200 (21.3ms)
2026-03-19 02:09:15 | INFO     | smartbot.api | GET /admin/logs/info → 200 (22.45ms)
2026-03-19 02:09:15 | INFO     | smartbot.api | GET /admin/logs/app → 200 (24.36ms)
2026-03-19 02:14:30 | INFO     | smartbot.api | POST /sessions → 200 (18.87ms)
2026-03-19 02:14:30 | INFO     | smartbot.api | POST /sessions → 200 (22.87ms)
2026-03-19 02:14:47 | INFO     | smartbot.api | OPTIONS /chat → 200 (0.66ms)
2026-03-19 02:14:50 | INFO     | smartbot.api | POST /chat → 200 (2997.14ms)
2026-03-19 02:15:36 | INFO     | smartbot.api | POST /chat → 200 (7880.71ms)
2026-03-19 02:28:09 | INFO     | smartbot.api | ==================================================
2026-03-19 02:28:09 | INFO     | smartbot.api | SmartBot V2 starting up — env: development
2026-03-19 02:28:10 | INFO     | smartbot.api | Vectorstore already has 71 chunks — skipping re-ingestion.
2026-03-19 02:28:10 | INFO     | smartbot.api | Warming up model: llama3.2:1b...
2026-03-19 02:28:12 | INFO     | smartbot.api | Model ready.
2026-03-19 02:28:12 | INFO     | smartbot.api | SmartBot V2 startup complete.
2026-03-19 02:28:12 | INFO     | smartbot.api | ==================================================
2026-03-19 02:28:12 | INFO     | smartbot.api | SmartBot V2 starting up — env: development
2026-03-19 02:28:13 | INFO     | smartbot.api | Vectorstore already has 71 chunks — skipping re-ingestion.
2026-03-19 02:28:13 | INFO     | smartbot.api | Warming up model: llama3.2:1b...
2026-03-19 02:28:13 | INFO     | smartbot.api | Model ready.
2026-03-19 02:28:13 | INFO     | smartbot.api | SmartBot V2 startup complete.
2026-03-19 02:28:29 | INFO     | smartbot.api | ==================================================
2026-03-19 02:28:29 | INFO     | smartbot.api | SmartBot V2 starting up — env: development
2026-03-19 02:28:29 | INFO     | smartbot.api | Vectorstore already has 71 chunks — skipping re-ingestion.
2026-03-19 02:28:29 | INFO     | smartbot.api | Warming up model: llama3.2:1b...
2026-03-19 02:28:30 | INFO     | smartbot.api | Model ready.
2026-03-19 02:28:30 | INFO     | smartbot.api | SmartBot V2 startup complete.
2026-03-19 02:28:31 | INFO     | smartbot.api | ==================================================
2026-03-19 02:28:31 | INFO     | smartbot.api | SmartBot V2 starting up — env: development
2026-03-19 02:28:31 | INFO     | smartbot.api | Vectorstore already has 71 chunks — skipping re-ingestion.
2026-03-19 02:28:31 | INFO     | smartbot.api | Warming up model: llama3.2:1b...
2026-03-19 02:28:31 | INFO     | smartbot.api | Model ready.
2026-03-19 02:28:31 | INFO     | smartbot.api | SmartBot V2 startup complete.
2026-03-19 02:29:11 | INFO     | smartbot.api | ==================================================
2026-03-19 02:29:11 | INFO     | smartbot.api | SmartBot V2 starting up — env: development
2026-03-19 02:29:12 | INFO     | smartbot.api | Vectorstore already has 71 chunks — skipping re-ingestion.
2026-03-19 02:29:12 | INFO     | smartbot.api | Warming up model: llama3.2:1b...
2026-03-19 02:29:12 | INFO     | smartbot.api | Model ready.
2026-03-19 02:29:12 | INFO     | smartbot.api | SmartBot V2 startup complete.
2026-03-19 02:29:13 | INFO     | smartbot.api | ==================================================
2026-03-19 02:29:13 | INFO     | smartbot.api | SmartBot V2 starting up — env: development
2026-03-19 02:29:13 | INFO     | smartbot.api | Vectorstore already has 71 chunks — skipping re-ingestion.
2026-03-19 02:29:13 | INFO     | smartbot.api | Warming up model: llama3.2:1b...
2026-03-19 02:29:13 | INFO     | smartbot.api | Model ready.
2026-03-19 02:29:13 | INFO     | smartbot.api | SmartBot V2 startup complete.
2026-03-19 02:30:38 | INFO     | smartbot.api | ==================================================
2026-03-19 02:30:38 | INFO     | smartbot.api | SmartBot V2 starting up — env: development
2026-03-19 02:30:38 | INFO     | smartbot.api | Vectorstore already has 71 chunks — skipping re-ingestion.
2026-03-19 02:30:38 | INFO     | smartbot.api | Warming up model: llama3.2:1b...
2026-03-19 02:30:39 | INFO     | smartbot.api | Model ready.
2026-03-19 02:30:39 | INFO     | smartbot.api | SmartBot V2 startup complete.
2026-03-19 02:30:39 | INFO     | smartbot.api | ==================================================
2026-03-19 02:30:39 | INFO     | smartbot.api | SmartBot V2 starting up — env: development
2026-03-19 02:30:40 | INFO     | smartbot.api | Vectorstore already has 71 chunks — skipping re-ingestion.
2026-03-19 02:30:40 | INFO     | smartbot.api | Warming up model: llama3.2:1b...
2026-03-19 02:30:40 | INFO     | smartbot.api | Model ready.
2026-03-19 02:30:40 | INFO     | smartbot.api | SmartBot V2 startup complete.
2026-03-19 02:30:41 | INFO     | smartbot.api | ==================================================
2026-03-19 02:30:41 | INFO     | smartbot.api | SmartBot V2 starting up — env: development
2026-03-19 02:30:41 | INFO     | smartbot.api | Vectorstore already has 71 chunks — skipping re-ingestion.
2026-03-19 02:30:41 | INFO     | smartbot.api | Warming up model: llama3.2:1b...
2026-03-19 02:30:41 | INFO     | smartbot.api | Model ready.
2026-03-19 02:30:41 | INFO     | smartbot.api | SmartBot V2 startup complete.
2026-03-19 02:31:01 | INFO     | smartbot.api | ==================================================
2026-03-19 02:31:01 | INFO     | smartbot.api | SmartBot V2 starting up — env: development
2026-03-19 02:31:01 | INFO     | smartbot.api | Vectorstore already has 71 chunks — skipping re-ingestion.
2026-03-19 02:31:01 | INFO     | smartbot.api | Warming up model: llama3.2:1b...
2026-03-19 02:31:02 | INFO     | smartbot.api | Model ready.
2026-03-19 02:31:02 | INFO     | smartbot.api | SmartBot V2 startup complete.
2026-03-19 02:31:04 | INFO     | smartbot.api | OPTIONS /sessions → 200 (1.97ms)
2026-03-19 02:31:04 | INFO     | smartbot.api | OPTIONS /sessions → 200 (1.24ms)
2026-03-19 02:31:04 | INFO     | smartbot.api | POST /sessions → 200 (18.32ms)
2026-03-19 02:31:04 | INFO     | smartbot.api | POST /sessions → 200 (19.05ms)
2026-03-19 02:31:21 | INFO     | smartbot.api | OPTIONS /chat → 200 (0.35ms)
2026-03-19 02:31:26 | INFO     | smartbot.api | POST /chat → 200 (5509.47ms)
2026-03-19 02:32:24 | INFO     | smartbot.api | POST /chat → 200 (3866.79ms)
2026-03-19 02:33:20 | INFO     | smartbot.api | POST /chat → 200 (9460.31ms)
2026-03-19 02:33:55 | INFO     | smartbot.api | POST /chat → 200 (4198.71ms)
2026-03-19 02:36:09 | INFO     | smartbot.api | POST /chat → 200 (3744.41ms)
2026-03-19 02:37:28 | INFO     | smartbot.api | POST /chat → 200 (11924.84ms)
2026-03-19 02:39:00 | INFO     | smartbot.api | POST /sessions → 200 (25.33ms)
2026-03-19 02:39:00 | INFO     | smartbot.api | POST /sessions → 200 (29.61ms)
2026-03-19 04:56:36 | INFO     | smartbot.api | OPTIONS /sessions → 200 (1.14ms)
2026-03-19 04:56:36 | INFO     | smartbot.api | OPTIONS /sessions → 200 (1.69ms)
2026-03-19 04:56:36 | INFO     | smartbot.api | POST /sessions → 200 (71.51ms)
2026-03-19 04:56:36 | INFO     | smartbot.api | POST /sessions → 200 (72.58ms)
2026-03-19 08:18:35 | INFO     | smartbot.api | ==================================================
2026-03-19 08:18:35 | INFO     | smartbot.api | SmartBot V2 starting up — env: development
2026-03-19 08:18:35 | INFO     | smartbot.api | Vectorstore already has 71 chunks — skipping re-ingestion.
2026-03-19 08:18:35 | INFO     | smartbot.api | Warming up model: llama3.2:1b...
2026-03-19 08:18:37 | INFO     | smartbot.api | Model ready.
2026-03-19 08:18:37 | INFO     | smartbot.api | SmartBot V2 startup complete.
2026-03-19 08:35:49 | INFO     | smartbot.api | OPTIONS /sessions → 200 (1.28ms)
2026-03-19 08:35:49 | INFO     | smartbot.api | OPTIONS /sessions → 200 (2.29ms)
2026-03-19 08:35:49 | INFO     | smartbot.api | POST /sessions → 200 (47.53ms)
2026-03-19 08:35:49 | INFO     | smartbot.api | POST /sessions → 200 (45.58ms)
2026-03-19 08:37:39 | INFO     | smartbot.api | ==================================================
2026-03-19 08:37:39 | INFO     | smartbot.api | SmartBot V2 starting up — env: development
2026-03-19 08:37:39 | INFO     | smartbot.api | Vectorstore already has 71 chunks — skipping re-ingestion.
2026-03-19 08:37:39 | INFO     | smartbot.api | Warming up model: llama3.2:1b...
2026-03-19 08:37:41 | INFO     | smartbot.api | Model ready.
2026-03-19 08:37:41 | INFO     | smartbot.api | SmartBot V2 startup complete.
2026-03-19 08:37:48 | INFO     | smartbot.api | POST /sessions → 200 (30.21ms)
2026-03-19 08:37:48 | INFO     | smartbot.api | POST /sessions → 200 (28.45ms)
2026-03-19 08:38:00 | INFO     | smartbot.api | POST /sessions → 200 (6.62ms)
2026-03-19 08:38:00 | INFO     | smartbot.api | POST /sessions → 200 (8.64ms)
2026-03-19 08:38:07 | INFO     | smartbot.api | OTP sent for: admin@smartbot.com
2026-03-19 08:38:07 | INFO     | smartbot.api | POST /admin/login → 200 (233.86ms)
2026-03-19 08:38:37 | INFO     | smartbot.api | POST /admin/verify-otp → 200 (40.35ms)
2026-03-19 08:38:37 | INFO     | smartbot.api | OPTIONS /admin/stats → 200 (0.65ms)
2026-03-19 08:38:37 | INFO     | smartbot.api | OPTIONS /admin/stats → 200 (1.12ms)
2026-03-19 08:38:37 | INFO     | smartbot.api | GET /admin/stats → 200 (22.08ms)
2026-03-19 08:38:37 | INFO     | smartbot.api | OPTIONS /admin/sessions → 200 (1.61ms)
2026-03-19 08:38:37 | INFO     | smartbot.api | OPTIONS /admin/chatlogs → 200 (1.4ms)
2026-03-19 08:38:37 | INFO     | smartbot.api | OPTIONS /admin/files → 200 (0.98ms)
2026-03-19 08:38:37 | INFO     | smartbot.api | OPTIONS /admin/sessions → 200 (1.2ms)
2026-03-19 08:38:37 | INFO     | smartbot.api | OPTIONS /admin/chatlogs → 200 (1.12ms)
2026-03-19 08:38:37 | INFO     | smartbot.api | OPTIONS /admin/files → 200 (0.91ms)
2026-03-19 08:38:37 | INFO     | smartbot.api | GET /admin/stats → 200 (12.04ms)
2026-03-19 08:38:37 | INFO     | smartbot.api | GET /admin/files → 200 (15.36ms)
2026-03-19 08:38:37 | INFO     | smartbot.api | GET /admin/files → 200 (4.19ms)
2026-03-19 08:38:37 | INFO     | smartbot.api | GET /admin/stats → 200 (20.89ms)
2026-03-19 08:38:37 | INFO     | smartbot.api | GET /admin/sessions → 200 (30.92ms)
2026-03-19 08:38:37 | INFO     | smartbot.api | GET /admin/stats → 200 (7.62ms)
2026-03-19 08:38:37 | INFO     | smartbot.api | GET /admin/chatlogs → 200 (41.43ms)
2026-03-19 08:38:37 | INFO     | smartbot.api | GET /admin/sessions → 200 (13.12ms)
2026-03-19 08:38:37 | INFO     | smartbot.api | GET /admin/chatlogs → 200 (18.77ms)
2026-03-19 08:38:41 | INFO     | smartbot.api | OPTIONS /admin/audit → 200 (0.67ms)
2026-03-19 08:38:41 | INFO     | smartbot.api | OPTIONS /admin/users → 200 (0.96ms)
2026-03-19 08:38:41 | INFO     | smartbot.api | GET /admin/users → 200 (8.25ms)
2026-03-19 08:38:41 | INFO     | smartbot.api | GET /admin/audit → 200 (10.04ms)
2026-03-19 08:38:53 | INFO     | smartbot.api | GET /admin/users → 200 (5.4ms)
2026-03-19 08:38:53 | INFO     | smartbot.api | GET /admin/audit → 200 (8.01ms)
2026-03-19 08:39:07 | INFO     | smartbot.api | OPTIONS /admin/logs/app → 200 (0.7ms)
2026-03-19 08:39:07 | INFO     | smartbot.api | OPTIONS /admin/logs/error → 200 (1.05ms)
2026-03-19 08:39:07 | INFO     | smartbot.api | OPTIONS /admin/logs/info → 200 (1.33ms)
2026-03-19 08:39:07 | INFO     | smartbot.api | GET /admin/logs/error → 200 (6.08ms)
2026-03-19 08:39:07 | INFO     | smartbot.api | GET /admin/logs/info → 200 (10.86ms)
2026-03-19 08:39:07 | INFO     | smartbot.api | GET /admin/logs/app → 200 (28.91ms)
2026-03-19 08:39:08 | INFO     | smartbot.api | GET /admin/logs/error → 200 (12.33ms)
2026-03-19 08:39:08 | INFO     | smartbot.api | GET /admin/logs/app → 200 (24.69ms)
2026-03-19 08:39:08 | INFO     | smartbot.api | GET /admin/logs/info → 200 (25.38ms)
2026-03-19 08:39:16 | INFO     | smartbot.api | POST /sessions → 200 (4.64ms)
2026-03-19 08:39:16 | INFO     | smartbot.api | POST /sessions → 200 (4.88ms)
2026-03-19 08:39:25 | INFO     | smartbot.api | OTP sent for: admin@smartbot.com
2026-03-19 08:39:25 | INFO     | smartbot.api | POST /admin/login → 200 (220.08ms)
2026-03-19 08:39:33 | INFO     | smartbot.api | POST /admin/verify-otp → 200 (21.01ms)
2026-03-19 08:39:33 | INFO     | smartbot.api | GET /admin/stats → 200 (8.74ms)
2026-03-19 08:39:33 | INFO     | smartbot.api | GET /admin/stats → 200 (29.12ms)
2026-03-19 08:39:33 | INFO     | smartbot.api | GET /admin/files → 200 (30.52ms)
2026-03-19 08:39:33 | INFO     | smartbot.api | GET /admin/stats → 200 (15.81ms)
2026-03-19 08:39:33 | INFO     | smartbot.api | GET /admin/files → 200 (9.56ms)
2026-03-19 08:39:33 | INFO     | smartbot.api | GET /admin/stats → 200 (7.75ms)
2026-03-19 08:39:33 | INFO     | smartbot.api | GET /admin/sessions → 200 (58.09ms)
2026-03-19 08:39:33 | INFO     | smartbot.api | GET /admin/chatlogs → 200 (67.44ms)
2026-03-19 08:39:33 | INFO     | smartbot.api | GET /admin/sessions → 200 (14.4ms)
2026-03-19 08:39:33 | INFO     | smartbot.api | GET /admin/chatlogs → 200 (19.28ms)
2026-03-19 08:39:35 | INFO     | smartbot.api | GET /admin/users → 200 (7.3ms)
2026-03-19 08:39:35 | INFO     | smartbot.api | GET /admin/audit → 200 (8.96ms)
2026-03-19 08:39:46 | INFO     | smartbot.api | GET /admin/users → 200 (7.56ms)
2026-03-19 08:39:46 | INFO     | smartbot.api | GET /admin/audit → 200 (10.13ms)
2026-03-19 08:40:26 | INFO     | smartbot.api | GET /admin/logs/error → 200 (20.85ms)
2026-03-19 08:40:26 | INFO     | smartbot.api | GET /admin/logs/app → 200 (27.89ms)
2026-03-19 08:40:26 | INFO     | smartbot.api | GET /admin/logs/info → 200 (27.62ms)
2026-03-19 08:40:27 | INFO     | smartbot.api | GET /admin/logs/error → 200 (13.55ms)
2026-03-19 08:40:27 | INFO     | smartbot.api | GET /admin/logs/app → 200 (25.7ms)
2026-03-19 08:40:27 | INFO     | smartbot.api | GET /admin/logs/info → 200 (25.3ms)
2026-03-19 08:40:43 | INFO     | smartbot.api | GET /admin/audit → 200 (7.14ms)
2026-03-19 08:40:43 | INFO     | smartbot.api | GET /admin/users → 200 (6.97ms)
2026-03-19 08:40:44 | INFO     | smartbot.api | GET /admin/users → 200 (7.36ms)
2026-03-19 08:40:44 | INFO     | smartbot.api | GET /admin/audit → 200 (8.8ms)
2026-03-19 08:40:45 | INFO     | smartbot.api | GET /admin/users → 200 (6.36ms)
2026-03-19 08:40:45 | INFO     | smartbot.api | GET /admin/audit → 200 (7.92ms)
2026-03-19 08:41:01 | INFO     | smartbot.api | POST /sessions → 200 (7.41ms)
2026-03-19 08:41:01 | INFO     | smartbot.api | POST /sessions → 200 (8.47ms)
2026-03-19 08:42:17 | INFO     | smartbot.api | OPTIONS /chat → 200 (0.4ms)
2026-03-19 08:42:22 | INFO     | smartbot.api | POST /chat → 200 (4977.24ms)
2026-03-19 08:44:11 | INFO     | smartbot.api | POST /chat → 200 (5744.97ms)
2026-03-19 08:45:26 | INFO     | smartbot.api | POST /chat → 200 (5503.96ms)
2026-03-19 08:46:24 | INFO     | smartbot.api | POST /chat → 200 (3417.6ms)
2026-03-19 08:48:35 | INFO     | smartbot.api | OPTIONS /sessions → 200 (1.91ms)
2026-03-19 08:48:35 | INFO     | smartbot.api | OPTIONS /sessions → 200 (8.51ms)
2026-03-19 08:48:35 | INFO     | smartbot.api | POST /sessions → 200 (52.28ms)
2026-03-19 08:48:35 | INFO     | smartbot.api | POST /sessions → 200 (47.1ms)
2026-03-19 08:49:52 | INFO     | smartbot.api | POST /sessions → 200 (13.78ms)
2026-03-19 08:49:52 | INFO     | smartbot.api | POST /sessions → 200 (16.2ms)
2026-03-20 07:09:17 | INFO     | smartbot.api | OTP sent for: admin@smartbot.com
2026-03-20 07:09:17 | INFO     | smartbot.api | POST /admin/login → 200 (260.44ms)
2026-03-20 07:09:28 | INFO     | smartbot.api | POST /admin/verify-otp → 200 (41.02ms)
2026-03-20 07:09:28 | INFO     | smartbot.api | OPTIONS /admin/stats → 200 (0.79ms)
2026-03-20 07:09:28 | INFO     | smartbot.api | GET /admin/stats → 200 (14.12ms)
2026-03-20 07:09:28 | INFO     | smartbot.api | OPTIONS /admin/sessions → 200 (0.56ms)
2026-03-20 07:09:28 | INFO     | smartbot.api | OPTIONS /admin/chatlogs → 200 (2.29ms)
2026-03-20 07:09:28 | INFO     | smartbot.api | OPTIONS /admin/files → 200 (2.69ms)
2026-03-20 07:09:28 | INFO     | smartbot.api | GET /admin/stats → 200 (11.68ms)
2026-03-20 07:09:28 | INFO     | smartbot.api | OPTIONS /admin/sessions → 200 (2.03ms)
2026-03-20 07:09:28 | INFO     | smartbot.api | OPTIONS /admin/files → 200 (1.82ms)
2026-03-20 07:09:28 | INFO     | smartbot.api | OPTIONS /admin/chatlogs → 200 (2.01ms)
2026-03-20 07:09:28 | INFO     | smartbot.api | GET /admin/files → 200 (58.99ms)
2026-03-20 07:09:28 | INFO     | smartbot.api | GET /admin/files → 200 (1.78ms)
2026-03-20 07:09:28 | INFO     | smartbot.api | GET /admin/stats → 200 (71.82ms)
2026-03-20 07:09:28 | INFO     | smartbot.api | GET /admin/stats → 200 (9.48ms)
2026-03-20 07:09:28 | INFO     | smartbot.api | GET /admin/sessions → 200 (93.91ms)
2026-03-20 07:09:28 | INFO     | smartbot.api | GET /admin/chatlogs → 200 (106.42ms)
2026-03-20 07:09:28 | INFO     | smartbot.api | GET /admin/sessions → 200 (15.87ms)
2026-03-20 07:09:28 | INFO     | smartbot.api | GET /admin/chatlogs → 200 (20.56ms)
2026-03-20 07:09:30 | INFO     | smartbot.api | OPTIONS /admin/audit → 200 (0.49ms)
2026-03-20 07:09:30 | INFO     | smartbot.api | OPTIONS /admin/users → 200 (0.89ms)
2026-03-20 07:09:30 | INFO     | smartbot.api | GET /admin/audit → 200 (5.87ms)
2026-03-20 07:09:30 | INFO     | smartbot.api | GET /admin/users → 200 (5.84ms)
2026-03-20 07:09:35 | INFO     | smartbot.api | GET /admin/users → 200 (11.85ms)
2026-03-20 07:09:35 | INFO     | smartbot.api | GET /admin/audit → 200 (12.99ms)
2026-03-20 07:09:38 | INFO     | smartbot.api | GET /admin/users → 200 (8.5ms)
2026-03-20 07:09:38 | INFO     | smartbot.api | GET /admin/audit → 200 (9.45ms)
2026-03-20 07:09:38 | INFO     | smartbot.api | OPTIONS /admin/logs/app → 200 (1.02ms)
2026-03-20 07:09:38 | INFO     | smartbot.api | OPTIONS /admin/logs/error → 200 (1.39ms)
2026-03-20 07:09:38 | INFO     | smartbot.api | OPTIONS /admin/logs/info → 200 (1.33ms)
2026-03-20 07:09:38 | INFO     | smartbot.api | GET /admin/logs/error → 200 (8.2ms)
2026-03-20 07:09:38 | INFO     | smartbot.api | GET /admin/logs/app → 200 (28.18ms)
2026-03-20 07:09:38 | INFO     | smartbot.api | GET /admin/logs/info → 200 (27.87ms)
2026-03-20 07:09:39 | INFO     | smartbot.api | GET /admin/logs/error → 200 (7.22ms)
2026-03-20 07:09:39 | INFO     | smartbot.api | GET /admin/logs/app → 200 (27.15ms)
2026-03-20 07:09:39 | INFO     | smartbot.api | GET /admin/logs/info → 200 (27.13ms)
2026-03-20 07:10:08 | INFO     | smartbot.api | OPTIONS /sessions → 200 (0.33ms)
2026-03-20 07:10:08 | INFO     | smartbot.api | OPTIONS /sessions → 200 (0.35ms)
2026-03-20 07:10:08 | INFO     | smartbot.api | POST /sessions → 200 (6.63ms)
2026-03-20 07:10:08 | INFO     | smartbot.api | POST /sessions → 200 (6.63ms)
2026-03-20 07:16:25 | INFO     | smartbot.api | OTP sent for: admin@smartbot.com
2026-03-20 07:16:25 | INFO     | smartbot.api | POST /admin/login → 200 (226.11ms)
2026-03-20 07:16:35 | INFO     | smartbot.api | POST /admin/verify-otp → 200 (18.52ms)
2026-03-20 07:16:35 | INFO     | smartbot.api | GET /admin/stats → 200 (10.97ms)
2026-03-20 07:16:35 | INFO     | smartbot.api | GET /admin/stats → 200 (21.49ms)
2026-03-20 07:16:35 | INFO     | smartbot.api | GET /admin/files → 200 (21.08ms)
2026-03-20 07:16:35 | INFO     | smartbot.api | GET /admin/files → 200 (10.24ms)
2026-03-20 07:16:35 | INFO     | smartbot.api | GET /admin/stats → 200 (13.13ms)
2026-03-20 07:16:35 | INFO     | smartbot.api | GET /admin/stats → 200 (7.8ms)
2026-03-20 07:16:35 | INFO     | smartbot.api | GET /admin/sessions → 200 (48.81ms)
2026-03-20 07:16:35 | INFO     | smartbot.api | GET /admin/chatlogs → 200 (60.55ms)
2026-03-20 07:16:35 | INFO     | smartbot.api | GET /admin/sessions → 200 (14.77ms)
2026-03-20 07:16:35 | INFO     | smartbot.api | GET /admin/chatlogs → 200 (20.07ms)
2026-03-20 07:16:38 | INFO     | smartbot.api | GET /admin/audit → 200 (7.09ms)
2026-03-20 07:16:38 | INFO     | smartbot.api | GET /admin/users → 200 (7.09ms)
2026-03-20 07:16:41 | INFO     | smartbot.api | GET /admin/users → 200 (6.86ms)
2026-03-20 07:16:41 | INFO     | smartbot.api | GET /admin/audit → 200 (8.03ms)
2026-03-20 07:16:42 | INFO     | smartbot.api | GET /admin/users → 200 (6.76ms)
2026-03-20 07:16:42 | INFO     | smartbot.api | GET /admin/audit → 200 (8.07ms)
2026-03-20 07:44:05 | INFO     | smartbot.api | ==================================================
2026-03-20 07:44:05 | INFO     | smartbot.api | SmartBot V2 starting up — env: development
2026-03-20 07:44:05 | INFO     | smartbot.api | Vectorstore already has 71 chunks — skipping re-ingestion.
2026-03-20 07:44:05 | INFO     | smartbot.api | Warming up model: llama3.2:1b...
2026-03-20 07:44:07 | INFO     | smartbot.api | Model ready.
2026-03-20 07:44:07 | INFO     | smartbot.api | SmartBot V2 startup complete.
2026-03-20 07:44:08 | INFO     | smartbot.api | ==================================================
2026-03-20 07:44:08 | INFO     | smartbot.api | SmartBot V2 starting up — env: development
2026-03-20 07:44:08 | INFO     | smartbot.api | Vectorstore already has 71 chunks — skipping re-ingestion.
2026-03-20 07:44:08 | INFO     | smartbot.api | Warming up model: llama3.2:1b...
2026-03-20 07:44:08 | INFO     | smartbot.api | Model ready.
2026-03-20 07:44:08 | INFO     | smartbot.api | SmartBot V2 startup complete.
2026-03-20 07:44:09 | INFO     | smartbot.api | ==================================================
2026-03-20 07:44:09 | INFO     | smartbot.api | SmartBot V2 starting up — env: development
2026-03-20 07:44:09 | INFO     | smartbot.api | Vectorstore already has 71 chunks — skipping re-ingestion.
2026-03-20 07:44:09 | INFO     | smartbot.api | Warming up model: llama3.2:1b...
2026-03-20 07:44:10 | INFO     | smartbot.api | Model ready.
2026-03-20 07:44:10 | INFO     | smartbot.api | SmartBot V2 startup complete.
2026-03-20 07:44:13 | INFO     | smartbot.api | ==================================================
2026-03-20 07:44:13 | INFO     | smartbot.api | SmartBot V2 starting up — env: development
2026-03-20 07:44:13 | INFO     | smartbot.api | Vectorstore already has 71 chunks — skipping re-ingestion.
2026-03-20 07:44:13 | INFO     | smartbot.api | Warming up model: llama3.2:1b...
2026-03-20 07:44:13 | INFO     | smartbot.api | Model ready.
2026-03-20 07:44:13 | INFO     | smartbot.api | SmartBot V2 startup complete.
2026-03-20 07:44:14 | INFO     | smartbot.api | ==================================================
2026-03-20 07:44:14 | INFO     | smartbot.api | SmartBot V2 starting up — env: development
2026-03-20 07:44:14 | INFO     | smartbot.api | Vectorstore already has 71 chunks — skipping re-ingestion.
2026-03-20 07:44:14 | INFO     | smartbot.api | Warming up model: llama3.2:1b...
2026-03-20 07:44:15 | INFO     | smartbot.api | Model ready.
2026-03-20 07:44:15 | INFO     | smartbot.api | SmartBot V2 startup complete.
2026-03-20 07:44:19 | INFO     | smartbot.api | ==================================================
2026-03-20 07:44:19 | INFO     | smartbot.api | SmartBot V2 starting up — env: development
2026-03-20 07:44:19 | INFO     | smartbot.api | Vectorstore already has 71 chunks — skipping re-ingestion.
2026-03-20 07:44:19 | INFO     | smartbot.api | Warming up model: llama3.2:1b...
2026-03-20 07:44:19 | INFO     | smartbot.api | Model ready.
2026-03-20 07:44:19 | INFO     | smartbot.api | SmartBot V2 startup complete.
2026-03-20 07:44:20 | INFO     | smartbot.api | ==================================================
2026-03-20 07:44:20 | INFO     | smartbot.api | SmartBot V2 starting up — env: development
2026-03-20 07:44:20 | INFO     | smartbot.api | Vectorstore already has 71 chunks — skipping re-ingestion.
2026-03-20 07:44:20 | INFO     | smartbot.api | Warming up model: llama3.2:1b...
2026-03-20 07:44:21 | INFO     | smartbot.api | Model ready.
2026-03-20 07:44:21 | INFO     | smartbot.api | SmartBot V2 startup complete.
2026-03-20 07:48:34 | INFO     | smartbot.api | OPTIONS /admin/stats → 200 (2.83ms)
2026-03-20 07:48:34 | INFO     | smartbot.api | OPTIONS /admin/sessions → 200 (17.94ms)
2026-03-20 07:48:34 | INFO     | smartbot.api | OPTIONS /admin/chatlogs → 200 (21.46ms)
2026-03-20 07:48:34 | INFO     | smartbot.api | OPTIONS /admin/files → 200 (6.43ms)
2026-03-20 07:48:34 | INFO     | smartbot.api | OPTIONS /admin/stats → 200 (3.19ms)
2026-03-20 07:48:34 | INFO     | smartbot.api | OPTIONS /admin/sessions → 200 (3.1ms)
2026-03-20 07:48:34 | INFO     | smartbot.api | OPTIONS /admin/chatlogs → 200 (0.17ms)
2026-03-20 07:48:34 | INFO     | smartbot.api | OPTIONS /admin/files → 200 (0.21ms)
2026-03-20 07:48:35 | INFO     | smartbot.api | GET /admin/chatlogs → 200 (93.16ms)
2026-03-20 07:48:35 | INFO     | smartbot.api | GET /admin/files → 200 (143.42ms)
2026-03-20 07:48:35 | INFO     | smartbot.api | GET /admin/stats → 200 (164.26ms)
2026-03-20 07:48:35 | INFO     | smartbot.api | GET /admin/files → 200 (8.8ms)
2026-03-20 07:48:35 | INFO     | smartbot.api | GET /admin/stats → 200 (7.92ms)
2026-03-20 07:48:35 | INFO     | smartbot.api | GET /admin/sessions → 200 (164.43ms)
2026-03-20 07:48:35 | INFO     | smartbot.api | GET /admin/chatlogs → 200 (78.42ms)
2026-03-20 07:48:35 | INFO     | smartbot.api | GET /admin/sessions → 200 (14.49ms)
2026-03-20 07:50:41 | INFO     | smartbot.api | ==================================================
2026-03-20 07:50:41 | INFO     | smartbot.api | SmartBot V2 starting up — env: development
2026-03-20 07:50:41 | INFO     | smartbot.api | Vectorstore already has 71 chunks — skipping re-ingestion.
2026-03-20 07:50:41 | INFO     | smartbot.api | Warming up model: llama3.2:1b...
2026-03-20 07:50:42 | INFO     | smartbot.api | Model ready.
2026-03-20 07:50:42 | INFO     | smartbot.api | SmartBot V2 startup complete.
2026-03-20 07:50:49 | INFO     | smartbot.api | GET /admin/stats → 200 (24.36ms)
2026-03-20 07:50:49 | INFO     | smartbot.api | GET /admin/stats → 200 (5.8ms)
2026-03-20 07:50:49 | INFO     | smartbot.api | GET /admin/files → 200 (7.99ms)
2026-03-20 07:50:49 | INFO     | smartbot.api | GET /admin/stats → 200 (10.56ms)
2026-03-20 07:50:49 | INFO     | smartbot.api | GET /admin/files → 200 (5.03ms)
2026-03-20 07:50:49 | INFO     | smartbot.api | GET /admin/sessions → 200 (21.03ms)
2026-03-20 07:50:49 | INFO     | smartbot.api | GET /admin/stats → 200 (6.92ms)
2026-03-20 07:50:49 | INFO     | smartbot.api | GET /admin/sessions → 200 (12.88ms)
2026-03-20 07:50:49 | INFO     | smartbot.api | GET /admin/chatlogs → 200 (34.09ms)
2026-03-20 07:50:49 | INFO     | smartbot.api | GET /admin/chatlogs → 200 (22.5ms)
2026-03-20 07:50:56 | INFO     | smartbot.api | GET /admin/stats → 200 (5.32ms)
2026-03-20 07:50:56 | INFO     | smartbot.api | GET /admin/stats → 200 (15.09ms)
2026-03-20 07:50:56 | INFO     | smartbot.api | GET /admin/files → 200 (13.63ms)
2026-03-20 07:50:56 | INFO     | smartbot.api | GET /admin/files → 200 (11.7ms)
2026-03-20 07:50:56 | INFO     | smartbot.api | GET /admin/stats → 200 (11.63ms)
2026-03-20 07:50:57 | INFO     | smartbot.api | GET /admin/stats → 200 (7.54ms)
2026-03-20 07:50:57 | INFO     | smartbot.api | GET /admin/sessions → 200 (42.05ms)
2026-03-20 07:50:57 | INFO     | smartbot.api | GET /admin/chatlogs → 200 (55.38ms)
2026-03-20 07:50:57 | INFO     | smartbot.api | GET /admin/sessions → 200 (16.41ms)
2026-03-20 07:50:57 | INFO     | smartbot.api | GET /admin/chatlogs → 200 (24.5ms)
2026-03-20 07:50:59 | INFO     | smartbot.api | GET /admin/stats → 200 (5.86ms)
2026-03-20 07:50:59 | INFO     | smartbot.api | GET /admin/stats → 200 (13.5ms)
2026-03-20 07:50:59 | INFO     | smartbot.api | GET /admin/files → 200 (13.47ms)
2026-03-20 07:50:59 | INFO     | smartbot.api | GET /admin/files → 200 (10.74ms)
2026-03-20 07:50:59 | INFO     | smartbot.api | GET /admin/stats → 200 (13.37ms)
2026-03-20 07:50:59 | INFO     | smartbot.api | GET /admin/stats → 200 (7.69ms)
2026-03-20 07:50:59 | INFO     | smartbot.api | GET /admin/sessions → 200 (38.78ms)
2026-03-20 07:50:59 | INFO     | smartbot.api | GET /admin/chatlogs → 200 (52.57ms)
2026-03-20 07:50:59 | INFO     | smartbot.api | GET /admin/sessions → 200 (17.42ms)
2026-03-20 07:50:59 | INFO     | smartbot.api | GET /admin/chatlogs → 200 (21.03ms)
2026-03-20 07:51:01 | INFO     | smartbot.api | GET /admin/stats → 200 (5.04ms)
2026-03-20 07:51:01 | INFO     | smartbot.api | GET /admin/stats → 200 (12.53ms)
2026-03-20 07:51:01 | INFO     | smartbot.api | GET /admin/files → 200 (14.86ms)
2026-03-20 07:51:01 | INFO     | smartbot.api | GET /admin/files → 200 (10.78ms)
2026-03-20 07:51:01 | INFO     | smartbot.api | GET /admin/stats → 200 (14.52ms)
2026-03-20 07:51:01 | INFO     | smartbot.api | GET /admin/stats → 200 (7.79ms)
2026-03-20 07:51:01 | INFO     | smartbot.api | GET /admin/sessions → 200 (40.81ms)
2026-03-20 07:51:01 | INFO     | smartbot.api | GET /admin/chatlogs → 200 (54.55ms)
2026-03-20 07:51:01 | INFO     | smartbot.api | GET /admin/sessions → 200 (15.84ms)
2026-03-20 07:51:01 | INFO     | smartbot.api | GET /admin/chatlogs → 200 (19.93ms)
2026-03-20 07:51:10 | INFO     | smartbot.api | OPTIONS /sessions → 200 (0.26ms)
2026-03-20 07:51:10 | INFO     | smartbot.api | POST /sessions → 200 (15.99ms)
2026-03-20 07:51:10 | INFO     | smartbot.api | POST /sessions → 200 (15.28ms)
2026-03-20 07:51:26 | INFO     | smartbot.api | GET /admin/stats → 200 (5.91ms)
2026-03-20 07:51:26 | INFO     | smartbot.api | GET /admin/stats → 200 (6.57ms)
2026-03-20 07:51:26 | INFO     | smartbot.api | GET /admin/files → 200 (14.21ms)
2026-03-20 07:51:26 | INFO     | smartbot.api | GET /admin/stats → 200 (17.39ms)
2026-03-20 07:51:26 | INFO     | smartbot.api | GET /admin/files → 200 (5.67ms)
2026-03-20 07:51:26 | INFO     | smartbot.api | GET /admin/stats → 200 (5.16ms)
2026-03-20 07:51:26 | INFO     | smartbot.api | GET /admin/sessions → 200 (31.65ms)
2026-03-20 07:51:26 | INFO     | smartbot.api | GET /admin/chatlogs → 200 (43.83ms)
2026-03-20 07:51:26 | INFO     | smartbot.api | GET /admin/sessions → 200 (15.45ms)
2026-03-20 07:51:26 | INFO     | smartbot.api | GET /admin/chatlogs → 200 (19.23ms)
2026-03-20 07:51:33 | INFO     | smartbot.api | GET /admin/stats → 200 (5.68ms)
2026-03-20 07:51:33 | INFO     | smartbot.api | GET /admin/stats → 200 (7.37ms)
2026-03-20 07:51:33 | INFO     | smartbot.api | GET /admin/files → 200 (15.33ms)
2026-03-20 07:51:33 | INFO     | smartbot.api | GET /admin/stats → 200 (19.96ms)
2026-03-20 07:51:33 | INFO     | smartbot.api | GET /admin/files → 200 (14.59ms)
2026-03-20 07:51:33 | INFO     | smartbot.api | GET /admin/stats → 200 (13.69ms)
2026-03-20 07:51:33 | INFO     | smartbot.api | GET /admin/sessions → 200 (44.29ms)
2026-03-20 07:51:33 | INFO     | smartbot.api | GET /admin/chatlogs → 200 (58.43ms)
2026-03-20 07:51:33 | INFO     | smartbot.api | GET /admin/sessions → 200 (16.8ms)
2026-03-20 07:51:33 | INFO     | smartbot.api | GET /admin/chatlogs → 200 (20.64ms)
2026-03-20 07:51:37 | INFO     | smartbot.api | POST /sessions → 200 (5.1ms)
2026-03-20 07:51:37 | INFO     | smartbot.api | POST /sessions → 200 (5.36ms)
2026-03-20 07:51:43 | INFO     | smartbot.api | OTP sent for: admin@smartbot.com
2026-03-20 07:51:43 | INFO     | smartbot.api | POST /admin/login → 200 (236.6ms)
2026-03-20 07:51:54 | INFO     | smartbot.api | POST /admin/verify-otp → 200 (23.61ms)
2026-03-20 07:51:54 | INFO     | smartbot.api | GET /admin/stats → 200 (8.35ms)
2026-03-20 07:51:54 | INFO     | smartbot.api | GET /admin/stats → 200 (11.77ms)
2026-03-20 07:51:54 | INFO     | smartbot.api | GET /admin/files → 200 (19.8ms)
2026-03-20 07:51:54 | INFO     | smartbot.api | GET /admin/stats → 200 (17.82ms)
2026-03-20 07:51:54 | INFO     | smartbot.api | GET /admin/files → 200 (5.66ms)
2026-03-20 07:51:54 | INFO     | smartbot.api | GET /admin/stats → 200 (7.75ms)
2026-03-20 07:51:54 | INFO     | smartbot.api | GET /admin/sessions → 200 (39.41ms)
2026-03-20 07:51:54 | INFO     | smartbot.api | GET /admin/chatlogs → 200 (50.97ms)
2026-03-20 07:51:54 | INFO     | smartbot.api | GET /admin/sessions → 200 (15.43ms)
2026-03-20 07:51:54 | INFO     | smartbot.api | GET /admin/chatlogs → 200 (21.9ms)
2026-03-20 07:51:57 | INFO     | smartbot.api | OPTIONS /admin/audit → 200 (0.53ms)
2026-03-20 07:51:57 | INFO     | smartbot.api | OPTIONS /admin/users → 200 (0.89ms)
2026-03-20 07:51:57 | INFO     | smartbot.api | GET /admin/users → 200 (8.73ms)
2026-03-20 07:51:57 | INFO     | smartbot.api | GET /admin/audit → 200 (11.9ms)
2026-03-20 07:52:40 | INFO     | smartbot.api | POST /admin/users → 200 (237.97ms)
2026-03-20 07:52:40 | INFO     | smartbot.api | GET /admin/audit → 200 (1.73ms)
2026-03-20 07:52:40 | INFO     | smartbot.api | GET /admin/users → 200 (1.97ms)
2026-03-20 07:53:37 | INFO     | smartbot.api | GET /admin/users → 200 (7.8ms)
2026-03-20 07:53:37 | INFO     | smartbot.api | GET /admin/audit → 200 (11.41ms)
2026-03-20 07:53:56 | INFO     | smartbot.api | GET /admin/users → 200 (7.45ms)
2026-03-20 07:53:56 | INFO     | smartbot.api | GET /admin/audit → 200 (9.15ms)
2026-03-20 07:53:59 | INFO     | smartbot.api | OPTIONS /admin/users/b09ffa29-c40c-419e-b1c1-ed36cb0d7cde/role → 200 (0.47ms)
2026-03-20 07:53:59 | INFO     | smartbot.api | PATCH /admin/users/b09ffa29-c40c-419e-b1c1-ed36cb0d7cde/role → 200 (11.11ms)
2026-03-20 07:53:59 | INFO     | smartbot.api | GET /admin/users → 200 (4.84ms)
2026-03-20 07:53:59 | INFO     | smartbot.api | GET /admin/audit → 200 (5.36ms)
2026-03-20 07:54:03 | INFO     | smartbot.api | GET /admin/audit → 200 (7.67ms)
2026-03-20 07:54:03 | INFO     | smartbot.api | GET /admin/users → 200 (8.21ms)
2026-03-20 07:54:05 | INFO     | smartbot.api | GET /admin/users → 200 (6.79ms)
2026-03-20 07:54:05 | INFO     | smartbot.api | GET /admin/audit → 200 (8.1ms)
2026-03-20 07:54:08 | INFO     | smartbot.api | OPTIONS /admin/users/b09ffa29-c40c-419e-b1c1-ed36cb0d7cde/role → 200 (0.4ms)
2026-03-20 07:54:08 | INFO     | smartbot.api | PATCH /admin/users/b09ffa29-c40c-419e-b1c1-ed36cb0d7cde/role → 200 (14.35ms)
2026-03-20 07:54:08 | INFO     | smartbot.api | GET /admin/audit → 200 (6.51ms)
2026-03-20 07:54:08 | INFO     | smartbot.api | GET /admin/users → 200 (6.64ms)
2026-03-20 07:54:20 | INFO     | smartbot.api | OPTIONS /admin/users/b09ffa29-c40c-419e-b1c1-ed36cb0d7cde/reset-password → 200 (0.42ms)
2026-03-20 07:54:20 | INFO     | smartbot.api | PATCH /admin/users/b09ffa29-c40c-419e-b1c1-ed36cb0d7cde/reset-password → 200 (226.22ms)
2026-03-20 07:54:20 | INFO     | smartbot.api | GET /admin/audit → 200 (1.89ms)
2026-03-20 07:54:20 | INFO     | smartbot.api | GET /admin/users → 200 (1.87ms)
2026-03-20 07:54:22 | INFO     | smartbot.api | GET /admin/users → 200 (6.81ms)
2026-03-20 07:54:22 | INFO     | smartbot.api | GET /admin/audit → 200 (8.0ms)
2026-03-20 07:55:44 | INFO     | smartbot.api | GET /admin/users → 200 (9.08ms)
2026-03-20 07:55:44 | INFO     | smartbot.api | GET /admin/audit → 200 (13.28ms)
2026-03-20 07:55:45 | INFO     | smartbot.api | GET /admin/users → 200 (10.07ms)
2026-03-20 07:55:45 | INFO     | smartbot.api | GET /admin/audit → 200 (11.09ms)
2026-03-20 07:55:47 | INFO     | smartbot.api | OPTIONS /admin/logs/app → 200 (0.95ms)
2026-03-20 07:55:47 | INFO     | smartbot.api | OPTIONS /admin/logs/error → 200 (1.13ms)
2026-03-20 07:55:47 | INFO     | smartbot.api | OPTIONS /admin/logs/info → 200 (0.8ms)
2026-03-20 07:55:47 | INFO     | smartbot.api | GET /admin/logs/error → 200 (8.75ms)
2026-03-20 07:55:47 | INFO     | smartbot.api | GET /admin/logs/info → 200 (11.26ms)
2026-03-20 07:55:48 | INFO     | smartbot.api | GET /admin/logs/app → 200 (32.69ms)
2026-03-20 07:55:49 | INFO     | smartbot.api | GET /admin/audit → 200 (8.01ms)
2026-03-20 07:55:49 | INFO     | smartbot.api | GET /admin/users → 200 (7.94ms)
2026-03-20 07:57:01 | INFO     | smartbot.api | GET /admin/logs/error → 200 (33.89ms)
2026-03-20 07:57:01 | INFO     | smartbot.api | GET /admin/logs/app → 200 (37.52ms)
2026-03-20 07:57:01 | INFO     | smartbot.api | GET /admin/logs/info → 200 (35.93ms)
2026-03-20 07:57:10 | INFO     | smartbot.api | POST /sessions → 200 (14.9ms)
2026-03-20 07:57:10 | INFO     | smartbot.api | POST /sessions → 200 (17.62ms)
2026-03-20 07:57:16 | INFO     | smartbot.api | POST /sessions → 200 (4.85ms)
2026-03-20 07:57:16 | INFO     | smartbot.api | POST /sessions → 200 (6.42ms)
2026-03-20 07:57:32 | INFO     | smartbot.api | OTP sent for: abraham@gmail.com
2026-03-20 07:57:32 | INFO     | smartbot.api | POST /admin/login → 200 (219.42ms)
2026-03-20 07:57:40 | INFO     | smartbot.api | POST /admin/verify-otp → 200 (15.39ms)
2026-03-20 07:57:40 | INFO     | smartbot.api | GET /admin/stats → 200 (12.1ms)
2026-03-20 07:57:40 | INFO     | smartbot.api | GET /admin/stats → 200 (29.55ms)
2026-03-20 07:57:40 | INFO     | smartbot.api | GET /admin/files → 200 (30.11ms)
2026-03-20 07:57:40 | INFO     | smartbot.api | GET /admin/files → 200 (13.11ms)
2026-03-20 07:57:40 | INFO     | smartbot.api | GET /admin/stats → 200 (17.94ms)
2026-03-20 07:57:40 | INFO     | smartbot.api | GET /admin/stats → 200 (13.33ms)
2026-03-20 07:57:40 | INFO     | smartbot.api | GET /admin/sessions → 200 (67.43ms)
2026-03-20 07:57:40 | INFO     | smartbot.api | GET /admin/chatlogs → 200 (78.78ms)
2026-03-20 07:57:40 | INFO     | smartbot.api | GET /admin/sessions → 200 (15.98ms)
2026-03-20 07:57:40 | INFO     | smartbot.api | GET /admin/chatlogs → 200 (20.83ms)
2026-03-20 07:57:54 | INFO     | smartbot.api | GET /admin/logs/error → 200 (28.26ms)
2026-03-20 07:57:54 | INFO     | smartbot.api | GET /admin/logs/app → 200 (30.54ms)
2026-03-20 07:57:54 | INFO     | smartbot.api | GET /admin/logs/info → 200 (30.84ms)
2026-03-20 07:57:55 | INFO     | smartbot.api | GET /admin/logs/error → 200 (27.46ms)
2026-03-20 07:57:55 | INFO     | smartbot.api | GET /admin/logs/app → 200 (30.51ms)
2026-03-20 07:57:55 | INFO     | smartbot.api | GET /admin/logs/info → 200 (30.24ms)
2026-03-20 07:58:15 | WARNING  | smartbot.api | GET /admin/users → 403 (7.12ms)
2026-03-20 07:58:15 | INFO     | smartbot.api | GET /admin/audit → 200 (9.56ms)
2026-03-20 07:58:20 | WARNING  | smartbot.api | GET /admin/users → 403 (6.61ms)
2026-03-20 07:58:20 | INFO     | smartbot.api | GET /admin/audit → 200 (8.89ms)
2026-03-20 12:03:00 | INFO     | smartbot.api | ==================================================
2026-03-20 12:03:00 | INFO     | smartbot.api | SmartBot V2 starting up — env: development
2026-03-20 12:03:01 | INFO     | smartbot.api | Vectorstore already has 71 chunks — skipping re-ingestion.
2026-03-20 12:03:01 | INFO     | smartbot.api | Warming up model: llama3.2:1b...
2026-03-20 12:03:02 | INFO     | smartbot.api | Model ready.
2026-03-20 12:03:02 | INFO     | smartbot.api | SmartBot V2 startup complete.
2026-03-20 12:03:08 | INFO     | smartbot.api | OPTIONS /admin/stats → 200 (0.27ms)
2026-03-20 12:03:08 | INFO     | smartbot.api | OPTIONS /admin/stats → 200 (0.51ms)
2026-03-20 12:03:08 | ERROR    | smartbot.api | GET /admin/stats → ERROR (13.56ms): (psycopg2.errors.UndefinedColumn) column chat_sessions.user_id does not exist
LINE 2: ..._sessions.ip_address AS chat_sessions_ip_address, chat_sessi...
                                                             ^

[SQL: SELECT count(*) AS count_1 
FROM (SELECT chat_sessions.id AS chat_sessions_id, chat_sessions.title AS chat_sessions_title, chat_sessions.created_at AS chat_sessions_created_at, chat_sessions.updated_at AS chat_sessions_updated_at, chat_sessions.is_active AS chat_sessions_is_active, chat_sessions.ip_address AS chat_sessions_ip_address, chat_sessions.user_id AS chat_sessions_user_id 
FROM chat_sessions) AS anon_1]
(Background on this error at: https://sqlalche.me/e/20/f405)
2026-03-20 12:03:09 | ERROR    | smartbot.api | GET /admin/stats → ERROR (1.91ms): (psycopg2.errors.UndefinedColumn) column chat_sessions.user_id does not exist
LINE 2: ..._sessions.ip_address AS chat_sessions_ip_address, chat_sessi...
                                                             ^

[SQL: SELECT count(*) AS count_1 
FROM (SELECT chat_sessions.id AS chat_sessions_id, chat_sessions.title AS chat_sessions_title, chat_sessions.created_at AS chat_sessions_created_at, chat_sessions.updated_at AS chat_sessions_updated_at, chat_sessions.is_active AS chat_sessions_is_active, chat_sessions.ip_address AS chat_sessions_ip_address, chat_sessions.user_id AS chat_sessions_user_id 
FROM chat_sessions) AS anon_1]
(Background on this error at: https://sqlalche.me/e/20/f405)
2026-03-20 12:04:08 | INFO     | smartbot.api | OPTIONS /sessions → 200 (0.76ms)
2026-03-20 12:04:08 | INFO     | smartbot.api | OPTIONS /sessions → 200 (1.09ms)
2026-03-20 12:04:08 | ERROR    | smartbot.api | POST /sessions → ERROR (12.67ms): (psycopg2.errors.UndefinedColumn) column "user_id" of relation "chat_sessions" does not exist
LINE 1: ...e, created_at, updated_at, is_active, ip_address, user_id) V...
                                                             ^

[SQL: INSERT INTO chat_sessions (id, title, created_at, updated_at, is_active, ip_address, user_id) VALUES (%(id)s::UUID, %(title)s, %(created_at)s, %(updated_at)s, %(is_active)s, %(ip_address)s, %(user_id)s::UUID)]
[parameters: {'id': UUID('5c30fa2c-f651-4376-9c4f-c8e92a12bd85'), 'title': 'New Chat', 'created_at': datetime.datetime(2026, 3, 20, 19, 4, 8, 895866, tzinfo=datetime.timezone.utc), 'updated_at': datetime.datetime(2026, 3, 20, 19, 4, 8, 895873, tzinfo=datetime.timezone.utc), 'is_active': True, 'ip_address': '127.0.0.1', 'user_id': None}]
(Background on this error at: https://sqlalche.me/e/20/f405)
2026-03-20 12:04:08 | ERROR    | smartbot.api | POST /sessions → ERROR (23.62ms): (psycopg2.errors.UndefinedColumn) column "user_id" of relation "chat_sessions" does not exist
LINE 1: ...e, created_at, updated_at, is_active, ip_address, user_id) V...
                                                             ^

[SQL: INSERT INTO chat_sessions (id, title, created_at, updated_at, is_active, ip_address, user_id) VALUES (%(id)s::UUID, %(title)s, %(created_at)s, %(updated_at)s, %(is_active)s, %(ip_address)s, %(user_id)s::UUID)]
[parameters: {'id': UUID('13c25c7b-db93-4f02-b20b-d49d3d47fab1'), 'title': 'New Chat', 'created_at': datetime.datetime(2026, 3, 20, 19, 4, 8, 913077, tzinfo=datetime.timezone.utc), 'updated_at': datetime.datetime(2026, 3, 20, 19, 4, 8, 913083, tzinfo=datetime.timezone.utc), 'is_active': True, 'ip_address': '127.0.0.1', 'user_id': None}]
(Background on this error at: https://sqlalche.me/e/20/f405)
2026-03-20 12:09:38 | INFO     | smartbot.api | ==================================================
2026-03-20 12:09:38 | INFO     | smartbot.api | SmartBot V2 starting up — env: development
2026-03-20 12:09:39 | INFO     | smartbot.api | Vectorstore already has 71 chunks — skipping re-ingestion.
2026-03-20 12:09:39 | INFO     | smartbot.api | Warming up model: llama3.2:1b...
2026-03-20 12:09:39 | INFO     | smartbot.api | Model ready.
2026-03-20 12:09:39 | INFO     | smartbot.api | SmartBot V2 startup complete.
2026-03-20 12:09:40 | INFO     | smartbot.api | OPTIONS /sessions → 200 (0.59ms)
2026-03-20 12:09:40 | INFO     | smartbot.api | OPTIONS /sessions → 200 (0.92ms)
2026-03-20 12:09:40 | INFO     | smartbot.api | POST /sessions → 200 (183.83ms)
2026-03-20 12:09:40 | INFO     | smartbot.api | POST /sessions → 200 (186.27ms)
2026-03-20 12:09:45 | INFO     | smartbot.api | POST /sessions → 200 (4.92ms)
2026-03-20 12:09:45 | INFO     | smartbot.api | POST /sessions → 200 (6.06ms)
2026-03-20 12:09:49 | INFO     | smartbot.api | POST /sessions → 200 (5.34ms)
2026-03-20 12:09:49 | INFO     | smartbot.api | POST /sessions → 200 (5.75ms)
2026-03-20 12:10:26 | INFO     | smartbot.api | OPTIONS /user/login → 200 (0.42ms)
2026-03-20 12:10:26 | WARNING  | smartbot.api | POST /user/login → 404 (0.62ms)
2026-03-20 12:10:33 | INFO     | smartbot.api | POST /sessions → 200 (8.87ms)
2026-03-20 12:10:33 | INFO     | smartbot.api | POST /sessions → 200 (8.58ms)
2026-03-20 12:11:25 | INFO     | smartbot.api | OPTIONS /user/register → 200 (0.27ms)
2026-03-20 12:11:25 | WARNING  | smartbot.api | POST /user/register → 404 (0.45ms)
2026-03-20 12:11:53 | WARNING  | smartbot.api | POST /user/register → 404 (1.11ms)
2026-03-20 12:11:54 | WARNING  | smartbot.api | POST /user/register → 404 (0.65ms)
2026-03-20 12:11:55 | WARNING  | smartbot.api | POST /user/register → 404 (0.58ms)
2026-03-20 12:19:03 | INFO     | smartbot.api | ==================================================
2026-03-20 12:19:03 | INFO     | smartbot.api | SmartBot V2 starting up — env: development
2026-03-20 12:19:03 | INFO     | smartbot.api | Vectorstore already has 71 chunks — skipping re-ingestion.
2026-03-20 12:19:03 | INFO     | smartbot.api | Warming up model: llama3.2:1b...
2026-03-20 12:19:03 | INFO     | smartbot.api | Model ready.
2026-03-20 12:19:03 | INFO     | smartbot.api | SmartBot V2 startup complete.
2026-03-20 12:19:35 | INFO     | smartbot.api | ==================================================
2026-03-20 12:19:35 | INFO     | smartbot.api | SmartBot V2 starting up — env: development
2026-03-20 12:19:35 | INFO     | smartbot.api | Vectorstore already has 71 chunks — skipping re-ingestion.
2026-03-20 12:19:35 | INFO     | smartbot.api | Warming up model: llama3.2:1b...
2026-03-20 12:19:35 | INFO     | smartbot.api | Model ready.
2026-03-20 12:19:35 | INFO     | smartbot.api | SmartBot V2 startup complete.
2026-03-20 12:19:44 | INFO     | smartbot.api | OPTIONS /sessions → 200 (0.91ms)
2026-03-20 12:19:44 | INFO     | smartbot.api | OPTIONS /sessions → 200 (1.09ms)
2026-03-20 12:19:45 | INFO     | smartbot.api | POST /sessions → 200 (16.79ms)
2026-03-20 12:19:45 | INFO     | smartbot.api | POST /sessions → 200 (16.58ms)
2026-03-20 12:20:16 | INFO     | smartbot.api | OPTIONS /user/register → 200 (0.52ms)
2026-03-20 12:20:16 | INFO     | smartbot.api | POST /user/register → 200 (279.67ms)
2026-03-20 12:20:16 | INFO     | smartbot.api | POST /sessions → 200 (2.35ms)
2026-03-20 12:20:16 | INFO     | smartbot.api | POST /sessions → 200 (2.3ms)
2026-03-20 12:20:25 | INFO     | smartbot.api | OPTIONS /user/me → 200 (1.67ms)
2026-03-20 12:20:25 | INFO     | smartbot.api | OPTIONS /user/me/sessions → 200 (1.71ms)
2026-03-20 12:20:25 | INFO     | smartbot.api | OPTIONS /user/me → 200 (1.23ms)
2026-03-20 12:20:25 | INFO     | smartbot.api | OPTIONS /user/me/sessions → 200 (1.39ms)
2026-03-20 12:20:25 | INFO     | smartbot.api | GET /user/me → 200 (9.17ms)
2026-03-20 12:20:25 | INFO     | smartbot.api | GET /user/me/sessions → 200 (10.85ms)
2026-03-20 12:20:25 | INFO     | smartbot.api | GET /user/me → 200 (4.07ms)
2026-03-20 12:20:25 | INFO     | smartbot.api | GET /user/me/sessions → 200 (3.9ms)
2026-03-20 12:30:55 | INFO     | smartbot.api | OPTIONS /user/me/preferences → 200 (1.22ms)
2026-03-20 12:30:55 | INFO     | smartbot.api | PATCH /user/me/preferences → 200 (16.26ms)
2026-03-20 12:31:00 | INFO     | smartbot.api | OPTIONS /sessions → 200 (0.47ms)
2026-03-20 12:31:00 | INFO     | smartbot.api | OPTIONS /sessions → 200 (1.12ms)
2026-03-20 12:31:00 | INFO     | smartbot.api | POST /sessions → 200 (7.68ms)
2026-03-20 12:31:00 | INFO     | smartbot.api | POST /sessions → 200 (8.76ms)
2026-03-20 12:40:13 | INFO     | smartbot.api | POST /sessions → 200 (6.24ms)
2026-03-20 12:40:13 | INFO     | smartbot.api | POST /sessions → 200 (6.73ms)
2026-03-20 12:40:39 | INFO     | smartbot.api | OPTIONS /user/login → 200 (0.46ms)
2026-03-20 12:40:39 | INFO     | smartbot.api | POST /user/login → 200 (226.35ms)
2026-03-20 12:40:39 | INFO     | smartbot.api | POST /sessions → 200 (5.89ms)
2026-03-20 12:40:39 | INFO     | smartbot.api | POST /sessions → 200 (5.94ms)
2026-03-20 12:44:22 | INFO     | smartbot.api | OPTIONS /user/me → 200 (1.53ms)
2026-03-20 12:44:22 | INFO     | smartbot.api | OPTIONS /user/me/sessions → 200 (2.15ms)
2026-03-20 12:44:22 | INFO     | smartbot.api | OPTIONS /user/me → 200 (2.19ms)
2026-03-20 12:44:22 | INFO     | smartbot.api | OPTIONS /user/me/sessions → 200 (0.92ms)
2026-03-20 12:44:22 | INFO     | smartbot.api | GET /user/me → 200 (7.2ms)
2026-03-20 12:44:22 | INFO     | smartbot.api | GET /user/me/sessions → 200 (7.48ms)
2026-03-20 12:44:22 | INFO     | smartbot.api | GET /user/me → 200 (5.24ms)
2026-03-20 12:44:22 | INFO     | smartbot.api | GET /user/me/sessions → 200 (5.46ms)
2026-03-20 12:44:36 | INFO     | smartbot.api | OPTIONS /user/me/preferences → 200 (0.36ms)
2026-03-20 12:44:36 | INFO     | smartbot.api | PATCH /user/me/preferences → 200 (7.48ms)
2026-03-20 12:44:38 | INFO     | smartbot.api | OPTIONS /sessions → 200 (0.87ms)
2026-03-20 12:44:38 | INFO     | smartbot.api | OPTIONS /sessions → 200 (1.99ms)
2026-03-20 12:44:38 | INFO     | smartbot.api | POST /sessions → 200 (6.97ms)
2026-03-20 12:44:38 | INFO     | smartbot.api | POST /sessions → 200 (7.32ms)
2026-03-20 12:44:44 | INFO     | smartbot.api | GET /user/me → 200 (7.26ms)
2026-03-20 12:44:44 | INFO     | smartbot.api | GET /user/me/sessions → 200 (7.94ms)
2026-03-20 12:44:44 | INFO     | smartbot.api | GET /user/me → 200 (4.84ms)
2026-03-20 12:44:44 | INFO     | smartbot.api | GET /user/me/sessions → 200 (4.9ms)
2026-03-20 12:50:47 | INFO     | smartbot.api | GET /user/me → 200 (26.85ms)
2026-03-20 12:50:47 | INFO     | smartbot.api | GET /user/me/sessions → 200 (24.74ms)
2026-03-20 12:50:47 | INFO     | smartbot.api | GET /user/me → 200 (1.69ms)
2026-03-20 12:50:47 | INFO     | smartbot.api | GET /user/me/sessions → 200 (1.85ms)
2026-03-20 12:50:47 | INFO     | smartbot.api | GET /user/me → 200 (1.97ms)
2026-03-20 12:50:47 | INFO     | smartbot.api | GET /user/me/sessions → 200 (2.1ms)
2026-03-20 12:50:47 | INFO     | smartbot.api | GET /user/me → 200 (2.23ms)
2026-03-20 12:50:47 | INFO     | smartbot.api | GET /user/me/sessions → 200 (2.64ms)
2026-03-20 12:51:06 | INFO     | smartbot.api | GET /user/me → 200 (2.5ms)
2026-03-20 12:51:06 | INFO     | smartbot.api | GET /user/me/sessions → 200 (2.84ms)
2026-03-20 12:51:06 | INFO     | smartbot.api | GET /user/me → 200 (2.13ms)
2026-03-20 12:51:06 | INFO     | smartbot.api | GET /user/me/sessions → 200 (2.39ms)
2026-03-20 12:51:06 | INFO     | smartbot.api | GET /user/me → 200 (2.41ms)
2026-03-20 12:51:06 | INFO     | smartbot.api | GET /user/me/sessions → 200 (2.58ms)
2026-03-20 12:51:38 | INFO     | smartbot.api | GET /user/me → 200 (4.4ms)
2026-03-20 12:51:38 | INFO     | smartbot.api | GET /user/me/sessions → 200 (4.66ms)
2026-03-20 12:51:38 | INFO     | smartbot.api | GET /user/me → 200 (5.74ms)
2026-03-20 12:51:38 | INFO     | smartbot.api | GET /user/me/sessions → 200 (5.3ms)
2026-03-20 12:56:40 | INFO     | smartbot.api | OPTIONS /user/me → 200 (1.56ms)
2026-03-20 12:56:40 | INFO     | smartbot.api | OPTIONS /user/me/sessions → 200 (2.42ms)
2026-03-20 12:56:40 | INFO     | smartbot.api | GET /user/me → 200 (12.21ms)
2026-03-20 12:56:40 | INFO     | smartbot.api | GET /user/me/sessions → 200 (11.46ms)
2026-03-20 12:56:40 | INFO     | smartbot.api | GET /user/me → 200 (1.92ms)
2026-03-20 12:56:40 | INFO     | smartbot.api | GET /user/me/sessions → 200 (2.09ms)
2026-03-20 12:56:41 | INFO     | smartbot.api | GET /user/me → 200 (2.34ms)
2026-03-20 12:56:41 | INFO     | smartbot.api | GET /user/me/sessions → 200 (2.69ms)
2026-03-20 12:56:41 | INFO     | smartbot.api | GET /user/me → 200 (2.06ms)
2026-03-20 12:56:41 | INFO     | smartbot.api | GET /user/me/sessions → 200 (2.39ms)
2026-03-20 12:57:10 | INFO     | smartbot.api | ==================================================
2026-03-20 12:57:10 | INFO     | smartbot.api | SmartBot V2 starting up — env: development
2026-03-20 12:57:10 | INFO     | smartbot.api | Vectorstore already has 71 chunks — skipping re-ingestion.
2026-03-20 12:57:10 | INFO     | smartbot.api | Warming up model: llama3.2:1b...
2026-03-20 12:57:12 | INFO     | smartbot.api | Model ready.
2026-03-20 12:57:12 | INFO     | smartbot.api | SmartBot V2 startup complete.
2026-03-20 12:57:16 | INFO     | smartbot.api | GET /user/me → 200 (15.94ms)
2026-03-20 12:57:16 | INFO     | smartbot.api | GET /user/me → 200 (1.89ms)
2026-03-20 12:57:16 | INFO     | smartbot.api | GET /user/me/sessions → 200 (18.07ms)
2026-03-20 12:57:16 | INFO     | smartbot.api | GET /user/me/sessions → 200 (1.96ms)
2026-03-20 12:57:31 | INFO     | smartbot.api | OPTIONS /sessions → 200 (0.44ms)
2026-03-20 12:57:31 | INFO     | smartbot.api | OPTIONS /sessions → 200 (2.93ms)
2026-03-20 12:57:31 | INFO     | smartbot.api | POST /sessions → 200 (13.73ms)
2026-03-20 12:57:31 | INFO     | smartbot.api | POST /sessions → 200 (17.36ms)
2026-03-20 12:57:36 | INFO     | smartbot.api | GET /user/me → 200 (6.36ms)
2026-03-20 12:57:36 | INFO     | smartbot.api | GET /user/me/sessions → 200 (6.7ms)
2026-03-20 12:57:36 | INFO     | smartbot.api | GET /user/me → 200 (4.55ms)
2026-03-20 12:57:36 | INFO     | smartbot.api | GET /user/me/sessions → 200 (4.75ms)
2026-03-20 12:57:40 | INFO     | smartbot.api | OPTIONS /user/me/preferences → 200 (0.4ms)
2026-03-20 12:57:40 | INFO     | smartbot.api | PATCH /user/me/preferences → 200 (10.69ms)
2026-03-20 12:57:43 | INFO     | smartbot.api | PATCH /user/me/preferences → 200 (8.17ms)
2026-03-20 12:57:45 | INFO     | smartbot.api | PATCH /user/me/preferences → 200 (7.42ms)
2026-03-20 12:57:48 | INFO     | smartbot.api | PATCH /user/me/preferences → 200 (7.21ms)
2026-03-20 12:58:02 | INFO     | smartbot.api | PATCH /user/me/preferences → 200 (7.03ms)
2026-03-20 12:58:06 | INFO     | smartbot.api | POST /sessions → 200 (10.31ms)
2026-03-20 12:58:06 | INFO     | smartbot.api | POST /sessions → 200 (10.18ms)
2026-03-20 12:58:59 | INFO     | smartbot.api | GET /user/me → 200 (6.48ms)
2026-03-20 12:58:59 | INFO     | smartbot.api | GET /user/me/sessions → 200 (8.54ms)
2026-03-20 12:58:59 | INFO     | smartbot.api | GET /user/me → 200 (5.57ms)
2026-03-20 12:58:59 | INFO     | smartbot.api | GET /user/me/sessions → 200 (6.14ms)
2026-03-20 12:59:08 | INFO     | smartbot.api | POST /sessions → 200 (14.86ms)
2026-03-20 12:59:08 | INFO     | smartbot.api | POST /sessions → 200 (15.51ms)
2026-03-20 12:59:14 | INFO     | smartbot.api | OTP sent for: admin@smartbot.com
2026-03-20 12:59:14 | INFO     | smartbot.api | POST /admin/login → 200 (235.97ms)
2026-03-20 12:59:20 | INFO     | smartbot.api | POST /admin/verify-otp → 200 (16.3ms)
2026-03-20 12:59:20 | INFO     | smartbot.api | OPTIONS /admin/stats → 200 (0.68ms)
2026-03-20 12:59:20 | INFO     | smartbot.api | OPTIONS /admin/stats → 200 (0.85ms)
2026-03-20 12:59:20 | INFO     | smartbot.api | GET /admin/stats → 200 (32.84ms)
2026-03-20 12:59:20 | INFO     | smartbot.api | OPTIONS /admin/sessions → 200 (0.76ms)
2026-03-20 12:59:20 | INFO     | smartbot.api | OPTIONS /admin/chatlogs → 200 (1.61ms)
2026-03-20 12:59:20 | INFO     | smartbot.api | GET /admin/stats → 200 (9.62ms)
2026-03-20 12:59:20 | INFO     | smartbot.api | OPTIONS /admin/files → 200 (1.68ms)
2026-03-20 12:59:20 | INFO     | smartbot.api | OPTIONS /admin/sessions → 200 (1.13ms)
2026-03-20 12:59:20 | INFO     | smartbot.api | OPTIONS /admin/chatlogs → 200 (1.15ms)
2026-03-20 12:59:20 | INFO     | smartbot.api | OPTIONS /admin/files → 200 (1.69ms)
2026-03-20 12:59:20 | INFO     | smartbot.api | GET /admin/files → 200 (33.96ms)
2026-03-20 12:59:20 | INFO     | smartbot.api | GET /admin/stats → 200 (39.95ms)
2026-03-20 12:59:20 | INFO     | smartbot.api | GET /admin/files → 200 (7.58ms)
2026-03-20 12:59:20 | INFO     | smartbot.api | GET /admin/sessions → 200 (49.96ms)
2026-03-20 12:59:20 | INFO     | smartbot.api | GET /admin/stats → 200 (9.59ms)
2026-03-20 12:59:20 | INFO     | smartbot.api | GET /admin/chatlogs → 200 (60.47ms)
2026-03-20 12:59:20 | INFO     | smartbot.api | GET /admin/sessions → 200 (17.06ms)
2026-03-20 12:59:20 | INFO     | smartbot.api | GET /admin/chatlogs → 200 (21.71ms)
2026-03-20 12:59:22 | INFO     | smartbot.api | OPTIONS /admin/audit → 200 (0.65ms)
2026-03-20 12:59:22 | INFO     | smartbot.api | OPTIONS /admin/users → 200 (1.02ms)
2026-03-20 12:59:22 | INFO     | smartbot.api | GET /admin/audit → 200 (14.36ms)
2026-03-20 12:59:22 | INFO     | smartbot.api | GET /admin/users → 200 (13.52ms)
2026-03-20 12:59:57 | INFO     | smartbot.api | GET /admin/users → 200 (9.09ms)
2026-03-20 12:59:57 | INFO     | smartbot.api | GET /admin/audit → 200 (10.84ms)
2026-03-20 12:59:58 | INFO     | smartbot.api | GET /admin/users → 200 (9.17ms)
2026-03-20 12:59:58 | INFO     | smartbot.api | GET /admin/audit → 200 (10.97ms)
2026-03-20 13:00:00 | INFO     | smartbot.api | GET /admin/users → 200 (5.92ms)
2026-03-20 13:00:00 | INFO     | smartbot.api | GET /admin/audit → 200 (9.02ms)
2026-03-20 13:00:01 | INFO     | smartbot.api | GET /admin/audit → 200 (8.04ms)
2026-03-20 13:00:01 | INFO     | smartbot.api | GET /admin/users → 200 (7.94ms)
2026-03-20 13:01:02 | INFO     | smartbot.api | OPTIONS /admin/logs/app → 200 (0.76ms)
2026-03-20 13:01:02 | INFO     | smartbot.api | OPTIONS /admin/logs/error → 200 (1.87ms)
2026-03-20 13:01:02 | INFO     | smartbot.api | OPTIONS /admin/logs/info → 200 (2.52ms)
2026-03-20 13:01:02 | INFO     | smartbot.api | GET /admin/logs/error → 200 (30.61ms)
2026-03-20 13:01:02 | INFO     | smartbot.api | GET /admin/logs/app → 200 (32.62ms)
2026-03-20 13:01:02 | INFO     | smartbot.api | GET /admin/logs/info → 200 (31.77ms)
2026-03-20 13:01:05 | INFO     | smartbot.api | GET /admin/logs/error → 200 (6.85ms)
2026-03-20 13:01:05 | INFO     | smartbot.api | GET /admin/logs/info → 200 (8.81ms)
2026-03-20 13:01:05 | INFO     | smartbot.api | GET /admin/logs/app → 200 (29.65ms)
2026-03-20 13:01:17 | INFO     | smartbot.api | GET /admin/users → 200 (6.2ms)
2026-03-20 13:01:17 | INFO     | smartbot.api | GET /admin/audit → 200 (7.55ms)
2026-03-20 13:04:37 | INFO     | smartbot.api | GET /admin/users → 200 (33.74ms)
2026-03-20 13:04:37 | INFO     | smartbot.api | GET /admin/audit → 200 (41.79ms)
2026-03-20 13:09:08 | INFO     | smartbot.api | OPTIONS /sessions → 200 (1.17ms)
2026-03-20 13:09:08 | INFO     | smartbot.api | OPTIONS /sessions → 200 (8.1ms)
2026-03-20 13:09:08 | INFO     | smartbot.api | POST /sessions → 200 (37.32ms)
2026-03-20 13:09:08 | INFO     | smartbot.api | POST /sessions → 200 (32.01ms)
2026-03-20 13:09:19 | WARNING  | smartbot.api | POST /admin/login → 401 (11.62ms)
2026-03-20 13:09:29 | INFO     | smartbot.api | POST /sessions → 200 (8.46ms)
2026-03-20 13:09:29 | INFO     | smartbot.api | POST /sessions → 200 (8.34ms)
2026-03-20 13:09:40 | INFO     | smartbot.api | OTP sent for: admin@smartbot.com
2026-03-20 13:09:40 | INFO     | smartbot.api | POST /admin/login → 200 (216.65ms)
2026-03-20 13:09:50 | INFO     | smartbot.api | POST /admin/verify-otp → 200 (11.55ms)
2026-03-20 13:09:50 | INFO     | smartbot.api | OPTIONS /admin/stats → 200 (0.62ms)
2026-03-20 13:09:50 | INFO     | smartbot.api | OPTIONS /admin/stats → 200 (0.55ms)
2026-03-20 13:09:50 | INFO     | smartbot.api | GET /admin/stats → 200 (9.39ms)
2026-03-20 13:09:50 | INFO     | smartbot.api | GET /admin/stats → 200 (7.22ms)
2026-03-20 13:09:50 | INFO     | smartbot.api | OPTIONS /admin/sessions → 200 (0.8ms)
2026-03-20 13:09:50 | INFO     | smartbot.api | OPTIONS /admin/chatlogs → 200 (1.67ms)
2026-03-20 13:09:50 | INFO     | smartbot.api | OPTIONS /admin/files → 200 (1.65ms)
2026-03-20 13:09:50 | INFO     | smartbot.api | OPTIONS /admin/sessions → 200 (1.19ms)
2026-03-20 13:09:50 | INFO     | smartbot.api | OPTIONS /admin/files → 200 (3.23ms)
2026-03-20 13:09:50 | INFO     | smartbot.api | OPTIONS /admin/chatlogs → 200 (3.63ms)
2026-03-20 13:09:50 | INFO     | smartbot.api | GET /admin/stats → 200 (22.56ms)
2026-03-20 13:09:50 | INFO     | smartbot.api | GET /admin/files → 200 (17.27ms)
2026-03-20 13:09:50 | INFO     | smartbot.api | GET /admin/files → 200 (10.49ms)
2026-03-20 13:09:50 | INFO     | smartbot.api | GET /admin/stats → 200 (17.84ms)
2026-03-20 13:09:50 | INFO     | smartbot.api | GET /admin/sessions → 200 (46.06ms)
2026-03-20 13:09:50 | INFO     | smartbot.api | GET /admin/chatlogs → 200 (56.69ms)
2026-03-20 13:09:50 | INFO     | smartbot.api | GET /admin/sessions → 200 (16.99ms)
2026-03-20 13:09:50 | INFO     | smartbot.api | GET /admin/chatlogs → 200 (20.92ms)
2026-03-20 13:10:01 | INFO     | smartbot.api | GET /admin/logs/error → 200 (26.8ms)
2026-03-20 13:10:01 | INFO     | smartbot.api | GET /admin/logs/app → 200 (30.45ms)
2026-03-20 13:10:01 | INFO     | smartbot.api | GET /admin/logs/info → 200 (29.86ms)
2026-03-20 13:10:02 | INFO     | smartbot.api | GET /admin/logs/error → 200 (7.22ms)
2026-03-20 13:10:02 | INFO     | smartbot.api | GET /admin/logs/app → 200 (29.79ms)
2026-03-20 13:10:02 | INFO     | smartbot.api | GET /admin/logs/info → 200 (30.04ms)
2026-03-20 13:10:03 | INFO     | smartbot.api | OPTIONS /admin/audit → 200 (0.52ms)
2026-03-20 13:10:03 | INFO     | smartbot.api | OPTIONS /admin/users → 200 (0.86ms)
2026-03-20 13:10:03 | INFO     | smartbot.api | GET /admin/users → 200 (7.42ms)
2026-03-20 13:10:03 | INFO     | smartbot.api | GET /admin/audit → 200 (8.54ms)
2026-03-20 13:10:04 | INFO     | smartbot.api | GET /admin/logs/error → 200 (8.96ms)
2026-03-20 13:10:04 | INFO     | smartbot.api | GET /admin/logs/info → 200 (29.83ms)
2026-03-20 13:10:04 | INFO     | smartbot.api | GET /admin/logs/app → 200 (31.12ms)
2026-03-20 13:10:11 | INFO     | smartbot.api | error.log cleared by admin: admin@smartbot.com
2026-03-20 13:10:11 | INFO     | smartbot.api | DELETE /admin/logs/error → 200 (4.35ms)
2026-03-20 13:10:11 | INFO     | smartbot.api | GET /admin/logs/error → 200 (27.03ms)
2026-03-20 13:10:11 | INFO     | smartbot.api | GET /admin/logs/app → 200 (28.68ms)
2026-03-20 13:10:11 | INFO     | smartbot.api | GET /admin/logs/info → 200 (28.6ms)
2026-03-20 13:10:13 | INFO     | smartbot.api | GET /admin/audit → 200 (6.17ms)
2026-03-20 13:10:13 | INFO     | smartbot.api | GET /admin/users → 200 (6.38ms)
2026-03-20 13:10:22 | INFO     | smartbot.api | GET /admin/audit → 200 (6.2ms)
2026-03-20 13:10:22 | INFO     | smartbot.api | GET /admin/users → 200 (6.4ms)
2026-03-20 13:15:54 | INFO     | smartbot.api | ==================================================
2026-03-20 13:15:54 | INFO     | smartbot.api | SmartBot V2 starting up — env: development
2026-03-20 13:15:54 | INFO     | smartbot.api | Vectorstore already has 71 chunks — skipping re-ingestion.
2026-03-20 13:15:54 | INFO     | smartbot.api | Warming up model: llama3.2:1b...
2026-03-20 13:15:56 | INFO     | smartbot.api | Model ready.
2026-03-20 13:15:56 | INFO     | smartbot.api | SmartBot V2 startup complete.
2026-03-20 13:15:57 | INFO     | smartbot.api | ==================================================
2026-03-20 13:15:57 | INFO     | smartbot.api | SmartBot V2 starting up — env: development
2026-03-20 13:15:57 | INFO     | smartbot.api | Vectorstore already has 71 chunks — skipping re-ingestion.
2026-03-20 13:15:57 | INFO     | smartbot.api | Warming up model: llama3.2:1b...
2026-03-20 13:15:57 | INFO     | smartbot.api | Model ready.
2026-03-20 13:15:57 | INFO     | smartbot.api | SmartBot V2 startup complete.
2026-03-20 13:27:42 | INFO     | smartbot.api | ==================================================
2026-03-20 13:27:42 | INFO     | smartbot.api | SmartBot V2 starting up — env: development
2026-03-20 13:27:42 | INFO     | smartbot.api | Vectorstore already has 71 chunks — skipping re-ingestion.
2026-03-20 13:27:42 | INFO     | smartbot.api | Warming up model: llama3.2:1b...
2026-03-20 13:27:44 | INFO     | smartbot.api | Model ready.
2026-03-20 13:27:44 | INFO     | smartbot.api | SmartBot V2 startup complete.
2026-03-20 13:27:45 | INFO     | smartbot.api | ==================================================
2026-03-20 13:27:45 | INFO     | smartbot.api | SmartBot V2 starting up — env: development
2026-03-20 13:27:45 | INFO     | smartbot.api | Vectorstore already has 71 chunks — skipping re-ingestion.
2026-03-20 13:27:45 | INFO     | smartbot.api | Warming up model: llama3.2:1b...
2026-03-20 13:27:45 | INFO     | smartbot.api | Model ready.
2026-03-20 13:27:45 | INFO     | smartbot.api | SmartBot V2 startup complete.
2026-03-20 13:28:04 | INFO     | smartbot.api | ==================================================
2026-03-20 13:28:04 | INFO     | smartbot.api | SmartBot V2 starting up — env: development
2026-03-20 13:28:04 | INFO     | smartbot.api | Vectorstore already has 71 chunks — skipping re-ingestion.
2026-03-20 13:28:04 | INFO     | smartbot.api | Warming up model: llama3.2:1b...
2026-03-20 13:28:05 | INFO     | smartbot.api | Model ready.
2026-03-20 13:28:05 | INFO     | smartbot.api | SmartBot V2 startup complete.
2026-03-20 13:28:05 | INFO     | smartbot.api | ==================================================
2026-03-20 13:28:05 | INFO     | smartbot.api | SmartBot V2 starting up — env: development
2026-03-20 13:28:06 | INFO     | smartbot.api | Vectorstore already has 71 chunks — skipping re-ingestion.
2026-03-20 13:28:06 | INFO     | smartbot.api | Warming up model: llama3.2:1b...
2026-03-20 13:28:06 | INFO     | smartbot.api | Model ready.
2026-03-20 13:28:06 | INFO     | smartbot.api | SmartBot V2 startup complete.
2026-03-20 13:28:49 | INFO     | smartbot.api | ==================================================
2026-03-20 13:28:49 | INFO     | smartbot.api | SmartBot V2 starting up — env: development
2026-03-20 13:28:49 | INFO     | smartbot.api | Vectorstore already has 71 chunks — skipping re-ingestion.
2026-03-20 13:28:49 | INFO     | smartbot.api | Warming up model: llama3.2:1b...
2026-03-20 13:28:49 | INFO     | smartbot.api | Model ready.
2026-03-20 13:28:49 | INFO     | smartbot.api | SmartBot V2 startup complete.
2026-03-20 13:28:50 | INFO     | smartbot.api | ==================================================
2026-03-20 13:28:50 | INFO     | smartbot.api | SmartBot V2 starting up — env: development
2026-03-20 13:28:50 | INFO     | smartbot.api | Vectorstore already has 71 chunks — skipping re-ingestion.
2026-03-20 13:28:50 | INFO     | smartbot.api | Warming up model: llama3.2:1b...
2026-03-20 13:28:51 | INFO     | smartbot.api | Model ready.
2026-03-20 13:28:51 | INFO     | smartbot.api | SmartBot V2 startup complete.
2026-03-20 13:29:27 | INFO     | smartbot.api | OPTIONS /admin/stats → 200 (0.43ms)
2026-03-20 13:29:27 | INFO     | smartbot.api | OPTIONS /admin/sessions → 200 (0.6ms)
2026-03-20 13:29:27 | INFO     | smartbot.api | OPTIONS /admin/chatlogs → 200 (0.68ms)
2026-03-20 13:29:27 | INFO     | smartbot.api | OPTIONS /admin/files → 200 (0.39ms)
2026-03-20 13:29:27 | INFO     | smartbot.api | OPTIONS /admin/stats → 200 (0.31ms)
2026-03-20 13:29:27 | INFO     | smartbot.api | OPTIONS /admin/sessions → 200 (0.26ms)
2026-03-20 13:29:27 | INFO     | smartbot.api | OPTIONS /admin/chatlogs → 200 (1.25ms)
2026-03-20 13:29:27 | INFO     | smartbot.api | OPTIONS /admin/files → 200 (1.03ms)
2026-03-20 13:29:27 | INFO     | smartbot.api | GET /admin/files → 200 (30.27ms)
2026-03-20 13:29:27 | INFO     | smartbot.api | GET /admin/files → 200 (7.4ms)
2026-03-20 13:29:27 | INFO     | smartbot.api | GET /admin/stats → 200 (43.52ms)
2026-03-20 13:29:27 | INFO     | smartbot.api | GET /admin/sessions → 200 (48.1ms)
2026-03-20 13:29:27 | INFO     | smartbot.api | GET /admin/stats → 200 (6.15ms)
2026-03-20 13:29:27 | INFO     | smartbot.api | GET /admin/chatlogs → 200 (65.39ms)
2026-03-20 13:29:27 | INFO     | smartbot.api | GET /admin/sessions → 200 (20.21ms)
2026-03-20 13:29:27 | INFO     | smartbot.api | GET /admin/chatlogs → 200 (35.07ms)
2026-03-20 13:29:27 | INFO     | smartbot.api | GET /admin/files → 200 (3.51ms)
2026-03-20 13:29:27 | INFO     | smartbot.api | GET /admin/stats → 200 (5.55ms)
2026-03-20 13:29:27 | INFO     | smartbot.api | GET /admin/sessions → 200 (63.19ms)
2026-03-20 13:29:27 | INFO     | smartbot.api | GET /admin/chatlogs → 200 (80.02ms)
2026-03-20 13:29:50 | INFO     | smartbot.api | ==================================================
2026-03-20 13:29:50 | INFO     | smartbot.api | SmartBot V2 starting up — env: development
2026-03-20 13:29:50 | INFO     | smartbot.api | Vectorstore already has 71 chunks — skipping re-ingestion.
2026-03-20 13:29:50 | INFO     | smartbot.api | Warming up model: llama3.2:1b...
2026-03-20 13:29:50 | INFO     | smartbot.api | Model ready.
2026-03-20 13:29:50 | INFO     | smartbot.api | SmartBot V2 startup complete.
2026-03-20 13:29:58 | INFO     | smartbot.api | GET /admin/stats → 200 (26.85ms)
2026-03-20 13:29:58 | INFO     | smartbot.api | GET /admin/stats → 200 (12.59ms)
2026-03-20 13:29:58 | INFO     | smartbot.api | GET /admin/files → 200 (14.85ms)
2026-03-20 13:29:58 | INFO     | smartbot.api | GET /admin/files → 200 (3.91ms)
2026-03-20 13:29:58 | INFO     | smartbot.api | GET /admin/stats → 200 (10.61ms)
2026-03-20 13:29:58 | INFO     | smartbot.api | GET /admin/sessions → 200 (25.01ms)
2026-03-20 13:29:58 | INFO     | smartbot.api | GET /admin/stats → 200 (4.75ms)
2026-03-20 13:29:58 | INFO     | smartbot.api | GET /admin/sessions → 200 (13.6ms)
2026-03-20 13:29:58 | INFO     | smartbot.api | GET /admin/chatlogs → 200 (39.53ms)
2026-03-20 13:29:58 | INFO     | smartbot.api | GET /admin/chatlogs → 200 (19.22ms)
2026-03-20 13:30:05 | INFO     | smartbot.api | OPTIONS /sessions → 200 (0.43ms)
2026-03-20 13:30:05 | INFO     | smartbot.api | POST /sessions → 200 (12.29ms)
2026-03-20 13:30:05 | INFO     | smartbot.api | POST /sessions → 200 (18.63ms)
2026-03-20 13:30:13 | INFO     | smartbot.api | OTP sent for: admin@smartbot.com
2026-03-20 13:30:13 | INFO     | smartbot.api | POST /admin/login → 200 (234.08ms)
2026-03-20 13:30:19 | INFO     | smartbot.api | POST /admin/verify-otp → 200 (18.47ms)
2026-03-20 13:30:19 | INFO     | smartbot.api | GET /admin/stats → 200 (10.08ms)
2026-03-20 13:30:19 | INFO     | smartbot.api | GET /admin/stats → 200 (11.88ms)
2026-03-20 13:30:19 | INFO     | smartbot.api | GET /admin/files → 200 (17.52ms)
2026-03-20 13:30:19 | INFO     | smartbot.api | GET /admin/stats → 200 (20.72ms)
2026-03-20 13:30:19 | INFO     | smartbot.api | GET /admin/files → 200 (9.56ms)
2026-03-20 13:30:19 | INFO     | smartbot.api | GET /admin/stats → 200 (5.4ms)
2026-03-20 13:30:19 | INFO     | smartbot.api | GET /admin/sessions → 200 (40.85ms)
2026-03-20 13:30:19 | INFO     | smartbot.api | GET /admin/chatlogs → 200 (51.06ms)
2026-03-20 13:30:19 | INFO     | smartbot.api | GET /admin/sessions → 200 (14.33ms)
2026-03-20 13:30:19 | INFO     | smartbot.api | GET /admin/chatlogs → 200 (19.29ms)
2026-03-20 13:30:23 | INFO     | smartbot.api | OPTIONS /admin/end-users → 200 (0.4ms)
2026-03-20 13:30:23 | INFO     | smartbot.api | GET /admin/end-users → 200 (7.09ms)
2026-03-20 13:30:27 | INFO     | smartbot.api | OPTIONS /admin/audit → 200 (0.56ms)
2026-03-20 13:30:27 | INFO     | smartbot.api | OPTIONS /admin/users → 200 (1.0ms)
2026-03-20 13:30:27 | INFO     | smartbot.api | GET /admin/users → 200 (7.74ms)
2026-03-20 13:30:27 | INFO     | smartbot.api | GET /admin/audit → 200 (10.85ms)
2026-03-20 13:30:30 | INFO     | smartbot.api | GET /admin/end-users → 200 (7.62ms)
2026-03-20 13:30:49 | INFO     | smartbot.api | GET /admin/users → 200 (6.25ms)
2026-03-20 13:30:49 | INFO     | smartbot.api | GET /admin/audit → 200 (6.96ms)
2026-03-20 13:32:35 | INFO     | smartbot.api | GET /admin/files → 200 (15.28ms)
2026-03-20 13:32:35 | INFO     | smartbot.api | GET /admin/sessions → 200 (39.73ms)
2026-03-20 13:32:35 | INFO     | smartbot.api | GET /admin/audit → 200 (54.3ms)
2026-03-20 13:32:35 | INFO     | smartbot.api | GET /admin/stats → 200 (61.09ms)
2026-03-20 13:32:35 | INFO     | smartbot.api | GET /admin/users → 200 (61.6ms)
2026-03-20 13:32:35 | INFO     | smartbot.api | GET /admin/chatlogs → 200 (65.83ms)
2026-03-20 13:36:17 | INFO     | smartbot.api | GET /admin/users → 200 (6.11ms)
2026-03-20 13:36:17 | INFO     | smartbot.api | GET /admin/files → 200 (8.8ms)
2026-03-20 13:36:17 | INFO     | smartbot.api | GET /admin/audit → 200 (8.71ms)
2026-03-20 13:36:17 | INFO     | smartbot.api | GET /admin/stats → 200 (9.62ms)
2026-03-20 13:36:17 | INFO     | smartbot.api | GET /admin/sessions → 200 (25.1ms)
2026-03-20 13:36:17 | INFO     | smartbot.api | GET /admin/chatlogs → 200 (45.93ms)
2026-03-20 13:36:18 | INFO     | smartbot.api | GET /admin/audit → 200 (4.66ms)
2026-03-20 13:36:18 | INFO     | smartbot.api | GET /admin/users → 200 (5.21ms)
2026-03-20 13:36:18 | INFO     | smartbot.api | GET /admin/files → 200 (5.53ms)
2026-03-20 13:36:18 | INFO     | smartbot.api | GET /admin/stats → 200 (7.22ms)
2026-03-20 13:36:18 | INFO     | smartbot.api | GET /admin/sessions → 200 (16.75ms)
2026-03-20 13:36:18 | INFO     | smartbot.api | GET /admin/chatlogs → 200 (25.57ms)
2026-03-20 13:36:18 | INFO     | smartbot.api | GET /admin/users → 200 (4.6ms)
2026-03-20 13:36:18 | INFO     | smartbot.api | GET /admin/audit → 200 (6.05ms)
2026-03-20 13:36:18 | INFO     | smartbot.api | GET /admin/files → 200 (6.9ms)
2026-03-20 13:36:18 | INFO     | smartbot.api | GET /admin/stats → 200 (8.35ms)
2026-03-20 13:36:18 | INFO     | smartbot.api | GET /admin/sessions → 200 (17.76ms)
2026-03-20 13:36:18 | INFO     | smartbot.api | GET /admin/chatlogs → 200 (27.54ms)
2026-03-20 13:36:18 | INFO     | smartbot.api | GET /admin/files → 200 (4.36ms)
2026-03-20 13:36:18 | INFO     | smartbot.api | GET /admin/audit → 200 (4.48ms)
2026-03-20 13:36:18 | INFO     | smartbot.api | GET /admin/users → 200 (5.31ms)
2026-03-20 13:36:18 | INFO     | smartbot.api | GET /admin/stats → 200 (6.83ms)
2026-03-20 13:36:18 | INFO     | smartbot.api | GET /admin/sessions → 200 (16.37ms)
2026-03-20 13:36:18 | INFO     | smartbot.api | GET /admin/chatlogs → 200 (24.83ms)
2026-03-20 13:36:26 | INFO     | smartbot.api | ==================================================
2026-03-20 13:36:26 | INFO     | smartbot.api | SmartBot V2 starting up — env: development
2026-03-20 13:36:26 | INFO     | smartbot.api | Vectorstore already has 71 chunks — skipping re-ingestion.
2026-03-20 13:36:26 | INFO     | smartbot.api | Warming up model: llama3.2:1b...
2026-03-20 13:36:27 | INFO     | smartbot.api | Model ready.
2026-03-20 13:36:27 | INFO     | smartbot.api | SmartBot V2 startup complete.
2026-03-20 13:36:29 | INFO     | smartbot.api | GET /admin/stats → 200 (23.2ms)
2026-03-20 13:36:29 | INFO     | smartbot.api | GET /admin/stats → 200 (14.72ms)
2026-03-20 13:36:29 | INFO     | smartbot.api | GET /admin/files → 200 (12.14ms)
2026-03-20 13:36:29 | INFO     | smartbot.api | GET /admin/files → 200 (3.24ms)
2026-03-20 13:36:29 | INFO     | smartbot.api | GET /admin/stats → 200 (6.99ms)
2026-03-20 13:36:29 | INFO     | smartbot.api | GET /admin/sessions → 200 (25.21ms)
2026-03-20 13:36:29 | INFO     | smartbot.api | GET /admin/stats → 200 (5.33ms)
2026-03-20 13:36:29 | INFO     | smartbot.api | GET /admin/chatlogs → 200 (49.57ms)
2026-03-20 13:36:29 | INFO     | smartbot.api | GET /admin/sessions → 200 (26.08ms)
2026-03-20 13:36:29 | INFO     | smartbot.api | GET /admin/chatlogs → 200 (25.12ms)
2026-03-20 13:36:34 | INFO     | smartbot.api | POST /sessions → 200 (16.58ms)
2026-03-20 13:36:34 | INFO     | smartbot.api | POST /sessions → 200 (15.74ms)
2026-03-20 13:36:39 | INFO     | smartbot.api | OTP sent for: admin@smartbot.com
2026-03-20 13:36:39 | INFO     | smartbot.api | POST /admin/login → 200 (235.51ms)
2026-03-20 13:36:44 | INFO     | smartbot.api | POST /admin/verify-otp → 200 (16.8ms)
2026-03-20 13:36:44 | INFO     | smartbot.api | GET /admin/stats → 200 (9.16ms)
2026-03-20 13:36:44 | INFO     | smartbot.api | GET /admin/stats → 200 (7.52ms)
2026-03-20 13:36:44 | INFO     | smartbot.api | GET /admin/files → 200 (16.25ms)
2026-03-20 13:36:44 | INFO     | smartbot.api | GET /admin/stats → 200 (19.11ms)
2026-03-20 13:36:44 | INFO     | smartbot.api | GET /admin/files → 200 (7.07ms)
2026-03-20 13:36:44 | INFO     | smartbot.api | GET /admin/stats → 200 (7.04ms)
2026-03-20 13:36:44 | INFO     | smartbot.api | GET /admin/sessions → 200 (34.34ms)
2026-03-20 13:36:45 | INFO     | smartbot.api | GET /admin/chatlogs → 200 (44.17ms)
2026-03-20 13:36:45 | INFO     | smartbot.api | GET /admin/sessions → 200 (13.99ms)
2026-03-20 13:36:45 | INFO     | smartbot.api | GET /admin/chatlogs → 200 (21.2ms)
2026-03-20 13:36:46 | INFO     | smartbot.api | GET /admin/end-users → 200 (8.03ms)
2026-03-20 13:36:48 | INFO     | smartbot.api | GET /admin/users → 200 (7.49ms)
2026-03-20 13:36:48 | INFO     | smartbot.api | GET /admin/audit → 200 (10.62ms)
2026-03-20 13:36:50 | INFO     | smartbot.api | GET /admin/users → 200 (5.31ms)
2026-03-20 13:36:50 | INFO     | smartbot.api | GET /admin/audit → 200 (7.59ms)
2026-03-20 13:37:07 | INFO     | smartbot.api | GET /admin/users → 200 (5.38ms)
2026-03-20 13:37:07 | INFO     | smartbot.api | GET /admin/files → 200 (6.38ms)
2026-03-20 13:37:07 | INFO     | smartbot.api | GET /admin/sessions → 200 (18.76ms)
2026-03-20 13:37:07 | INFO     | smartbot.api | GET /admin/chatlogs → 200 (41.66ms)
2026-03-20 13:37:07 | INFO     | smartbot.api | GET /admin/stats → 200 (57.66ms)
2026-03-20 13:37:07 | INFO     | smartbot.api | GET /admin/audit → 200 (57.83ms)
2026-03-20 13:37:07 | INFO     | smartbot.api | GET /admin/users → 200 (4.39ms)
2026-03-20 13:37:07 | INFO     | smartbot.api | GET /admin/audit → 200 (4.82ms)
2026-03-20 13:37:07 | INFO     | smartbot.api | GET /admin/files → 200 (5.92ms)
2026-03-20 13:37:07 | INFO     | smartbot.api | GET /admin/stats → 200 (7.07ms)
2026-03-20 13:37:07 | INFO     | smartbot.api | GET /admin/sessions → 200 (17.2ms)
2026-03-20 13:37:07 | INFO     | smartbot.api | GET /admin/chatlogs → 200 (26.91ms)
2026-03-20 13:37:07 | INFO     | smartbot.api | GET /admin/users → 200 (5.15ms)
2026-03-20 13:37:07 | INFO     | smartbot.api | GET /admin/files → 200 (5.54ms)
2026-03-20 13:37:07 | INFO     | smartbot.api | GET /admin/audit → 200 (6.55ms)
2026-03-20 13:37:07 | INFO     | smartbot.api | GET /admin/stats → 200 (7.68ms)
2026-03-20 13:37:07 | INFO     | smartbot.api | GET /admin/sessions → 200 (16.96ms)
2026-03-20 13:37:07 | INFO     | smartbot.api | GET /admin/chatlogs → 200 (24.99ms)
2026-03-20 13:37:07 | INFO     | smartbot.api | GET /admin/audit → 200 (4.51ms)
2026-03-20 13:37:07 | INFO     | smartbot.api | GET /admin/users → 200 (5.32ms)
2026-03-20 13:37:07 | INFO     | smartbot.api | GET /admin/files → 200 (6.9ms)
2026-03-20 13:37:07 | INFO     | smartbot.api | GET /admin/stats → 200 (8.05ms)
2026-03-20 13:37:07 | INFO     | smartbot.api | GET /admin/sessions → 200 (17.47ms)
2026-03-20 13:37:07 | INFO     | smartbot.api | GET /admin/chatlogs → 200 (26.94ms)
2026-03-20 13:37:11 | INFO     | smartbot.api | GET /admin/users → 200 (7.5ms)
2026-03-20 13:37:11 | INFO     | smartbot.api | GET /admin/audit → 200 (8.82ms)
2026-03-20 13:37:11 | INFO     | smartbot.api | GET /admin/files → 200 (9.61ms)
2026-03-20 13:37:11 | INFO     | smartbot.api | GET /admin/stats → 200 (10.87ms)
2026-03-20 13:37:11 | INFO     | smartbot.api | GET /admin/sessions → 200 (20.54ms)
2026-03-20 13:37:11 | INFO     | smartbot.api | GET /admin/chatlogs → 200 (29.14ms)
2026-03-20 13:37:11 | INFO     | smartbot.api | GET /admin/files → 200 (26.95ms)
2026-03-20 13:37:11 | INFO     | smartbot.api | GET /admin/audit → 200 (35.63ms)
2026-03-20 13:37:11 | INFO     | smartbot.api | GET /admin/users → 200 (36.71ms)
2026-03-20 13:37:11 | INFO     | smartbot.api | GET /admin/stats → 200 (40.09ms)
2026-03-20 13:37:11 | INFO     | smartbot.api | GET /admin/sessions → 200 (51.99ms)
2026-03-20 13:37:11 | INFO     | smartbot.api | GET /admin/chatlogs → 200 (71.07ms)
2026-03-20 13:37:18 | INFO     | smartbot.api | GET /admin/files → 200 (9.9ms)
2026-03-20 13:37:18 | INFO     | smartbot.api | GET /admin/users → 200 (10.98ms)
2026-03-20 13:37:18 | INFO     | smartbot.api | GET /admin/audit → 200 (12.69ms)
2026-03-20 13:37:18 | INFO     | smartbot.api | GET /admin/stats → 200 (14.28ms)
2026-03-20 13:37:18 | INFO     | smartbot.api | GET /admin/sessions → 200 (24.27ms)
2026-03-20 13:37:18 | INFO     | smartbot.api | GET /admin/chatlogs → 200 (33.2ms)
2026-03-20 13:37:18 | INFO     | smartbot.api | GET /admin/users → 200 (4.67ms)
2026-03-20 13:37:18 | INFO     | smartbot.api | GET /admin/audit → 200 (5.25ms)
2026-03-20 13:37:18 | INFO     | smartbot.api | GET /admin/files → 200 (6.11ms)
2026-03-20 13:37:18 | INFO     | smartbot.api | GET /admin/stats → 200 (7.88ms)
2026-03-20 13:37:18 | INFO     | smartbot.api | GET /admin/sessions → 200 (17.05ms)
2026-03-20 13:37:18 | INFO     | smartbot.api | GET /admin/chatlogs → 200 (25.78ms)
2026-03-20 13:37:30 | INFO     | smartbot.api | GET /admin/audit → 200 (4.65ms)
2026-03-20 13:37:30 | INFO     | smartbot.api | GET /admin/users → 200 (5.64ms)
2026-03-20 13:37:30 | INFO     | smartbot.api | GET /admin/files → 200 (6.47ms)
2026-03-20 13:37:30 | INFO     | smartbot.api | GET /admin/stats → 200 (7.81ms)
2026-03-20 13:37:30 | INFO     | smartbot.api | GET /admin/sessions → 200 (17.02ms)
2026-03-20 13:37:30 | INFO     | smartbot.api | GET /admin/chatlogs → 200 (25.54ms)
2026-03-20 13:37:32 | INFO     | smartbot.api | GET /admin/users → 200 (5.07ms)
2026-03-20 13:37:32 | INFO     | smartbot.api | GET /admin/files → 200 (6.94ms)
2026-03-20 13:37:32 | INFO     | smartbot.api | GET /admin/audit → 200 (6.86ms)
2026-03-20 13:37:32 | INFO     | smartbot.api | GET /admin/stats → 200 (8.43ms)
2026-03-20 13:37:32 | INFO     | smartbot.api | GET /admin/sessions → 200 (21.83ms)
2026-03-20 13:37:32 | INFO     | smartbot.api | GET /admin/chatlogs → 200 (31.92ms)
2026-03-20 13:37:37 | INFO     | smartbot.api | GET /admin/audit → 200 (7.09ms)
2026-03-20 13:37:37 | INFO     | smartbot.api | GET /admin/users → 200 (7.31ms)
2026-03-20 13:37:37 | INFO     | smartbot.api | GET /admin/files → 200 (9.12ms)
2026-03-20 13:37:37 | INFO     | smartbot.api | GET /admin/stats → 200 (10.39ms)
2026-03-20 13:37:37 | INFO     | smartbot.api | GET /admin/sessions → 200 (19.6ms)
2026-03-20 13:37:37 | INFO     | smartbot.api | GET /admin/chatlogs → 200 (28.04ms)
2026-03-20 13:41:06 | INFO     | smartbot.api | OPTIONS /admin/end-users → 200 (0.73ms)
2026-03-20 13:41:06 | INFO     | smartbot.api | GET /admin/end-users → 200 (8.27ms)
2026-03-20 13:45:20 | INFO     | smartbot.api | OPTIONS /sessions → 200 (0.42ms)
2026-03-20 13:45:20 | INFO     | smartbot.api | OPTIONS /sessions → 200 (0.28ms)
2026-03-20 13:45:20 | INFO     | smartbot.api | POST /sessions → 200 (51.87ms)
2026-03-20 13:45:20 | INFO     | smartbot.api | POST /sessions → 200 (52.8ms)
2026-03-20 13:45:30 | INFO     | smartbot.api | OPTIONS /chat → 200 (0.39ms)
2026-03-20 13:45:35 | INFO     | smartbot.api | POST /chat → 200 (4753.61ms)
2026-03-20 13:46:19 | INFO     | smartbot.api | OTP sent for: admin@smartbot.com
2026-03-20 13:46:19 | INFO     | smartbot.api | POST /admin/login → 200 (220.31ms)
2026-03-20 13:46:25 | INFO     | smartbot.api | POST /admin/verify-otp → 200 (18.47ms)
2026-03-20 13:46:25 | INFO     | smartbot.api | OPTIONS /admin/stats → 200 (1.06ms)
2026-03-20 13:46:25 | INFO     | smartbot.api | OPTIONS /admin/stats → 200 (1.63ms)
2026-03-20 13:46:25 | INFO     | smartbot.api | GET /admin/stats → 200 (10.4ms)
2026-03-20 13:46:25 | INFO     | smartbot.api | OPTIONS /admin/sessions → 200 (0.79ms)
2026-03-20 13:46:25 | INFO     | smartbot.api | OPTIONS /admin/chatlogs → 200 (3.11ms)
2026-03-20 13:46:25 | INFO     | smartbot.api | OPTIONS /admin/files → 200 (3.3ms)
2026-03-20 13:46:25 | INFO     | smartbot.api | OPTIONS /admin/sessions → 200 (9.51ms)
2026-03-20 13:46:25 | INFO     | smartbot.api | OPTIONS /admin/chatlogs → 200 (9.03ms)
2026-03-20 13:46:25 | INFO     | smartbot.api | OPTIONS /admin/files → 200 (8.9ms)
2026-03-20 13:46:25 | INFO     | smartbot.api | GET /admin/stats → 200 (20.78ms)
2026-03-20 13:46:25 | INFO     | smartbot.api | GET /admin/files → 200 (17.79ms)
2026-03-20 13:46:25 | INFO     | smartbot.api | GET /admin/stats → 200 (20.26ms)
2026-03-20 13:46:25 | INFO     | smartbot.api | GET /admin/files → 200 (8.72ms)
2026-03-20 13:46:25 | INFO     | smartbot.api | GET /admin/stats → 200 (11.23ms)
2026-03-20 13:46:25 | INFO     | smartbot.api | GET /admin/sessions → 200 (40.73ms)
2026-03-20 13:46:25 | INFO     | smartbot.api | GET /admin/chatlogs → 200 (52.95ms)
2026-03-20 13:46:25 | INFO     | smartbot.api | GET /admin/sessions → 200 (17.97ms)
2026-03-20 13:46:26 | INFO     | smartbot.api | GET /admin/chatlogs → 200 (22.97ms)
2026-03-20 13:46:30 | INFO     | smartbot.api | GET /admin/end-users → 200 (6.03ms)
2026-03-20 13:46:32 | INFO     | smartbot.api | OPTIONS /admin/audit → 200 (0.47ms)
2026-03-20 13:46:32 | INFO     | smartbot.api | OPTIONS /admin/users → 200 (1.1ms)
2026-03-20 13:46:32 | INFO     | smartbot.api | GET /admin/users → 200 (6.24ms)
2026-03-20 13:46:32 | INFO     | smartbot.api | GET /admin/audit → 200 (7.49ms)
2026-03-20 13:46:32 | INFO     | smartbot.api | OPTIONS /admin/logs/app → 200 (0.83ms)
2026-03-20 13:46:32 | INFO     | smartbot.api | OPTIONS /admin/logs/error → 200 (0.93ms)
2026-03-20 13:46:32 | INFO     | smartbot.api | OPTIONS /admin/logs/info → 200 (1.04ms)
2026-03-20 13:46:32 | INFO     | smartbot.api | GET /admin/logs/error → 200 (5.61ms)
2026-03-20 13:46:32 | INFO     | smartbot.api | GET /admin/logs/info → 200 (9.27ms)
2026-03-20 13:46:32 | INFO     | smartbot.api | GET /admin/logs/app → 200 (32.4ms)
2026-03-20 13:46:38 | INFO     | smartbot.api | POST /sessions → 200 (9.99ms)
2026-03-20 13:46:38 | INFO     | smartbot.api | POST /sessions → 200 (9.67ms)
2026-03-20 13:46:39 | INFO     | smartbot.api | OPTIONS /user/me → 200 (0.5ms)
2026-03-20 13:46:39 | INFO     | smartbot.api | OPTIONS /user/me/sessions → 200 (1.33ms)
2026-03-20 13:46:39 | INFO     | smartbot.api | OPTIONS /user/me → 200 (2.95ms)
2026-03-20 13:46:39 | INFO     | smartbot.api | OPTIONS /user/me/sessions → 200 (3.41ms)
2026-03-20 13:46:39 | INFO     | smartbot.api | GET /user/me → 200 (12.06ms)
2026-03-20 13:46:39 | INFO     | smartbot.api | GET /user/me/sessions → 200 (18.27ms)
2026-03-20 13:46:39 | INFO     | smartbot.api | GET /user/me → 200 (7.9ms)
2026-03-20 13:46:39 | INFO     | smartbot.api | GET /user/me/sessions → 200 (10.23ms)
2026-03-20 13:48:23 | INFO     | smartbot.api | POST /sessions → 200 (18.59ms)
2026-03-20 13:48:23 | INFO     | smartbot.api | POST /sessions → 200 (17.05ms)
2026-03-20 13:55:27 | INFO     | smartbot.api | ==================================================
2026-03-20 13:55:27 | INFO     | smartbot.api | SmartBot V2 starting up — env: development
2026-03-20 13:55:27 | INFO     | smartbot.api | Vectorstore already has 71 chunks — skipping re-ingestion.
2026-03-20 13:55:27 | INFO     | smartbot.api | Warming up model: llama3.2:1b...
2026-03-20 13:55:28 | INFO     | smartbot.api | Model ready.
2026-03-20 13:55:28 | INFO     | smartbot.api | SmartBot V2 startup complete.
2026-03-20 13:55:56 | INFO     | smartbot.api | OPTIONS /sessions → 200 (0.8ms)
2026-03-20 13:55:56 | INFO     | smartbot.api | POST /sessions → 200 (37.2ms)
2026-03-20 13:55:56 | INFO     | smartbot.api | OPTIONS /chat → 200 (0.17ms)
2026-03-20 13:56:01 | INFO     | smartbot.api | POST /chat → 200 (4930.64ms)
2026-03-20 13:57:15 | INFO     | smartbot.api | POST /chat → 200 (3454.48ms)
2026-03-20 13:58:24 | INFO     | smartbot.api | POST /chat → 200 (4336.94ms)
2026-03-20 13:59:40 | INFO     | smartbot.api | POST /sessions → 200 (21.58ms)
2026-03-20 13:59:43 | INFO     | smartbot.api | POST /chat → 200 (2443.65ms)
2026-03-20 14:05:25 | INFO     | smartbot.api | POST /chat → 200 (5581.02ms)
2026-03-20 14:08:46 | INFO     | smartbot.api | OPTIONS /sessions → 200 (0.71ms)
2026-03-20 14:08:46 | INFO     | smartbot.api | POST /sessions → 200 (20.89ms)
2026-03-20 14:08:46 | INFO     | smartbot.api | OPTIONS /chat → 200 (0.26ms)
2026-03-20 14:08:54 | INFO     | smartbot.api | POST /chat → 200 (7114.36ms)
2026-03-20 14:09:06 | INFO     | smartbot.api | OPTIONS /user/me → 200 (0.41ms)
2026-03-20 14:09:06 | INFO     | smartbot.api | OPTIONS /user/me/sessions → 200 (3.16ms)
2026-03-20 14:09:06 | INFO     | smartbot.api | OPTIONS /user/me → 200 (3.27ms)
2026-03-20 14:09:06 | INFO     | smartbot.api | OPTIONS /user/me/sessions → 200 (1.35ms)
2026-03-20 14:09:06 | INFO     | smartbot.api | GET /user/me → 200 (11.72ms)
2026-03-20 14:09:06 | INFO     | smartbot.api | GET /user/me → 200 (4.44ms)
2026-03-20 14:09:06 | INFO     | smartbot.api | GET /user/me/sessions → 200 (156.83ms)
2026-03-20 14:09:06 | INFO     | smartbot.api | GET /user/me/sessions → 200 (7.69ms)
2026-03-20 14:12:47 | INFO     | smartbot.api | GET /user/me → 200 (20.92ms)
2026-03-20 14:12:47 | INFO     | smartbot.api | GET /user/me/sessions → 200 (20.33ms)
2026-03-20 14:12:47 | INFO     | smartbot.api | GET /user/me → 200 (4.15ms)
2026-03-20 14:12:47 | INFO     | smartbot.api | GET /user/me/sessions → 200 (5.63ms)
2026-03-20 14:14:22 | INFO     | smartbot.api | POST /sessions → 200 (18.02ms)
2026-03-20 14:14:28 | INFO     | smartbot.api | POST /chat → 200 (6312.39ms)
2026-03-20 14:16:28 | WARNING  | smartbot.api | GET /admin/sessions → 401 (4.88ms)
2026-03-20 14:16:28 | WARNING  | smartbot.api | GET /admin/sessions → 401 (0.45ms)
2026-03-20 14:19:35 | INFO     | smartbot.api | OPTIONS /user/me/sessions → 200 (2.18ms)
2026-03-20 14:19:35 | INFO     | smartbot.api | OPTIONS /user/me/sessions → 200 (1.93ms)
2026-03-20 14:19:35 | INFO     | smartbot.api | GET /user/me/sessions → 200 (51.94ms)
2026-03-20 14:19:35 | INFO     | smartbot.api | GET /user/me/sessions → 200 (6.29ms)
2026-03-20 14:19:35 | INFO     | smartbot.api | GET /user/me/sessions → 200 (3.11ms)
2026-03-20 14:20:41 | INFO     | smartbot.api | ==================================================
2026-03-20 14:20:41 | INFO     | smartbot.api | SmartBot V2 starting up — env: development
2026-03-20 14:20:41 | INFO     | smartbot.api | Vectorstore already has 71 chunks — skipping re-ingestion.
2026-03-20 14:20:41 | INFO     | smartbot.api | Warming up model: llama3.2:1b...
2026-03-20 14:20:42 | INFO     | smartbot.api | Model ready.
2026-03-20 14:20:42 | INFO     | smartbot.api | SmartBot V2 startup complete.
2026-03-20 14:20:44 | INFO     | smartbot.api | GET /user/me/sessions → 200 (19.62ms)
2026-03-20 14:20:44 | INFO     | smartbot.api | GET /user/me/sessions → 200 (2.71ms)
2026-03-20 14:20:49 | INFO     | smartbot.api | GET /user/me/sessions → 200 (6.19ms)
2026-03-20 14:20:49 | INFO     | smartbot.api | GET /user/me/sessions → 200 (8.0ms)
2026-03-20 14:21:19 | INFO     | smartbot.api | OPTIONS /user/login → 200 (0.4ms)
2026-03-20 14:21:19 | INFO     | smartbot.api | POST /user/login → 200 (243.74ms)
2026-03-20 14:21:20 | INFO     | smartbot.api | GET /user/me/sessions → 200 (5.64ms)
2026-03-20 14:21:20 | INFO     | smartbot.api | GET /user/me/sessions → 200 (3.46ms)
2026-03-20 14:21:41 | INFO     | smartbot.api | OPTIONS /sessions → 200 (0.36ms)
2026-03-20 14:21:41 | INFO     | smartbot.api | POST /sessions → 200 (13.58ms)
2026-03-20 14:21:41 | INFO     | smartbot.api | OPTIONS /chat → 200 (0.4ms)
2026-03-20 14:21:44 | INFO     | smartbot.api | POST /chat → 200 (3009.77ms)
2026-03-20 14:29:46 | INFO     | smartbot.api | OPTIONS /user/register → 200 (1.81ms)
2026-03-20 14:29:46 | INFO     | smartbot.api | POST /user/register → 200 (232.07ms)
2026-03-20 14:29:46 | INFO     | smartbot.api | OPTIONS /user/me/sessions → 200 (0.12ms)
2026-03-20 14:29:46 | INFO     | smartbot.api | OPTIONS /user/me/sessions → 200 (0.08ms)
2026-03-20 14:29:46 | INFO     | smartbot.api | GET /user/me/sessions → 200 (2.1ms)
2026-03-20 14:29:46 | INFO     | smartbot.api | GET /user/me/sessions → 200 (1.43ms)
2026-03-20 14:32:18 | INFO     | smartbot.api | OPTIONS /sessions → 200 (0.34ms)
2026-03-20 14:32:18 | INFO     | smartbot.api | POST /sessions → 200 (8.06ms)
2026-03-20 14:32:18 | INFO     | smartbot.api | OPTIONS /chat → 200 (0.21ms)
2026-03-20 14:32:23 | INFO     | smartbot.api | POST /chat → 200 (5939.51ms)
2026-03-20 14:32:47 | INFO     | smartbot.api | OPTIONS /user/login → 200 (0.39ms)
2026-03-20 14:32:48 | INFO     | smartbot.api | POST /user/login → 200 (219.19ms)
2026-03-20 14:32:48 | INFO     | smartbot.api | GET /user/me/sessions → 200 (8.1ms)
2026-03-20 14:32:48 | INFO     | smartbot.api | GET /user/me/sessions → 200 (3.26ms)
2026-03-20 14:39:10 | INFO     | smartbot.api | GET /user/me/sessions → 200 (62.44ms)
2026-03-20 14:39:10 | INFO     | smartbot.api | GET /user/me/sessions → 200 (5.18ms)
2026-03-20 14:41:04 | INFO     | smartbot.api | ==================================================
2026-03-20 14:41:04 | INFO     | smartbot.api | SmartBot V2 starting up — env: development
2026-03-20 14:41:04 | INFO     | smartbot.api | Vectorstore already has 71 chunks — skipping re-ingestion.
2026-03-20 14:41:04 | INFO     | smartbot.api | Warming up model: llama3.2:1b...
2026-03-20 14:41:04 | INFO     | smartbot.api | Model ready.
2026-03-20 14:41:04 | INFO     | smartbot.api | SmartBot V2 startup complete.
2026-03-20 14:41:06 | INFO     | smartbot.api | OPTIONS /user/me/sessions → 200 (0.28ms)
2026-03-20 14:41:06 | INFO     | smartbot.api | OPTIONS /user/me/sessions → 200 (0.39ms)
2026-03-20 14:41:06 | INFO     | smartbot.api | GET /user/me/sessions → 200 (17.29ms)
2026-03-20 14:41:06 | INFO     | smartbot.api | GET /user/me/sessions → 200 (3.2ms)
2026-03-20 14:41:09 | INFO     | smartbot.api | GET /user/me/sessions → 200 (8.14ms)
2026-03-20 14:41:09 | INFO     | smartbot.api | GET /user/me/sessions → 200 (7.63ms)
2026-03-20 14:41:29 | INFO     | smartbot.api | POST /user/login → 200 (244.1ms)
2026-03-20 14:41:29 | INFO     | smartbot.api | GET /user/me/sessions → 200 (2.09ms)
2026-03-20 14:41:29 | INFO     | smartbot.api | GET /user/me/sessions → 200 (1.53ms)
2026-03-20 14:43:37 | INFO     | smartbot.api | OTP sent for: admin@smartbot.com
2026-03-20 14:43:37 | INFO     | smartbot.api | POST /admin/login → 200 (222.8ms)
2026-03-20 14:43:43 | INFO     | smartbot.api | POST /admin/verify-otp → 200 (21.84ms)
2026-03-20 14:43:43 | INFO     | smartbot.api | OPTIONS /admin/stats → 200 (0.92ms)
2026-03-20 14:43:43 | INFO     | smartbot.api | OPTIONS /admin/stats → 200 (1.86ms)
2026-03-20 14:43:43 | INFO     | smartbot.api | GET /admin/stats → 200 (40.25ms)
2026-03-20 14:43:43 | INFO     | smartbot.api | OPTIONS /admin/sessions → 200 (0.7ms)
2026-03-20 14:43:43 | INFO     | smartbot.api | OPTIONS /admin/chatlogs → 200 (2.67ms)
2026-03-20 14:43:43 | INFO     | smartbot.api | OPTIONS /admin/files → 200 (1.9ms)
2026-03-20 14:43:43 | INFO     | smartbot.api | OPTIONS /admin/sessions → 200 (1.94ms)
2026-03-20 14:43:43 | INFO     | smartbot.api | OPTIONS /admin/chatlogs → 200 (1.71ms)
2026-03-20 14:43:43 | INFO     | smartbot.api | OPTIONS /admin/files → 200 (1.79ms)
2026-03-20 14:43:43 | INFO     | smartbot.api | GET /admin/stats → 200 (12.74ms)
2026-03-20 14:43:43 | INFO     | smartbot.api | GET /admin/files → 200 (15.89ms)
2026-03-20 14:43:43 | INFO     | smartbot.api | GET /admin/sessions → 200 (26.75ms)
2026-03-20 14:43:43 | INFO     | smartbot.api | GET /admin/chatlogs → 200 (25.97ms)
2026-03-20 14:43:43 | INFO     | smartbot.api | GET /admin/files → 200 (8.56ms)
2026-03-20 14:43:43 | INFO     | smartbot.api | GET /admin/stats → 200 (26.75ms)
2026-03-20 14:43:43 | INFO     | smartbot.api | GET /admin/stats → 200 (5.9ms)
2026-03-20 14:43:43 | INFO     | smartbot.api | GET /admin/sessions → 200 (12.94ms)
2026-03-20 14:43:43 | INFO     | smartbot.api | GET /admin/chatlogs → 200 (14.56ms)
2026-03-20 14:43:45 | INFO     | smartbot.api | OPTIONS /admin/end-users → 200 (0.35ms)
2026-03-20 14:43:45 | INFO     | smartbot.api | GET /admin/end-users → 200 (7.93ms)
2026-03-20 14:43:49 | INFO     | smartbot.api | OPTIONS /admin/audit → 200 (0.55ms)
2026-03-20 14:43:49 | INFO     | smartbot.api | OPTIONS /admin/users → 200 (0.96ms)
2026-03-20 14:43:49 | INFO     | smartbot.api | GET /admin/users → 200 (8.0ms)
2026-03-20 14:43:49 | INFO     | smartbot.api | GET /admin/audit → 200 (11.07ms)
2026-03-20 14:43:50 | INFO     | smartbot.api | GET /admin/end-users → 200 (6.11ms)
2026-03-20 14:43:52 | INFO     | smartbot.api | GET /admin/users → 200 (5.4ms)
2026-03-20 14:43:52 | INFO     | smartbot.api | GET /admin/audit → 200 (8.1ms)
2026-03-20 14:43:54 | INFO     | smartbot.api | GET /admin/end-users → 200 (7.32ms)
2026-03-20 14:43:55 | INFO     | smartbot.api | GET /admin/users → 200 (5.69ms)
2026-03-20 14:43:55 | INFO     | smartbot.api | GET /admin/audit → 200 (9.48ms)
2026-03-20 14:44:00 | INFO     | smartbot.api | OPTIONS /admin/logs/app → 200 (0.73ms)
2026-03-20 14:44:00 | INFO     | smartbot.api | OPTIONS /admin/logs/error → 200 (1.08ms)
2026-03-20 14:44:00 | INFO     | smartbot.api | OPTIONS /admin/logs/info → 200 (1.43ms)
2026-03-20 14:44:00 | INFO     | smartbot.api | GET /admin/logs/error → 200 (6.76ms)
2026-03-20 14:44:00 | INFO     | smartbot.api | GET /admin/logs/info → 200 (10.0ms)
2026-03-20 14:44:00 | INFO     | smartbot.api | GET /admin/logs/app → 200 (36.46ms)
2026-03-20 14:44:01 | INFO     | smartbot.api | GET /admin/logs/error → 200 (30.95ms)
2026-03-20 14:44:01 | INFO     | smartbot.api | GET /admin/logs/app → 200 (33.04ms)
2026-03-20 14:44:01 | INFO     | smartbot.api | GET /admin/logs/info → 200 (32.45ms)
2026-03-20 14:46:28 | INFO     | smartbot.api | GET /admin/stats → 200 (13.77ms)
2026-03-20 14:46:28 | INFO     | smartbot.api | GET /admin/files → 200 (14.2ms)
2026-03-20 14:46:28 | INFO     | smartbot.api | GET /admin/stats → 200 (27.3ms)
2026-03-20 14:46:28 | INFO     | smartbot.api | GET /admin/chatlogs → 200 (37.61ms)
2026-03-20 14:46:28 | INFO     | smartbot.api | GET /admin/sessions → 200 (39.42ms)
2026-03-20 14:46:28 | INFO     | smartbot.api | GET /admin/files → 200 (17.59ms)
2026-03-20 14:46:28 | INFO     | smartbot.api | GET /admin/stats → 200 (14.39ms)
2026-03-20 14:46:28 | INFO     | smartbot.api | GET /admin/sessions → 200 (15.12ms)
2026-03-20 14:46:28 | INFO     | smartbot.api | GET /admin/chatlogs → 200 (15.68ms)
2026-03-20 14:46:28 | INFO     | smartbot.api | GET /admin/stats → 200 (15.82ms)
2026-03-20 14:46:39 | INFO     | smartbot.api | GET /admin/stats → 200 (4.83ms)
2026-03-20 14:46:39 | INFO     | smartbot.api | GET /admin/stats → 200 (6.71ms)
2026-03-20 14:46:39 | INFO     | smartbot.api | GET /admin/files → 200 (15.43ms)
2026-03-20 14:46:39 | INFO     | smartbot.api | GET /admin/stats → 200 (21.73ms)
2026-03-20 14:46:39 | INFO     | smartbot.api | GET /admin/files → 200 (18.46ms)
2026-03-20 14:46:39 | INFO     | smartbot.api | GET /admin/chatlogs → 200 (41.62ms)
2026-03-20 14:46:39 | INFO     | smartbot.api | GET /admin/sessions → 200 (42.24ms)
2026-03-20 14:46:39 | INFO     | smartbot.api | GET /admin/stats → 200 (17.62ms)
2026-03-20 14:46:39 | INFO     | smartbot.api | GET /admin/sessions → 200 (12.65ms)
2026-03-20 14:46:39 | INFO     | smartbot.api | GET /admin/chatlogs → 200 (13.68ms)
2026-03-20 14:52:38 | INFO     | smartbot.api | GET /admin/stats → 200 (10.21ms)
2026-03-20 14:52:38 | INFO     | smartbot.api | GET /admin/stats → 200 (4.23ms)
2026-03-20 14:52:39 | INFO     | smartbot.api | GET /admin/stats → 200 (9.41ms)
2026-03-20 14:52:53 | INFO     | smartbot.api | GET /admin/stats → 200 (3.33ms)
2026-03-20 14:52:53 | INFO     | smartbot.api | GET /admin/stats → 200 (2.66ms)
2026-03-20 14:52:53 | INFO     | smartbot.api | GET /admin/files → 200 (7.18ms)
2026-03-20 14:52:53 | INFO     | smartbot.api | GET /admin/stats → 200 (8.19ms)
2026-03-20 14:52:53 | INFO     | smartbot.api | GET /admin/files → 200 (5.82ms)
2026-03-20 14:52:53 | INFO     | smartbot.api | GET /admin/stats → 200 (6.96ms)
2026-03-20 14:52:53 | INFO     | smartbot.api | GET /admin/chatlogs → 200 (17.33ms)
2026-03-20 14:52:53 | INFO     | smartbot.api | GET /admin/sessions → 200 (17.99ms)
2026-03-20 14:52:53 | INFO     | smartbot.api | GET /admin/chatlogs → 200 (11.78ms)
2026-03-20 14:52:53 | INFO     | smartbot.api | GET /admin/sessions → 200 (11.71ms)
2026-03-20 14:52:55 | INFO     | smartbot.api | ==================================================
2026-03-20 14:52:55 | INFO     | smartbot.api | SmartBot V2 starting up — env: development
2026-03-20 14:52:56 | INFO     | smartbot.api | Vectorstore already has 71 chunks — skipping re-ingestion.
2026-03-20 14:52:56 | INFO     | smartbot.api | Warming up model: llama3.2:1b...
2026-03-20 14:52:57 | INFO     | smartbot.api | Model ready.
2026-03-20 14:52:57 | INFO     | smartbot.api | SmartBot V2 startup complete.
2026-03-20 14:53:02 | INFO     | smartbot.api | GET /admin/stats → 200 (36.86ms)
2026-03-20 14:53:02 | INFO     | smartbot.api | GET /admin/stats → 200 (15.33ms)
2026-03-20 14:53:02 | INFO     | smartbot.api | GET /admin/files → 200 (18.2ms)
2026-03-20 14:53:02 | INFO     | smartbot.api | GET /admin/files → 200 (8.47ms)
2026-03-20 14:53:02 | INFO     | smartbot.api | GET /admin/sessions → 200 (31.14ms)
2026-03-20 14:53:02 | INFO     | smartbot.api | GET /admin/stats → 200 (13.74ms)
2026-03-20 14:53:02 | INFO     | smartbot.api | GET /admin/chatlogs → 200 (32.94ms)
2026-03-20 14:53:02 | INFO     | smartbot.api | GET /admin/stats → 200 (6.04ms)
2026-03-20 14:53:02 | INFO     | smartbot.api | GET /admin/chatlogs → 200 (12.39ms)
2026-03-20 14:53:02 | INFO     | smartbot.api | GET /admin/sessions → 200 (15.99ms)
2026-03-20 14:53:04 | INFO     | smartbot.api | GET /admin/stats → 200 (5.79ms)
2026-03-20 14:53:04 | INFO     | smartbot.api | GET /admin/files → 200 (11.53ms)
2026-03-20 14:53:04 | INFO     | smartbot.api | GET /admin/stats → 200 (16.67ms)
2026-03-20 14:53:04 | INFO     | smartbot.api | GET /admin/files → 200 (15.99ms)
2026-03-20 14:53:04 | INFO     | smartbot.api | GET /admin/stats → 200 (15.6ms)
2026-03-20 14:53:04 | INFO     | smartbot.api | GET /admin/sessions → 200 (37.77ms)
2026-03-20 14:53:04 | INFO     | smartbot.api | GET /admin/chatlogs → 200 (40.32ms)
2026-03-20 14:53:04 | INFO     | smartbot.api | GET /admin/stats → 200 (5.46ms)
2026-03-20 14:53:04 | INFO     | smartbot.api | GET /admin/chatlogs → 200 (10.7ms)
2026-03-20 14:53:04 | INFO     | smartbot.api | GET /admin/sessions → 200 (67.03ms)
2026-03-20 14:53:24 | INFO     | smartbot.api | OPTIONS /user/login → 200 (0.5ms)
2026-03-20 14:53:24 | INFO     | smartbot.api | POST /user/login → 200 (244.52ms)
2026-03-20 14:53:24 | INFO     | smartbot.api | OPTIONS /user/me/sessions → 200 (0.13ms)
2026-03-20 14:53:24 | INFO     | smartbot.api | OPTIONS /user/me/sessions → 200 (0.12ms)
2026-03-20 14:53:24 | INFO     | smartbot.api | GET /user/me/sessions → 200 (4.16ms)
2026-03-20 14:53:24 | INFO     | smartbot.api | GET /user/me/sessions → 200 (2.03ms)
2026-03-20 14:53:35 | INFO     | smartbot.api | GET /admin/stats → 200 (5.97ms)
2026-03-20 14:53:35 | INFO     | smartbot.api | GET /admin/stats → 200 (3.79ms)
2026-03-20 14:53:35 | INFO     | smartbot.api | GET /admin/files → 200 (18.73ms)
2026-03-20 14:53:35 | INFO     | smartbot.api | GET /admin/stats → 200 (22.84ms)
2026-03-20 14:53:35 | INFO     | smartbot.api | GET /admin/sessions → 200 (33.03ms)
2026-03-20 14:53:35 | INFO     | smartbot.api | GET /admin/chatlogs → 200 (32.81ms)
2026-03-20 14:53:35 | INFO     | smartbot.api | GET /admin/files → 200 (8.23ms)
2026-03-20 14:53:35 | INFO     | smartbot.api | GET /admin/stats → 200 (8.27ms)
2026-03-20 14:53:35 | INFO     | smartbot.api | GET /admin/sessions → 200 (10.84ms)
2026-03-20 14:53:35 | INFO     | smartbot.api | GET /admin/chatlogs → 200 (10.75ms)
2026-03-20 14:54:15 | INFO     | smartbot.api | OTP sent for: admin@smartbot.com
2026-03-20 14:54:15 | INFO     | smartbot.api | POST /admin/login → 200 (224.3ms)
2026-03-20 14:54:22 | INFO     | smartbot.api | POST /admin/verify-otp → 200 (26.92ms)
2026-03-20 14:54:22 | INFO     | smartbot.api | OPTIONS /admin/stats → 200 (0.47ms)
2026-03-20 14:54:22 | INFO     | smartbot.api | GET /admin/stats → 200 (80.49ms)
2026-03-20 14:54:22 | INFO     | smartbot.api | OPTIONS /admin/sessions → 200 (1.82ms)
2026-03-20 14:54:22 | INFO     | smartbot.api | OPTIONS /admin/chatlogs → 200 (2.85ms)
2026-03-20 14:54:22 | INFO     | smartbot.api | OPTIONS /admin/files → 200 (3.22ms)
2026-03-20 14:54:22 | INFO     | smartbot.api | GET /admin/stats → 200 (17.42ms)
2026-03-20 14:54:22 | INFO     | smartbot.api | GET /admin/files → 200 (14.71ms)
2026-03-20 14:54:22 | INFO     | smartbot.api | GET /admin/sessions → 200 (31.65ms)
2026-03-20 14:54:22 | INFO     | smartbot.api | GET /admin/chatlogs → 200 (31.83ms)
2026-03-20 14:56:00 | INFO     | smartbot.api | GET /user/me/sessions → 200 (17.68ms)
2026-03-20 14:56:00 | INFO     | smartbot.api | GET /user/me/sessions → 200 (4.25ms)
2026-03-20 14:58:11 | INFO     | smartbot.api | OPTIONS /sessions → 200 (0.47ms)
2026-03-20 14:58:11 | INFO     | smartbot.api | POST /sessions → 200 (19.72ms)
2026-03-20 14:58:11 | INFO     | smartbot.api | OPTIONS /chat → 200 (0.26ms)
2026-03-20 14:58:19 | INFO     | smartbot.api | POST /chat → 200 (7871.39ms)
2026-03-20 14:59:39 | INFO     | smartbot.api | OPTIONS /admin/stats → 200 (0.41ms)
2026-03-20 14:59:39 | INFO     | smartbot.api | OPTIONS /admin/stats → 200 (1.18ms)
2026-03-20 14:59:39 | INFO     | smartbot.api | GET /admin/stats → 200 (10.44ms)
2026-03-20 14:59:39 | INFO     | smartbot.api | OPTIONS /admin/sessions → 200 (0.95ms)
2026-03-20 14:59:39 | INFO     | smartbot.api | OPTIONS /admin/chatlogs → 200 (6.27ms)
2026-03-20 14:59:39 | INFO     | smartbot.api | OPTIONS /admin/files → 200 (7.29ms)
2026-03-20 14:59:39 | INFO     | smartbot.api | OPTIONS /admin/sessions → 200 (2.13ms)
2026-03-20 14:59:39 | INFO     | smartbot.api | OPTIONS /admin/chatlogs → 200 (1.4ms)
2026-03-20 14:59:39 | INFO     | smartbot.api | GET /admin/stats → 200 (11.87ms)
2026-03-20 14:59:39 | INFO     | smartbot.api | OPTIONS /admin/files → 200 (1.41ms)
2026-03-20 14:59:39 | INFO     | smartbot.api | GET /admin/files → 200 (15.27ms)
2026-03-20 14:59:39 | INFO     | smartbot.api | GET /admin/stats → 200 (18.97ms)
2026-03-20 14:59:39 | INFO     | smartbot.api | GET /admin/files → 200 (13.17ms)
2026-03-20 14:59:39 | INFO     | smartbot.api | GET /admin/chatlogs → 200 (34.46ms)
2026-03-20 14:59:39 | INFO     | smartbot.api | GET /admin/sessions → 200 (35.91ms)
2026-03-20 14:59:39 | INFO     | smartbot.api | GET /admin/stats → 200 (11.7ms)
2026-03-20 14:59:39 | INFO     | smartbot.api | GET /admin/sessions → 200 (13.53ms)
2026-03-20 14:59:39 | INFO     | smartbot.api | GET /admin/chatlogs → 200 (13.95ms)
2026-03-20 14:59:57 | INFO     | smartbot.api | OPTIONS /admin/logs/app → 200 (0.83ms)
2026-03-20 14:59:57 | INFO     | smartbot.api | OPTIONS /admin/logs/error → 200 (1.2ms)
2026-03-20 14:59:57 | INFO     | smartbot.api | OPTIONS /admin/logs/info → 200 (1.74ms)
2026-03-20 14:59:57 | INFO     | smartbot.api | GET /admin/logs/error → 200 (7.31ms)
2026-03-20 14:59:57 | INFO     | smartbot.api | GET /admin/logs/info → 200 (11.19ms)
2026-03-20 14:59:57 | INFO     | smartbot.api | GET /admin/logs/app → 200 (38.15ms)
2026-03-20 15:05:41 | INFO     | smartbot.api | GET /user/me/sessions → 200 (15.97ms)
2026-03-20 15:10:33 | INFO     | smartbot.api | OPTIONS /admin/stats → 200 (0.55ms)
2026-03-20 15:10:33 | INFO     | smartbot.api | OPTIONS /admin/stats → 200 (1.38ms)
2026-03-20 15:10:34 | INFO     | smartbot.api | GET /admin/stats → 200 (78.74ms)
2026-03-20 15:10:34 | INFO     | smartbot.api | OPTIONS /admin/sessions → 200 (1.54ms)
2026-03-20 15:10:34 | INFO     | smartbot.api | OPTIONS /admin/chatlogs → 200 (1.72ms)
2026-03-20 15:10:34 | INFO     | smartbot.api | OPTIONS /admin/files → 200 (1.33ms)
2026-03-20 15:10:34 | INFO     | smartbot.api | OPTIONS /admin/sessions → 200 (1.23ms)
2026-03-20 15:10:34 | INFO     | smartbot.api | OPTIONS /admin/chatlogs → 200 (1.33ms)
2026-03-20 15:10:34 | INFO     | smartbot.api | OPTIONS /admin/files → 200 (1.85ms)
2026-03-20 15:10:34 | INFO     | smartbot.api | GET /admin/stats → 200 (48.62ms)
2026-03-20 15:10:34 | INFO     | smartbot.api | GET /admin/files → 200 (242.55ms)
2026-03-20 15:10:34 | INFO     | smartbot.api | GET /admin/files → 200 (16.69ms)
2026-03-20 15:10:34 | INFO     | smartbot.api | GET /admin/sessions → 200 (371.92ms)
2026-03-20 15:10:34 | INFO     | smartbot.api | GET /admin/chatlogs → 200 (374.31ms)
2026-03-20 15:10:34 | INFO     | smartbot.api | GET /admin/stats → 200 (334.85ms)
2026-03-20 15:10:34 | INFO     | smartbot.api | GET /admin/stats → 200 (17.85ms)
2026-03-20 15:10:34 | INFO     | smartbot.api | GET /admin/sessions → 200 (40.36ms)
2026-03-20 15:10:34 | INFO     | smartbot.api | GET /admin/chatlogs → 200 (42.02ms)
2026-03-20 15:10:34 | INFO     | smartbot.api | GET /admin/stats → 200 (9.3ms)
2026-03-20 15:10:34 | INFO     | smartbot.api | GET /admin/files → 200 (9.74ms)
2026-03-20 15:10:34 | INFO     | smartbot.api | GET /admin/stats → 200 (16.62ms)
2026-03-20 15:10:34 | INFO     | smartbot.api | GET /admin/files → 200 (18.87ms)
2026-03-20 15:10:34 | INFO     | smartbot.api | GET /admin/stats → 200 (158.06ms)
2026-03-20 15:10:34 | INFO     | smartbot.api | GET /admin/chatlogs → 200 (183.36ms)
2026-03-20 15:10:34 | INFO     | smartbot.api | GET /admin/sessions → 200 (184.23ms)
2026-03-20 15:10:34 | INFO     | smartbot.api | GET /admin/stats → 200 (15.02ms)
2026-03-20 15:10:35 | INFO     | smartbot.api | GET /admin/chatlogs → 200 (31.31ms)
2026-03-20 15:10:35 | INFO     | smartbot.api | GET /admin/sessions → 200 (31.42ms)
2026-03-21 13:35:40 | INFO     | smartbot.api | ==================================================
2026-03-21 13:35:40 | INFO     | smartbot.api | SmartBot V2 starting up — env: development
2026-03-21 13:35:40 | INFO     | smartbot.api | Vectorstore already has 71 chunks — skipping re-ingestion.
2026-03-21 13:35:40 | INFO     | smartbot.api | Warming up model: llama3.2:1b...
2026-03-21 13:35:42 | INFO     | smartbot.api | Model ready.
2026-03-21 13:35:42 | INFO     | smartbot.api | SmartBot V2 startup complete.
2026-03-21 13:35:47 | INFO     | smartbot.api | OPTIONS /admin/stats → 200 (0.24ms)
2026-03-21 13:35:47 | INFO     | smartbot.api | OPTIONS /admin/stats → 200 (0.38ms)
2026-03-21 13:35:47 | WARNING  | smartbot.api | GET /admin/stats → 401 (11.37ms)
2026-03-21 13:35:47 | WARNING  | smartbot.api | GET /admin/stats → 401 (0.53ms)
2026-03-21 13:35:54 | INFO     | smartbot.api | OPTIONS /user/me/sessions → 200 (0.39ms)
2026-03-21 13:35:54 | INFO     | smartbot.api | GET /user/me/sessions → 200 (30.8ms)
2026-03-21 13:35:54 | INFO     | smartbot.api | GET /user/me/sessions → 200 (7.51ms)
2026-03-21 13:37:11 | INFO     | smartbot.api | OTP sent for: admin@smartbot.com
2026-03-21 13:37:11 | INFO     | smartbot.api | POST /admin/login → 200 (240.29ms)
2026-03-21 13:37:19 | INFO     | smartbot.api | POST /admin/verify-otp → 200 (36.38ms)
2026-03-21 13:37:19 | INFO     | smartbot.api | GET /admin/stats → 200 (43.98ms)
2026-03-21 13:37:19 | INFO     | smartbot.api | GET /admin/stats → 200 (7.47ms)
2026-03-21 13:37:19 | INFO     | smartbot.api | OPTIONS /admin/sessions → 200 (0.76ms)
2026-03-21 13:37:19 | INFO     | smartbot.api | OPTIONS /admin/chatlogs → 200 (0.94ms)
2026-03-21 13:37:19 | INFO     | smartbot.api | OPTIONS /admin/files → 200 (1.03ms)
2026-03-21 13:37:19 | INFO     | smartbot.api | OPTIONS /admin/sessions → 200 (1.56ms)
2026-03-21 13:37:19 | INFO     | smartbot.api | OPTIONS /admin/chatlogs → 200 (1.32ms)
2026-03-21 13:37:19 | INFO     | smartbot.api | OPTIONS /admin/files → 200 (1.23ms)
2026-03-21 13:37:19 | INFO     | smartbot.api | GET /admin/stats → 200 (19.71ms)
2026-03-21 13:37:19 | INFO     | smartbot.api | GET /admin/files → 200 (23.13ms)
2026-03-21 13:37:19 | INFO     | smartbot.api | GET /admin/sessions → 200 (39.0ms)
2026-03-21 13:37:19 | INFO     | smartbot.api | GET /admin/stats → 200 (23.49ms)
2026-03-21 13:37:19 | INFO     | smartbot.api | GET /admin/files → 200 (11.86ms)
2026-03-21 13:37:19 | INFO     | smartbot.api | GET /admin/chatlogs → 200 (43.63ms)
2026-03-21 13:37:19 | INFO     | smartbot.api | GET /admin/sessions → 200 (14.39ms)
2026-03-21 13:37:19 | INFO     | smartbot.api | GET /admin/chatlogs → 200 (9.81ms)
2026-03-21 13:37:21 | INFO     | smartbot.api | OPTIONS /admin/analytics/overview → 200 (0.93ms)
2026-03-21 13:37:21 | INFO     | smartbot.api | OPTIONS /admin/analytics/peak-hours → 200 (1.41ms)
2026-03-21 13:37:21 | INFO     | smartbot.api | OPTIONS /admin/analytics/top-questions → 200 (1.72ms)
2026-03-21 13:37:21 | INFO     | smartbot.api | GET /admin/analytics/top-questions → 200 (14.44ms)
2026-03-21 13:37:21 | INFO     | smartbot.api | GET /admin/analytics/overview → 200 (17.35ms)
2026-03-21 13:37:21 | INFO     | smartbot.api | GET /admin/analytics/peak-hours → 200 (28.4ms)
2026-03-21 13:37:51 | INFO     | smartbot.api | OPTIONS /admin/analytics/overview → 200 (0.67ms)
2026-03-21 13:37:51 | INFO     | smartbot.api | OPTIONS /admin/analytics/peak-hours → 200 (1.25ms)
2026-03-21 13:37:51 | INFO     | smartbot.api | OPTIONS /admin/analytics/top-questions → 200 (1.48ms)
2026-03-21 13:37:51 | INFO     | smartbot.api | GET /admin/analytics/peak-hours → 200 (16.59ms)
2026-03-21 13:37:51 | INFO     | smartbot.api | GET /admin/analytics/top-questions → 200 (17.41ms)
2026-03-21 13:37:51 | INFO     | smartbot.api | GET /admin/analytics/overview → 200 (21.3ms)
2026-03-21 13:37:52 | INFO     | smartbot.api | OPTIONS /admin/analytics/overview → 200 (0.99ms)
2026-03-21 13:37:52 | INFO     | smartbot.api | OPTIONS /admin/analytics/peak-hours → 200 (1.31ms)
2026-03-21 13:37:52 | INFO     | smartbot.api | OPTIONS /admin/analytics/top-questions → 200 (1.54ms)
2026-03-21 13:37:52 | INFO     | smartbot.api | GET /admin/analytics/top-questions → 200 (9.01ms)
2026-03-21 13:37:52 | INFO     | smartbot.api | GET /admin/analytics/peak-hours → 200 (10.26ms)
2026-03-21 13:37:52 | INFO     | smartbot.api | GET /admin/analytics/overview → 200 (11.64ms)
2026-03-21 13:37:54 | INFO     | smartbot.api | GET /admin/analytics/top-questions → 200 (8.89ms)
2026-03-21 13:37:54 | INFO     | smartbot.api | GET /admin/analytics/overview → 200 (10.96ms)
2026-03-21 13:37:54 | INFO     | smartbot.api | GET /admin/analytics/peak-hours → 200 (10.63ms)
2026-03-21 13:37:58 | INFO     | smartbot.api | OPTIONS /admin/analytics/export → 200 (0.45ms)
2026-03-21 13:37:59 | INFO     | smartbot.api | GET /admin/analytics/export → 200 (45.39ms)
2026-03-21 13:42:10 | INFO     | smartbot.api | OPTIONS /admin/end-users → 200 (3.31ms)
2026-03-21 13:42:10 | INFO     | smartbot.api | GET /admin/end-users → 200 (31.15ms)
2026-03-21 13:42:11 | INFO     | smartbot.api | GET /admin/analytics/peak-hours → 200 (19.81ms)
2026-03-21 13:42:11 | INFO     | smartbot.api | GET /admin/analytics/top-questions → 200 (20.07ms)
2026-03-21 13:42:11 | INFO     | smartbot.api | GET /admin/analytics/overview → 200 (22.64ms)
2026-03-21 13:44:10 | INFO     | smartbot.api | GET /admin/analytics/top-questions → 200 (32.23ms)
2026-03-21 13:44:10 | INFO     | smartbot.api | GET /admin/analytics/peak-hours → 200 (36.08ms)
2026-03-21 13:44:10 | INFO     | smartbot.api | GET /admin/analytics/overview → 200 (54.52ms)
2026-03-21 13:48:26 | INFO     | smartbot.api | OPTIONS /admin/analytics/overview → 200 (15.62ms)
2026-03-21 13:48:26 | INFO     | smartbot.api | OPTIONS /admin/analytics/peak-hours → 200 (17.85ms)
2026-03-21 13:48:26 | INFO     | smartbot.api | OPTIONS /admin/analytics/top-questions → 200 (7.08ms)
2026-03-21 13:48:26 | INFO     | smartbot.api | GET /admin/analytics/top-questions → 200 (106.07ms)
2026-03-21 13:48:26 | INFO     | smartbot.api | GET /admin/analytics/peak-hours → 200 (108.26ms)
2026-03-21 13:48:26 | INFO     | smartbot.api | GET /admin/analytics/overview → 200 (133.25ms)
2026-03-21 13:48:30 | INFO     | smartbot.api | OPTIONS /admin/analytics/export → 200 (0.5ms)
2026-03-21 13:48:30 | INFO     | smartbot.api | GET /admin/analytics/export → 200 (49.9ms)
2026-03-21 13:48:36 | INFO     | smartbot.api | OPTIONS /admin/analytics/export → 200 (0.43ms)
2026-03-21 13:48:36 | INFO     | smartbot.api | GET /admin/analytics/export → 200 (30.79ms)
2026-03-21 13:49:34 | INFO     | smartbot.api | OPTIONS /user/me/sessions → 200 (0.85ms)
2026-03-21 13:49:34 | INFO     | smartbot.api | OPTIONS /user/me/sessions → 200 (1.98ms)
2026-03-21 13:49:34 | INFO     | smartbot.api | GET /user/me/sessions → 200 (40.88ms)
2026-03-21 13:49:34 | INFO     | smartbot.api | GET /user/me/sessions → 200 (31.54ms)
2026-03-21 13:49:57 | INFO     | smartbot.api | OPTIONS /admin/stats → 200 (0.3ms)
2026-03-21 13:49:57 | INFO     | smartbot.api | OPTIONS /admin/stats → 200 (1.21ms)
2026-03-21 13:49:57 | INFO     | smartbot.api | GET /admin/stats → 200 (7.59ms)
2026-03-21 13:49:57 | INFO     | smartbot.api | GET /admin/stats → 200 (6.31ms)
2026-03-21 13:49:57 | INFO     | smartbot.api | OPTIONS /admin/sessions → 200 (0.54ms)
2026-03-21 13:49:57 | INFO     | smartbot.api | OPTIONS /admin/chatlogs → 200 (0.69ms)
2026-03-21 13:49:57 | INFO     | smartbot.api | OPTIONS /admin/files → 200 (1.02ms)
2026-03-21 13:49:57 | INFO     | smartbot.api | OPTIONS /admin/sessions → 200 (2.15ms)
2026-03-21 13:49:57 | INFO     | smartbot.api | OPTIONS /admin/chatlogs → 200 (3.18ms)
2026-03-21 13:49:57 | INFO     | smartbot.api | OPTIONS /admin/files → 200 (1.46ms)
2026-03-21 13:49:57 | INFO     | smartbot.api | GET /admin/stats → 200 (17.04ms)
2026-03-21 13:49:57 | INFO     | smartbot.api | GET /admin/files → 200 (14.43ms)
2026-03-21 13:49:57 | INFO     | smartbot.api | GET /admin/files → 200 (29.18ms)
2026-03-21 13:49:57 | INFO     | smartbot.api | GET /admin/stats → 200 (38.7ms)
2026-03-21 13:49:57 | INFO     | smartbot.api | GET /admin/sessions → 200 (56.02ms)
2026-03-21 13:49:57 | INFO     | smartbot.api | GET /admin/chatlogs → 200 (54.87ms)
2026-03-21 13:49:57 | INFO     | smartbot.api | GET /admin/chatlogs → 200 (11.36ms)
2026-03-21 13:49:57 | INFO     | smartbot.api | GET /admin/sessions → 200 (11.59ms)
2026-03-21 13:55:39 | INFO     | smartbot.api | OTP sent for: admin@smartbot.com
2026-03-21 13:55:39 | INFO     | smartbot.api | POST /admin/login → 200 (231.85ms)
2026-03-21 13:55:46 | INFO     | smartbot.api | POST /admin/verify-otp → 200 (25.46ms)
2026-03-21 13:55:46 | INFO     | smartbot.api | GET /admin/stats → 200 (10.33ms)
2026-03-21 13:55:46 | INFO     | smartbot.api | GET /admin/stats → 200 (10.48ms)
2026-03-21 13:55:46 | INFO     | smartbot.api | GET /admin/files → 200 (20.84ms)
2026-03-21 13:55:46 | INFO     | smartbot.api | GET /admin/stats → 200 (27.44ms)
2026-03-21 13:55:46 | INFO     | smartbot.api | GET /admin/files → 200 (16.29ms)
2026-03-21 13:55:46 | INFO     | smartbot.api | GET /admin/sessions → 200 (46.55ms)
2026-03-21 13:55:46 | INFO     | smartbot.api | GET /admin/chatlogs → 200 (46.71ms)
2026-03-21 13:55:46 | INFO     | smartbot.api | GET /admin/stats → 200 (9.73ms)
2026-03-21 13:55:46 | INFO     | smartbot.api | GET /admin/chatlogs → 200 (16.45ms)
2026-03-21 13:55:46 | INFO     | smartbot.api | GET /admin/sessions → 200 (17.15ms)
2026-03-21 13:55:47 | INFO     | smartbot.api | OPTIONS /admin/analytics/overview → 200 (1.0ms)
2026-03-21 13:55:47 | INFO     | smartbot.api | OPTIONS /admin/analytics/peak-hours → 200 (1.57ms)
2026-03-21 13:55:47 | INFO     | smartbot.api | OPTIONS /admin/analytics/top-questions → 200 (1.59ms)
2026-03-21 13:55:47 | INFO     | smartbot.api | GET /admin/analytics/peak-hours → 200 (10.16ms)
2026-03-21 13:55:47 | INFO     | smartbot.api | GET /admin/analytics/top-questions → 200 (10.75ms)
2026-03-21 13:55:47 | INFO     | smartbot.api | GET /admin/analytics/overview → 200 (12.15ms)
2026-03-21 13:55:47 | INFO     | smartbot.api | OPTIONS /admin/end-users → 200 (0.4ms)
2026-03-21 13:55:47 | INFO     | smartbot.api | GET /admin/end-users → 200 (5.69ms)
2026-03-21 13:55:48 | INFO     | smartbot.api | OPTIONS /admin/audit → 200 (0.55ms)
2026-03-21 13:55:48 | INFO     | smartbot.api | OPTIONS /admin/users → 200 (0.76ms)
2026-03-21 13:55:48 | INFO     | smartbot.api | GET /admin/users → 200 (7.71ms)
2026-03-21 13:55:48 | INFO     | smartbot.api | GET /admin/audit → 200 (10.82ms)
2026-03-21 13:56:04 | INFO     | smartbot.api | OTP sent for: abraham@gmail.com
2026-03-21 13:56:04 | INFO     | smartbot.api | POST /admin/login → 200 (216.06ms)
2026-03-21 13:56:11 | INFO     | smartbot.api | POST /admin/verify-otp → 200 (13.91ms)
2026-03-21 13:56:11 | INFO     | smartbot.api | GET /admin/stats → 200 (9.36ms)
2026-03-21 13:56:11 | INFO     | smartbot.api | GET /admin/stats → 200 (12.15ms)
2026-03-21 13:56:11 | INFO     | smartbot.api | GET /admin/files → 200 (24.68ms)
2026-03-21 13:56:11 | INFO     | smartbot.api | GET /admin/stats → 200 (28.41ms)
2026-03-21 13:56:11 | INFO     | smartbot.api | GET /admin/files → 200 (11.17ms)
2026-03-21 13:56:11 | INFO     | smartbot.api | GET /admin/sessions → 200 (45.4ms)
2026-03-21 13:56:11 | INFO     | smartbot.api | GET /admin/chatlogs → 200 (45.16ms)
2026-03-21 13:56:11 | INFO     | smartbot.api | GET /admin/stats → 200 (9.21ms)
2026-03-21 13:56:11 | INFO     | smartbot.api | GET /admin/sessions → 200 (17.78ms)
2026-03-21 13:56:11 | INFO     | smartbot.api | GET /admin/chatlogs → 200 (17.77ms)
2026-03-21 13:56:13 | INFO     | smartbot.api | GET /admin/analytics/peak-hours → 200 (9.77ms)
2026-03-21 13:56:13 | INFO     | smartbot.api | GET /admin/analytics/top-questions → 200 (11.74ms)
2026-03-21 13:56:13 | INFO     | smartbot.api | GET /admin/analytics/overview → 200 (13.06ms)
2026-03-21 13:56:36 | INFO     | smartbot.api | OPTIONS /admin/logs/app → 200 (1.08ms)
2026-03-21 13:56:36 | INFO     | smartbot.api | OPTIONS /admin/logs/error → 200 (1.4ms)
2026-03-21 13:56:36 | INFO     | smartbot.api | OPTIONS /admin/logs/info → 200 (1.51ms)
2026-03-21 13:56:36 | INFO     | smartbot.api | GET /admin/logs/error → 200 (10.84ms)
2026-03-21 13:56:36 | INFO     | smartbot.api | GET /admin/logs/info → 200 (16.59ms)
2026-03-21 13:56:36 | INFO     | smartbot.api | GET /admin/logs/app → 200 (43.51ms)
2026-03-21 13:56:37 | INFO     | smartbot.api | GET /admin/logs/error → 200 (5.88ms)
2026-03-21 13:56:37 | INFO     | smartbot.api | GET /admin/logs/app → 200 (35.76ms)
2026-03-21 13:56:37 | INFO     | smartbot.api | GET /admin/logs/info → 200 (35.78ms)
2026-03-21 13:56:50 | INFO     | smartbot.api | GET /admin/analytics/top-questions → 200 (8.64ms)
2026-03-21 13:56:50 | INFO     | smartbot.api | GET /admin/analytics/peak-hours → 200 (9.81ms)
2026-03-21 13:56:50 | INFO     | smartbot.api | GET /admin/analytics/overview → 200 (11.37ms)
2026-03-21 13:56:51 | INFO     | smartbot.api | GET /admin/end-users → 200 (7.14ms)
2026-03-21 13:56:53 | WARNING  | smartbot.api | GET /admin/users → 403 (6.39ms)
2026-03-21 13:56:53 | INFO     | smartbot.api | GET /admin/audit → 200 (8.5ms)
2026-03-21 13:57:01 | INFO     | smartbot.api | GET /admin/end-users → 200 (4.92ms)
2026-03-21 13:57:03 | WARNING  | smartbot.api | GET /admin/users → 403 (5.84ms)
2026-03-21 13:57:03 | INFO     | smartbot.api | GET /admin/audit → 200 (9.05ms)
2026-03-21 13:58:32 | INFO     | smartbot.api | GET /user/me/sessions → 200 (4.73ms)
2026-03-21 13:58:32 | INFO     | smartbot.api | GET /user/me/sessions → 200 (4.49ms)
2026-03-21 13:58:54 | INFO     | smartbot.api | OPTIONS /user/me → 200 (1.0ms)
2026-03-21 13:58:54 | INFO     | smartbot.api | OPTIONS /user/me → 200 (0.71ms)
2026-03-21 13:58:54 | INFO     | smartbot.api | GET /user/me → 200 (9.23ms)
2026-03-21 13:58:54 | INFO     | smartbot.api | GET /user/me/sessions → 200 (14.35ms)
2026-03-21 13:58:54 | INFO     | smartbot.api | GET /user/me → 200 (6.97ms)
2026-03-21 13:58:54 | INFO     | smartbot.api | GET /user/me/sessions → 200 (7.06ms)
2026-03-21 14:05:24 | INFO     | smartbot.api | OPTIONS /admin/stats → 200 (5.47ms)
2026-03-21 14:05:24 | INFO     | smartbot.api | OPTIONS /admin/sessions → 200 (4.83ms)
2026-03-21 14:05:24 | INFO     | smartbot.api | OPTIONS /admin/chatlogs → 200 (5.12ms)
2026-03-21 14:05:24 | INFO     | smartbot.api | OPTIONS /admin/files → 200 (3.64ms)
2026-03-21 14:05:24 | INFO     | smartbot.api | GET /admin/analytics/peak-hours → 200 (24.78ms)
2026-03-21 14:05:24 | INFO     | smartbot.api | GET /admin/analytics/top-questions → 200 (24.7ms)
2026-03-21 14:05:24 | INFO     | smartbot.api | GET /admin/analytics/overview → 200 (28.46ms)
2026-03-21 14:05:24 | INFO     | smartbot.api | GET /admin/files → 200 (2.74ms)
2026-03-21 14:05:24 | INFO     | smartbot.api | GET /admin/sessions → 200 (29.13ms)
2026-03-21 14:05:24 | INFO     | smartbot.api | GET /admin/stats → 200 (36.1ms)
2026-03-21 14:05:24 | INFO     | smartbot.api | GET /admin/chatlogs → 200 (46.71ms)
2026-03-21 14:05:36 | INFO     | smartbot.api | GET /admin/stats → 200 (23.42ms)
2026-03-21 14:05:37 | INFO     | smartbot.api | GET /admin/stats → 200 (11.31ms)
2026-03-21 14:06:24 | INFO     | smartbot.api | OPTIONS /user/me/sessions → 200 (0.65ms)
2026-03-21 14:06:24 | INFO     | smartbot.api | OPTIONS /user/me/sessions → 200 (0.9ms)
2026-03-21 14:06:24 | INFO     | smartbot.api | GET /user/me/sessions → 200 (28.99ms)
2026-03-21 14:06:24 | INFO     | smartbot.api | GET /user/me/sessions → 200 (3.17ms)
2026-03-21 14:06:32 | INFO     | smartbot.api | ==================================================
2026-03-21 14:06:32 | INFO     | smartbot.api | SmartBot V2 starting up — env: development
2026-03-21 14:06:32 | INFO     | smartbot.api | Vectorstore already has 71 chunks — skipping re-ingestion.
2026-03-21 14:06:32 | INFO     | smartbot.api | Warming up model: llama3.2:1b...
2026-03-21 14:06:34 | INFO     | smartbot.api | Model ready.
2026-03-21 14:06:34 | INFO     | smartbot.api | SmartBot V2 startup complete.
2026-03-21 14:06:38 | INFO     | smartbot.api | GET /user/me/sessions → 200 (31.61ms)
2026-03-21 14:06:38 | INFO     | smartbot.api | GET /user/me/sessions → 200 (4.11ms)
2026-03-21 14:06:44 | INFO     | smartbot.api | GET /user/me/sessions → 200 (6.26ms)
2026-03-21 14:06:44 | INFO     | smartbot.api | GET /user/me/sessions → 200 (5.1ms)
2026-03-21 14:06:57 | INFO     | smartbot.api | GET /admin/stats → 200 (41.21ms)
2026-03-21 14:06:57 | INFO     | smartbot.api | GET /admin/stats → 200 (18.61ms)
2026-03-21 14:06:57 | INFO     | smartbot.api | GET /admin/files → 200 (21.41ms)
2026-03-21 14:06:57 | INFO     | smartbot.api | GET /admin/stats → 200 (16.15ms)
2026-03-21 14:06:57 | INFO     | smartbot.api | GET /admin/files → 200 (9.87ms)
2026-03-21 14:06:57 | INFO     | smartbot.api | GET /admin/sessions → 200 (37.5ms)
2026-03-21 14:06:57 | INFO     | smartbot.api | GET /admin/chatlogs → 200 (41.95ms)
2026-03-21 14:06:57 | INFO     | smartbot.api | GET /admin/stats → 200 (18.09ms)
2026-03-21 14:06:57 | INFO     | smartbot.api | GET /admin/chatlogs → 200 (15.86ms)
2026-03-21 14:06:57 | INFO     | smartbot.api | GET /admin/sessions → 200 (25.5ms)
2026-03-21 14:07:20 | INFO     | smartbot.api | OPTIONS /admin/analytics/overview → 200 (1.0ms)
2026-03-21 14:07:20 | INFO     | smartbot.api | OPTIONS /admin/analytics/peak-hours → 200 (1.46ms)
2026-03-21 14:07:20 | INFO     | smartbot.api | OPTIONS /admin/analytics/top-questions → 200 (1.64ms)
2026-03-21 14:07:20 | INFO     | smartbot.api | GET /admin/analytics/peak-hours → 200 (17.59ms)
2026-03-21 14:07:20 | INFO     | smartbot.api | GET /admin/analytics/overview → 200 (22.05ms)
2026-03-21 14:07:20 | INFO     | smartbot.api | GET /admin/analytics/top-questions → 200 (19.09ms)
2026-03-21 14:12:24 | INFO     | smartbot.api | ==================================================
2026-03-21 14:12:24 | INFO     | smartbot.api | SmartBot V2 starting up — env: development
2026-03-21 14:12:24 | INFO     | smartbot.api | Vectorstore already has 71 chunks — skipping re-ingestion.
2026-03-21 14:12:24 | INFO     | smartbot.api | Warming up model: llama3.2:1b...
2026-03-21 14:12:25 | INFO     | smartbot.api | Model ready.
2026-03-21 14:12:25 | INFO     | smartbot.api | SmartBot V2 startup complete.
2026-03-21 14:12:30 | INFO     | smartbot.api | GET /admin/stats → 200 (30.16ms)
2026-03-21 14:12:30 | INFO     | smartbot.api | GET /admin/stats → 200 (5.46ms)
2026-03-21 14:12:30 | INFO     | smartbot.api | GET /admin/files → 200 (11.45ms)
2026-03-21 14:12:30 | INFO     | smartbot.api | GET /admin/stats → 200 (14.59ms)
2026-03-21 14:12:30 | INFO     | smartbot.api | GET /admin/files → 200 (4.72ms)
2026-03-21 14:12:30 | INFO     | smartbot.api | GET /admin/sessions → 200 (21.02ms)
2026-03-21 14:12:30 | INFO     | smartbot.api | GET /admin/stats → 200 (6.79ms)
2026-03-21 14:12:30 | INFO     | smartbot.api | GET /admin/chatlogs → 200 (24.39ms)
2026-03-21 14:12:30 | INFO     | smartbot.api | GET /admin/sessions → 200 (35.61ms)
2026-03-21 14:12:30 | INFO     | smartbot.api | GET /admin/chatlogs → 200 (42.44ms)
2026-03-21 14:12:36 | INFO     | smartbot.api | GET /admin/stats → 200 (4.59ms)
2026-03-21 14:12:36 | INFO     | smartbot.api | GET /admin/stats → 200 (4.46ms)
2026-03-21 14:12:36 | INFO     | smartbot.api | GET /admin/files → 200 (11.29ms)
2026-03-21 14:12:36 | INFO     | smartbot.api | GET /admin/stats → 200 (17.35ms)
2026-03-21 14:12:36 | INFO     | smartbot.api | GET /admin/files → 200 (20.03ms)
2026-03-21 14:12:36 | INFO     | smartbot.api | GET /admin/chatlogs → 200 (38.3ms)
2026-03-21 14:12:36 | INFO     | smartbot.api | GET /admin/stats → 200 (18.38ms)
2026-03-21 14:12:36 | INFO     | smartbot.api | GET /admin/sessions → 200 (40.05ms)
2026-03-21 14:12:36 | INFO     | smartbot.api | GET /admin/chatlogs → 200 (10.91ms)
2026-03-21 14:12:36 | INFO     | smartbot.api | GET /admin/sessions → 200 (10.66ms)
2026-03-21 14:14:41 | INFO     | smartbot.api | GET /admin/stats → 200 (35.16ms)
2026-03-21 14:16:16 | INFO     | smartbot.api | OPTIONS /admin/stats → 200 (0.61ms)
2026-03-21 14:16:16 | INFO     | smartbot.api | OPTIONS /admin/stats → 200 (3.0ms)
2026-03-21 14:16:16 | INFO     | smartbot.api | GET /admin/stats → 200 (11.51ms)
2026-03-21 14:16:16 | INFO     | smartbot.api | GET /admin/stats → 200 (4.18ms)
2026-03-21 14:16:16 | INFO     | smartbot.api | OPTIONS /admin/sessions → 200 (0.3ms)
2026-03-21 14:16:16 | INFO     | smartbot.api | OPTIONS /admin/chatlogs → 200 (0.39ms)
2026-03-21 14:16:16 | INFO     | smartbot.api | OPTIONS /admin/files → 200 (0.32ms)
2026-03-21 14:16:16 | INFO     | smartbot.api | OPTIONS /admin/sessions → 200 (0.27ms)
2026-03-21 14:16:16 | INFO     | smartbot.api | OPTIONS /admin/chatlogs → 200 (0.5ms)
2026-03-21 14:16:16 | INFO     | smartbot.api | OPTIONS /admin/files → 200 (0.38ms)
2026-03-21 14:16:16 | INFO     | smartbot.api | GET /admin/stats → 200 (7.7ms)
2026-03-21 14:16:16 | INFO     | smartbot.api | GET /admin/files → 200 (6.65ms)
2026-03-21 14:16:16 | INFO     | smartbot.api | GET /admin/files → 200 (5.47ms)
2026-03-21 14:16:16 | INFO     | smartbot.api | GET /admin/stats → 200 (7.62ms)
2026-03-21 14:16:16 | INFO     | smartbot.api | GET /admin/chatlogs → 200 (20.5ms)
2026-03-21 14:16:16 | INFO     | smartbot.api | GET /admin/sessions → 200 (22.32ms)
2026-03-21 14:16:16 | INFO     | smartbot.api | GET /admin/sessions → 200 (22.75ms)
2026-03-21 14:16:16 | INFO     | smartbot.api | GET /admin/chatlogs → 200 (23.88ms)
2026-03-21 14:16:21 | INFO     | smartbot.api | GET /admin/stats → 200 (4.58ms)
2026-03-21 14:16:21 | INFO     | smartbot.api | GET /admin/stats → 200 (4.1ms)
2026-03-21 14:16:21 | INFO     | smartbot.api | GET /admin/files → 200 (13.17ms)
2026-03-21 14:16:21 | INFO     | smartbot.api | GET /admin/stats → 200 (19.02ms)
2026-03-21 14:16:21 | INFO     | smartbot.api | GET /admin/files → 200 (14.7ms)
2026-03-21 14:16:21 | INFO     | smartbot.api | GET /admin/chatlogs → 200 (33.74ms)
2026-03-21 14:16:21 | INFO     | smartbot.api | GET /admin/sessions → 200 (34.67ms)
2026-03-21 14:16:21 | INFO     | smartbot.api | GET /admin/stats → 200 (12.67ms)
2026-03-21 14:16:21 | INFO     | smartbot.api | GET /admin/chatlogs → 200 (11.5ms)
2026-03-21 14:16:21 | INFO     | smartbot.api | GET /admin/sessions → 200 (11.46ms)
2026-03-21 14:16:36 | INFO     | smartbot.api | GET /admin/stats → 200 (6.79ms)
2026-03-21 14:16:36 | INFO     | smartbot.api | GET /admin/stats → 200 (6.1ms)
2026-03-21 14:16:36 | INFO     | smartbot.api | GET /admin/files → 200 (15.53ms)
2026-03-21 14:16:36 | INFO     | smartbot.api | GET /admin/stats → 200 (27.58ms)
2026-03-21 14:16:36 | INFO     | smartbot.api | GET /admin/files → 200 (16.63ms)
2026-03-21 14:16:36 | INFO     | smartbot.api | GET /admin/sessions → 200 (48.57ms)
2026-03-21 14:16:36 | INFO     | smartbot.api | GET /admin/stats → 200 (19.41ms)
2026-03-21 14:16:36 | INFO     | smartbot.api | GET /admin/chatlogs → 200 (47.96ms)
2026-03-21 14:16:36 | INFO     | smartbot.api | GET /admin/chatlogs → 200 (14.14ms)
2026-03-21 14:16:36 | INFO     | smartbot.api | GET /admin/sessions → 200 (14.77ms)
2026-03-21 14:17:33 | INFO     | smartbot.api | ==================================================
2026-03-21 14:17:33 | INFO     | smartbot.api | SmartBot V2 starting up — env: development
2026-03-21 14:17:33 | INFO     | smartbot.api | Vectorstore already has 71 chunks — skipping re-ingestion.
2026-03-21 14:17:33 | INFO     | smartbot.api | Warming up model: llama3.2:1b...
2026-03-21 14:17:34 | INFO     | smartbot.api | Model ready.
2026-03-21 14:17:34 | INFO     | smartbot.api | SmartBot V2 startup complete.
2026-03-21 14:17:45 | INFO     | smartbot.api | OPTIONS /user/me/sessions → 200 (0.8ms)
2026-03-21 14:17:45 | INFO     | smartbot.api | OPTIONS /user/me/sessions → 200 (1.74ms)
2026-03-21 14:17:45 | INFO     | smartbot.api | GET /user/me/sessions → 200 (17.57ms)
2026-03-21 14:17:45 | INFO     | smartbot.api | GET /user/me/sessions → 200 (2.62ms)
2026-03-21 14:17:48 | INFO     | smartbot.api | GET /admin/stats → 200 (36.95ms)
2026-03-21 14:17:48 | INFO     | smartbot.api | GET /admin/stats → 200 (8.96ms)
2026-03-21 14:17:48 | INFO     | smartbot.api | GET /admin/files → 200 (14.41ms)
2026-03-21 14:17:48 | INFO     | smartbot.api | GET /admin/stats → 200 (20.21ms)
2026-03-21 14:17:48 | INFO     | smartbot.api | GET /admin/files → 200 (7.81ms)
2026-03-21 14:17:48 | INFO     | smartbot.api | GET /admin/sessions → 200 (28.0ms)
2026-03-21 14:17:48 | INFO     | smartbot.api | GET /admin/stats → 200 (9.06ms)
2026-03-21 14:17:48 | INFO     | smartbot.api | GET /admin/chatlogs → 200 (29.95ms)
2026-03-21 14:17:48 | INFO     | smartbot.api | GET /admin/sessions → 200 (11.74ms)
2026-03-21 14:17:48 | INFO     | smartbot.api | GET /admin/chatlogs → 200 (9.07ms)
2026-03-21 14:25:32 | INFO     | smartbot.api | GET /user/me/sessions → 200 (16.24ms)
2026-03-21 14:25:32 | INFO     | smartbot.api | GET /user/me/sessions → 200 (7.24ms)
2026-03-21 14:25:49 | INFO     | smartbot.api | OTP sent for: admin@smartbot.com
2026-03-21 14:25:49 | INFO     | smartbot.api | POST /admin/login → 200 (238.87ms)
2026-03-21 14:25:56 | INFO     | smartbot.api | POST /admin/verify-otp → 200 (33.19ms)
2026-03-21 14:25:56 | INFO     | smartbot.api | GET /admin/stats → 200 (11.25ms)
2026-03-21 14:25:56 | INFO     | smartbot.api | GET /admin/stats → 200 (8.71ms)
2026-03-21 14:25:56 | INFO     | smartbot.api | GET /admin/files → 200 (14.06ms)
2026-03-21 14:25:56 | INFO     | smartbot.api | GET /admin/stats → 200 (19.93ms)
2026-03-21 14:25:56 | INFO     | smartbot.api | GET /admin/files → 200 (7.28ms)
2026-03-21 14:25:56 | INFO     | smartbot.api | GET /admin/stats → 200 (9.15ms)
2026-03-21 14:25:56 | INFO     | smartbot.api | GET /admin/sessions → 200 (31.02ms)
2026-03-21 14:25:56 | INFO     | smartbot.api | GET /admin/chatlogs → 200 (31.44ms)
2026-03-21 14:25:56 | INFO     | smartbot.api | GET /admin/chatlogs → 200 (11.37ms)
2026-03-21 14:25:56 | INFO     | smartbot.api | GET /admin/sessions → 200 (11.74ms)
2026-03-21 14:26:06 | INFO     | smartbot.api | GET /user/me/sessions → 200 (5.79ms)
2026-03-21 14:26:06 | INFO     | smartbot.api | GET /user/me/sessions → 200 (3.8ms)
2026-03-21 14:26:15 | INFO     | smartbot.api | GET /admin/stats → 200 (4.7ms)
2026-03-21 14:26:15 | INFO     | smartbot.api | GET /admin/stats → 200 (5.36ms)
2026-03-21 14:26:15 | INFO     | smartbot.api | GET /admin/files → 200 (14.49ms)
2026-03-21 14:26:15 | INFO     | smartbot.api | GET /admin/stats → 200 (18.6ms)
2026-03-21 14:26:15 | INFO     | smartbot.api | GET /admin/files → 200 (13.31ms)
2026-03-21 14:26:15 | INFO     | smartbot.api | GET /admin/sessions → 200 (34.43ms)
2026-03-21 14:26:15 | INFO     | smartbot.api | GET /admin/stats → 200 (14.71ms)
2026-03-21 14:26:15 | INFO     | smartbot.api | GET /admin/chatlogs → 200 (35.02ms)
2026-03-21 14:26:15 | INFO     | smartbot.api | GET /admin/sessions → 200 (10.9ms)
2026-03-21 14:26:15 | INFO     | smartbot.api | GET /admin/chatlogs → 200 (11.11ms)
2026-03-21 14:27:11 | INFO     | smartbot.api | OPTIONS /admin/stats → 200 (2.02ms)
2026-03-21 14:27:11 | INFO     | smartbot.api | GET /admin/stats → 200 (22.31ms)
2026-03-21 14:27:11 | INFO     | smartbot.api | GET /admin/stats → 200 (7.02ms)
2026-03-21 14:27:12 | INFO     | smartbot.api | GET /admin/stats → 200 (9.58ms)
2026-03-21 14:27:24 | INFO     | smartbot.api | ==================================================
2026-03-21 14:27:24 | INFO     | smartbot.api | SmartBot V2 starting up — env: development
2026-03-21 14:27:25 | INFO     | smartbot.api | Vectorstore already has 71 chunks — skipping re-ingestion.
2026-03-21 14:27:25 | INFO     | smartbot.api | Warming up model: llama3.2:1b...
2026-03-21 14:27:26 | INFO     | smartbot.api | Model ready.
2026-03-21 14:27:26 | INFO     | smartbot.api | SmartBot V2 startup complete.
2026-03-21 14:27:27 | INFO     | smartbot.api | GET /admin/stats → 200 (30.45ms)
2026-03-21 14:27:27 | INFO     | smartbot.api | GET /admin/stats → 200 (4.86ms)
2026-03-21 14:27:27 | INFO     | smartbot.api | OPTIONS /admin/sessions → 200 (0.33ms)
2026-03-21 14:27:27 | INFO     | smartbot.api | OPTIONS /admin/chatlogs → 200 (0.46ms)
2026-03-21 14:27:27 | INFO     | smartbot.api | OPTIONS /admin/files → 200 (4.17ms)
2026-03-21 14:27:27 | INFO     | smartbot.api | OPTIONS /admin/sessions → 200 (4.21ms)
2026-03-21 14:27:27 | INFO     | smartbot.api | OPTIONS /admin/chatlogs → 200 (4.19ms)
2026-03-21 14:27:27 | INFO     | smartbot.api | OPTIONS /admin/files → 200 (1.01ms)
2026-03-21 14:27:27 | INFO     | smartbot.api | GET /admin/stats → 200 (13.56ms)
2026-03-21 14:27:27 | INFO     | smartbot.api | GET /admin/files → 200 (8.97ms)
2026-03-21 14:27:27 | INFO     | smartbot.api | GET /admin/files → 200 (6.04ms)
2026-03-21 14:27:27 | INFO     | smartbot.api | GET /admin/stats → 200 (9.23ms)
2026-03-21 14:27:27 | INFO     | smartbot.api | GET /admin/sessions → 200 (19.02ms)
2026-03-21 14:27:27 | INFO     | smartbot.api | GET /admin/chatlogs → 200 (27.29ms)
2026-03-21 14:27:27 | INFO     | smartbot.api | GET /admin/chatlogs → 200 (11.22ms)
2026-03-21 14:27:27 | INFO     | smartbot.api | GET /admin/sessions → 200 (55.63ms)
2026-03-21 14:27:35 | INFO     | smartbot.api | GET /user/me/sessions → 200 (12.85ms)
2026-03-21 14:27:35 | INFO     | smartbot.api | GET /user/me/sessions → 200 (7.15ms)
2026-03-21 14:27:43 | INFO     | smartbot.api | GET /admin/stats → 200 (7.99ms)
2026-03-21 14:27:43 | INFO     | smartbot.api | GET /admin/stats → 200 (7.79ms)
2026-03-21 14:27:43 | INFO     | smartbot.api | GET /admin/stats → 200 (21.18ms)
2026-03-21 14:27:43 | INFO     | smartbot.api | GET /admin/files → 200 (21.05ms)
2026-03-21 14:27:43 | INFO     | smartbot.api | GET /admin/files → 200 (4.86ms)
2026-03-21 14:27:43 | INFO     | smartbot.api | GET /admin/stats → 200 (7.18ms)
2026-03-21 14:27:43 | INFO     | smartbot.api | GET /admin/sessions → 200 (41.85ms)
2026-03-21 14:27:43 | INFO     | smartbot.api | GET /admin/chatlogs → 200 (44.01ms)
2026-03-21 14:27:43 | INFO     | smartbot.api | GET /admin/sessions → 200 (16.31ms)
2026-03-21 14:27:43 | INFO     | smartbot.api | GET /admin/chatlogs → 200 (14.43ms)
2026-03-21 14:27:49 | INFO     | smartbot.api | OPTIONS /user/me/sessions → 200 (0.44ms)
2026-03-21 14:27:49 | INFO     | smartbot.api | OPTIONS /user/me/sessions → 200 (0.75ms)
2026-03-21 14:27:49 | INFO     | smartbot.api | GET /user/me/sessions → 200 (7.02ms)
2026-03-21 14:27:49 | INFO     | smartbot.api | GET /user/me/sessions → 200 (3.86ms)
2026-03-21 14:27:51 | INFO     | smartbot.api | OPTIONS /user/me → 200 (1.13ms)
2026-03-21 14:27:51 | INFO     | smartbot.api | OPTIONS /user/me → 200 (1.27ms)
2026-03-21 14:27:51 | INFO     | smartbot.api | GET /user/me → 200 (5.99ms)
2026-03-21 14:27:51 | INFO     | smartbot.api | GET /user/me/sessions → 200 (11.04ms)
2026-03-21 14:27:51 | INFO     | smartbot.api | GET /user/me → 200 (4.59ms)
2026-03-21 14:27:51 | INFO     | smartbot.api | GET /user/me/sessions → 200 (7.68ms)
2026-03-21 14:28:03 | INFO     | smartbot.api | OTP sent for: admin@smartbot.com
2026-03-21 14:28:03 | INFO     | smartbot.api | POST /admin/login → 200 (236.96ms)
2026-03-21 14:28:09 | INFO     | smartbot.api | POST /admin/verify-otp → 200 (28.05ms)
2026-03-21 14:28:09 | INFO     | smartbot.api | GET /admin/stats → 200 (9.66ms)
2026-03-21 14:28:09 | INFO     | smartbot.api | GET /admin/stats → 200 (5.48ms)
2026-03-21 14:28:09 | INFO     | smartbot.api | GET /admin/files → 200 (19.49ms)
2026-03-21 14:28:09 | INFO     | smartbot.api | GET /admin/stats → 200 (25.15ms)
2026-03-21 14:28:09 | INFO     | smartbot.api | GET /admin/files → 200 (14.05ms)
2026-03-21 14:28:09 | INFO     | smartbot.api | GET /admin/sessions → 200 (45.51ms)
2026-03-21 14:28:09 | INFO     | smartbot.api | GET /admin/chatlogs → 200 (45.33ms)
2026-03-21 14:28:09 | INFO     | smartbot.api | GET /admin/stats → 200 (17.9ms)
2026-03-21 14:28:09 | INFO     | smartbot.api | GET /admin/sessions → 200 (20.11ms)
2026-03-21 14:28:09 | INFO     | smartbot.api | GET /admin/chatlogs → 200 (19.76ms)
2026-03-21 14:28:18 | INFO     | smartbot.api | OPTIONS /admin/logs/app → 200 (0.71ms)
2026-03-21 14:28:18 | INFO     | smartbot.api | OPTIONS /admin/logs/error → 200 (1.09ms)
2026-03-21 14:28:18 | INFO     | smartbot.api | OPTIONS /admin/logs/info → 200 (1.3ms)
2026-03-21 14:28:18 | INFO     | smartbot.api | GET /admin/logs/error → 200 (5.48ms)
2026-03-21 14:28:18 | INFO     | smartbot.api | GET /admin/logs/info → 200 (9.65ms)
2026-03-21 14:28:18 | INFO     | smartbot.api | GET /admin/logs/app → 200 (37.51ms)
2026-03-21 14:28:19 | INFO     | smartbot.api | GET /admin/logs/error → 200 (13.47ms)
2026-03-21 14:28:19 | INFO     | smartbot.api | GET /admin/logs/app → 200 (34.24ms)
2026-03-21 14:28:19 | INFO     | smartbot.api | GET /admin/logs/info → 200 (34.35ms)
2026-03-21 14:28:19 | INFO     | smartbot.api | OPTIONS /admin/audit → 200 (0.63ms)
2026-03-21 14:28:19 | INFO     | smartbot.api | OPTIONS /admin/users → 200 (0.94ms)
2026-03-21 14:28:19 | INFO     | smartbot.api | GET /admin/users → 200 (8.65ms)
2026-03-21 14:28:20 | INFO     | smartbot.api | GET /admin/audit → 200 (11.65ms)
2026-03-21 14:28:33 | INFO     | smartbot.api | GET /user/me/sessions → 200 (4.58ms)
2026-03-21 14:28:33 | INFO     | smartbot.api | GET /user/me/sessions → 200 (6.72ms)
2026-03-21 14:30:32 | INFO     | smartbot.api | OTP sent for: admin@smartbot.com
2026-03-21 14:30:32 | INFO     | smartbot.api | POST /admin/login → 200 (224.52ms)
2026-03-21 14:30:38 | INFO     | smartbot.api | POST /admin/verify-otp → 200 (12.24ms)
2026-03-21 14:30:38 | INFO     | smartbot.api | GET /admin/stats → 200 (10.81ms)
2026-03-21 14:30:38 | INFO     | smartbot.api | GET /admin/stats → 200 (7.14ms)
2026-03-21 14:30:38 | INFO     | smartbot.api | GET /admin/files → 200 (18.73ms)
2026-03-21 14:30:38 | INFO     | smartbot.api | GET /admin/stats → 200 (23.48ms)
2026-03-21 14:30:38 | INFO     | smartbot.api | GET /admin/files → 200 (13.96ms)
2026-03-21 14:30:38 | INFO     | smartbot.api | GET /admin/chatlogs → 200 (42.7ms)
2026-03-21 14:30:38 | INFO     | smartbot.api | GET /admin/sessions → 200 (43.8ms)
2026-03-21 14:30:38 | INFO     | smartbot.api | GET /admin/stats → 200 (17.18ms)
2026-03-21 14:30:38 | INFO     | smartbot.api | GET /admin/chatlogs → 200 (18.15ms)
2026-03-21 14:30:38 | INFO     | smartbot.api | GET /admin/sessions → 200 (17.9ms)
2026-03-21 14:31:27 | INFO     | smartbot.api | GET /user/me/sessions → 200 (7.7ms)
2026-03-21 14:31:27 | INFO     | smartbot.api | GET /user/me/sessions → 200 (3.96ms)
2026-03-21 14:50:54 | INFO     | smartbot.api | ==================================================
2026-03-21 14:50:54 | INFO     | smartbot.api | SmartBot V2 starting up — env: development
2026-03-21 14:50:55 | INFO     | smartbot.api | Vectorstore already has 71 chunks — skipping re-ingestion.
2026-03-21 14:50:55 | INFO     | smartbot.api | Warming up model: llama3.2:1b...
2026-03-21 14:50:56 | INFO     | smartbot.api | Model ready.
2026-03-21 14:50:56 | INFO     | smartbot.api | SmartBot V2 startup complete.
2026-03-21 14:51:03 | INFO     | smartbot.api | OPTIONS /user/me/sessions → 200 (0.9ms)
2026-03-21 14:51:03 | INFO     | smartbot.api | OPTIONS /user/me/sessions → 200 (0.81ms)
2026-03-21 14:51:03 | INFO     | smartbot.api | GET /user/me/sessions → 200 (19.18ms)
2026-03-21 14:51:03 | INFO     | smartbot.api | GET /user/me/sessions → 200 (1.92ms)
2026-03-21 14:53:48 | INFO     | smartbot.api | GET /user/me/sessions → 200 (21.35ms)
2026-03-21 14:53:48 | INFO     | smartbot.api | GET /user/me/sessions → 200 (5.14ms)
2026-03-21 14:54:02 | INFO     | smartbot.api | OPTIONS /sessions → 200 (0.52ms)
2026-03-21 14:54:02 | INFO     | smartbot.api | POST /sessions → 200 (26.03ms)
2026-03-21 14:54:02 | INFO     | smartbot.api | OPTIONS /chat → 200 (0.28ms)
2026-03-21 14:54:08 | INFO     | smartbot.api | POST /chat → 200 (5718.55ms)
2026-03-21 14:54:38 | INFO     | smartbot.api | OTP sent for: admin@smartbot.com
2026-03-21 14:54:38 | INFO     | smartbot.api | POST /admin/login → 200 (235.51ms)
2026-03-21 14:54:44 | INFO     | smartbot.api | POST /admin/verify-otp → 200 (21.13ms)
2026-03-21 14:54:44 | INFO     | smartbot.api | OPTIONS /admin/stats → 200 (0.77ms)
2026-03-21 14:54:44 | INFO     | smartbot.api | OPTIONS /admin/stats → 200 (0.87ms)
2026-03-21 14:54:44 | INFO     | smartbot.api | GET /admin/stats → 200 (42.26ms)
2026-03-21 14:54:44 | INFO     | smartbot.api | GET /admin/stats → 200 (9.31ms)
2026-03-21 14:54:44 | INFO     | smartbot.api | OPTIONS /admin/sessions → 200 (0.87ms)
2026-03-21 14:54:44 | INFO     | smartbot.api | OPTIONS /admin/chatlogs → 200 (0.53ms)
2026-03-21 14:54:44 | INFO     | smartbot.api | OPTIONS /admin/files → 200 (0.76ms)
2026-03-21 14:54:44 | INFO     | smartbot.api | OPTIONS /admin/sessions → 200 (0.98ms)
2026-03-21 14:54:44 | INFO     | smartbot.api | OPTIONS /admin/chatlogs → 200 (0.81ms)
2026-03-21 14:54:44 | INFO     | smartbot.api | OPTIONS /admin/files → 200 (0.8ms)
2026-03-21 14:54:44 | INFO     | smartbot.api | GET /admin/stats → 200 (26.38ms)
2026-03-21 14:54:44 | INFO     | smartbot.api | GET /admin/files → 200 (21.7ms)
2026-03-21 14:54:44 | INFO     | smartbot.api | GET /admin/files → 200 (9.87ms)
2026-03-21 14:54:44 | INFO     | smartbot.api | GET /admin/sessions → 200 (40.32ms)
2026-03-21 14:54:44 | INFO     | smartbot.api | GET /admin/stats → 200 (15.65ms)
2026-03-21 14:54:44 | INFO     | smartbot.api | GET /admin/chatlogs → 200 (41.28ms)
2026-03-21 14:54:44 | INFO     | smartbot.api | GET /admin/chatlogs → 200 (13.83ms)
2026-03-21 14:54:44 | INFO     | smartbot.api | GET /admin/sessions → 200 (17.89ms)
2026-03-21 14:54:46 | INFO     | smartbot.api | OPTIONS /admin/analytics/overview → 200 (0.99ms)
2026-03-21 14:54:46 | INFO     | smartbot.api | OPTIONS /admin/analytics/peak-hours → 200 (1.11ms)
2026-03-21 14:54:46 | INFO     | smartbot.api | OPTIONS /admin/analytics/top-questions → 200 (1.4ms)
2026-03-21 14:54:46 | INFO     | smartbot.api | GET /admin/analytics/top-questions → 200 (32.41ms)
2026-03-21 14:54:46 | INFO     | smartbot.api | GET /admin/analytics/peak-hours → 200 (33.41ms)
2026-03-21 14:54:46 | INFO     | smartbot.api | GET /admin/analytics/overview → 200 (36.52ms)
2026-03-21 14:55:01 | INFO     | smartbot.api | OPTIONS /admin/end-users → 200 (0.33ms)
2026-03-21 14:55:01 | INFO     | smartbot.api | GET /admin/end-users → 200 (8.02ms)
2026-03-21 14:55:02 | INFO     | smartbot.api | OPTIONS /admin/audit → 200 (0.9ms)
2026-03-21 14:55:02 | INFO     | smartbot.api | OPTIONS /admin/users → 200 (1.18ms)
2026-03-21 14:55:02 | INFO     | smartbot.api | GET /admin/users → 200 (11.28ms)
2026-03-21 14:55:02 | INFO     | smartbot.api | GET /admin/audit → 200 (13.33ms)
2026-03-21 14:55:04 | INFO     | smartbot.api | GET /admin/users → 200 (4.71ms)
2026-03-21 14:55:04 | INFO     | smartbot.api | GET /admin/audit → 200 (7.7ms)
2026-03-21 14:55:05 | INFO     | smartbot.api | OPTIONS /admin/logs/app → 200 (0.59ms)
2026-03-21 14:55:05 | INFO     | smartbot.api | OPTIONS /admin/logs/error → 200 (0.87ms)
2026-03-21 14:55:05 | INFO     | smartbot.api | OPTIONS /admin/logs/info → 200 (1.12ms)
2026-03-21 14:55:05 | INFO     | smartbot.api | GET /admin/logs/error → 200 (7.7ms)
2026-03-21 14:55:05 | INFO     | smartbot.api | GET /admin/logs/info → 200 (12.76ms)
2026-03-21 14:55:05 | INFO     | smartbot.api | GET /admin/logs/app → 200 (41.35ms)
2026-03-21 14:55:06 | INFO     | smartbot.api | GET /admin/logs/error → 200 (11.89ms)
2026-03-21 14:55:06 | INFO     | smartbot.api | GET /admin/logs/app → 200 (33.51ms)
2026-03-21 14:55:06 | INFO     | smartbot.api | GET /admin/logs/info → 200 (35.06ms)
2026-03-21 14:56:35 | INFO     | smartbot.api | POST /sessions → 200 (27.12ms)
2026-03-21 14:56:37 | INFO     | smartbot.api | POST /chat → 200 (2711.69ms)
2026-03-21 15:06:46 | INFO     | smartbot.api | ==================================================
2026-03-21 15:06:46 | INFO     | smartbot.api | SmartBot V2 starting up — env: development
2026-03-21 15:06:47 | INFO     | smartbot.api | Vectorstore already has 71 chunks — skipping re-ingestion.
2026-03-21 15:06:47 | INFO     | smartbot.api | Warming up model: llama3.2:1b...
2026-03-21 15:06:49 | INFO     | smartbot.api | Model ready.
2026-03-21 15:06:49 | INFO     | smartbot.api | SmartBot V2 startup complete.
2026-03-21 15:07:02 | INFO     | smartbot.api | ==================================================
2026-03-21 15:07:02 | INFO     | smartbot.api | SmartBot V2 starting up — env: development
2026-03-21 15:07:02 | INFO     | smartbot.api | Vectorstore already has 71 chunks — skipping re-ingestion.
2026-03-21 15:07:02 | INFO     | smartbot.api | Warming up model: llama3.2:1b...
2026-03-21 15:07:03 | INFO     | smartbot.api | Model ready.
2026-03-21 15:07:03 | INFO     | smartbot.api | SmartBot V2 startup complete.
2026-03-21 15:07:32 | INFO     | smartbot.api | ==================================================
2026-03-21 15:07:32 | INFO     | smartbot.api | SmartBot V2 starting up — env: development
2026-03-21 15:07:32 | INFO     | smartbot.api | Vectorstore already has 71 chunks — skipping re-ingestion.
2026-03-21 15:07:32 | INFO     | smartbot.api | Warming up model: llama3.2:1b...
2026-03-21 15:07:32 | INFO     | smartbot.api | Model ready.
2026-03-21 15:07:32 | INFO     | smartbot.api | SmartBot V2 startup complete.
2026-03-21 15:07:33 | INFO     | smartbot.api | ==================================================
2026-03-21 15:07:33 | INFO     | smartbot.api | SmartBot V2 starting up — env: development
2026-03-21 15:07:34 | INFO     | smartbot.api | Vectorstore already has 71 chunks — skipping re-ingestion.
2026-03-21 15:07:34 | INFO     | smartbot.api | Warming up model: llama3.2:1b...
2026-03-21 15:07:34 | INFO     | smartbot.api | Model ready.
2026-03-21 15:07:34 | INFO     | smartbot.api | SmartBot V2 startup complete.
2026-03-21 15:07:55 | INFO     | smartbot.api | ==================================================
2026-03-21 15:07:55 | INFO     | smartbot.api | SmartBot V2 starting up — env: development
2026-03-21 15:07:55 | INFO     | smartbot.api | Vectorstore already has 71 chunks — skipping re-ingestion.
2026-03-21 15:07:55 | INFO     | smartbot.api | Warming up model: llama3.2:1b...
2026-03-21 15:07:56 | INFO     | smartbot.api | Model ready.
2026-03-21 15:07:56 | INFO     | smartbot.api | SmartBot V2 startup complete.
2026-03-21 15:07:57 | INFO     | smartbot.api | ==================================================
2026-03-21 15:07:57 | INFO     | smartbot.api | SmartBot V2 starting up — env: development
2026-03-21 15:07:57 | INFO     | smartbot.api | Vectorstore already has 71 chunks — skipping re-ingestion.
2026-03-21 15:07:57 | INFO     | smartbot.api | Warming up model: llama3.2:1b...
2026-03-21 15:07:57 | INFO     | smartbot.api | Model ready.
2026-03-21 15:07:57 | INFO     | smartbot.api | SmartBot V2 startup complete.
2026-03-21 15:08:20 | INFO     | smartbot.api | ==================================================
2026-03-21 15:08:20 | INFO     | smartbot.api | SmartBot V2 starting up — env: development
2026-03-21 15:08:20 | INFO     | smartbot.api | Vectorstore already has 71 chunks — skipping re-ingestion.
2026-03-21 15:08:20 | INFO     | smartbot.api | Warming up model: llama3.2:1b...
2026-03-21 15:08:20 | INFO     | smartbot.api | Model ready.
2026-03-21 15:08:20 | INFO     | smartbot.api | SmartBot V2 startup complete.
2026-03-21 15:08:24 | INFO     | smartbot.api | ==================================================
2026-03-21 15:08:24 | INFO     | smartbot.api | SmartBot V2 starting up — env: development
2026-03-21 15:08:24 | INFO     | smartbot.api | Vectorstore already has 71 chunks — skipping re-ingestion.
2026-03-21 15:08:24 | INFO     | smartbot.api | Warming up model: llama3.2:1b...
2026-03-21 15:08:25 | INFO     | smartbot.api | Model ready.
2026-03-21 15:08:25 | INFO     | smartbot.api | SmartBot V2 startup complete.
2026-03-21 15:08:55 | INFO     | smartbot.api | ==================================================
2026-03-21 15:08:55 | INFO     | smartbot.api | SmartBot V2 starting up — env: development
2026-03-21 15:08:56 | INFO     | smartbot.api | Vectorstore already has 71 chunks — skipping re-ingestion.
2026-03-21 15:08:56 | INFO     | smartbot.api | Warming up model: llama3.2:1b...
2026-03-21 15:08:56 | INFO     | smartbot.api | Model ready.
2026-03-21 15:08:56 | INFO     | smartbot.api | SmartBot V2 startup complete.
2026-03-21 15:08:57 | INFO     | smartbot.api | ==================================================
2026-03-21 15:08:57 | INFO     | smartbot.api | SmartBot V2 starting up — env: development
2026-03-21 15:08:57 | INFO     | smartbot.api | Vectorstore already has 71 chunks — skipping re-ingestion.
2026-03-21 15:08:57 | INFO     | smartbot.api | Warming up model: llama3.2:1b...
2026-03-21 15:08:57 | INFO     | smartbot.api | Model ready.
2026-03-21 15:08:57 | INFO     | smartbot.api | SmartBot V2 startup complete.
2026-03-21 15:09:37 | INFO     | smartbot.api | ==================================================
2026-03-21 15:09:37 | INFO     | smartbot.api | SmartBot V2 starting up — env: development
2026-03-21 15:09:37 | INFO     | smartbot.api | Vectorstore already has 71 chunks — skipping re-ingestion.
2026-03-21 15:09:37 | INFO     | smartbot.api | Warming up model: llama3.2:1b...
2026-03-21 15:09:38 | INFO     | smartbot.api | Model ready.
2026-03-21 15:09:38 | INFO     | smartbot.api | SmartBot V2 startup complete.
2026-03-21 15:13:41 | INFO     | smartbot.api | ==================================================
2026-03-21 15:13:41 | INFO     | smartbot.api | SmartBot V2 starting up — env: development
2026-03-21 15:13:42 | INFO     | smartbot.api | Vectorstore already has 71 chunks — skipping re-ingestion.
2026-03-21 15:13:42 | INFO     | smartbot.api | Warming up model: llama3.2:1b...
2026-03-21 15:13:42 | INFO     | smartbot.api | Model ready.
2026-03-21 15:13:42 | INFO     | smartbot.api | SmartBot V2 startup complete.
2026-03-21 15:13:53 | INFO     | smartbot.api | OTP sent for: admin@smartbot.com
2026-03-21 15:13:53 | INFO     | smartbot.api | POST /admin/login → 200 (231.79ms)
2026-03-21 15:13:59 | INFO     | smartbot.api | POST /admin/verify-otp → 200 (48.47ms)
2026-03-21 15:13:59 | INFO     | smartbot.api | OPTIONS /admin/stats → 200 (0.7ms)
2026-03-21 15:13:59 | INFO     | smartbot.api | OPTIONS /admin/stats → 200 (1.17ms)
2026-03-21 15:13:59 | INFO     | smartbot.api | GET /admin/stats → 200 (22.89ms)
2026-03-21 15:13:59 | INFO     | smartbot.api | GET /admin/stats → 200 (7.57ms)
2026-03-21 15:13:59 | INFO     | smartbot.api | OPTIONS /admin/sessions → 200 (1.02ms)
2026-03-21 15:13:59 | INFO     | smartbot.api | OPTIONS /admin/chatlogs → 200 (1.14ms)
2026-03-21 15:13:59 | INFO     | smartbot.api | OPTIONS /admin/files → 200 (1.06ms)
2026-03-21 15:13:59 | INFO     | smartbot.api | OPTIONS /admin/sessions → 200 (1.03ms)
2026-03-21 15:13:59 | INFO     | smartbot.api | OPTIONS /admin/chatlogs → 200 (1.0ms)
2026-03-21 15:13:59 | INFO     | smartbot.api | OPTIONS /admin/files → 200 (2.25ms)
2026-03-21 15:13:59 | INFO     | smartbot.api | GET /admin/stats → 200 (19.18ms)
2026-03-21 15:13:59 | INFO     | smartbot.api | GET /admin/files → 200 (17.0ms)
2026-03-21 15:13:59 | INFO     | smartbot.api | GET /admin/files → 200 (8.94ms)
2026-03-21 15:13:59 | INFO     | smartbot.api | GET /admin/stats → 200 (16.32ms)
2026-03-21 15:13:59 | INFO     | smartbot.api | GET /admin/sessions → 200 (38.2ms)
2026-03-21 15:13:59 | INFO     | smartbot.api | GET /admin/chatlogs → 200 (37.15ms)
2026-03-21 15:13:59 | INFO     | smartbot.api | GET /admin/chatlogs → 200 (13.71ms)
2026-03-21 15:13:59 | INFO     | smartbot.api | GET /admin/sessions → 200 (14.83ms)
2026-03-21 15:14:01 | INFO     | smartbot.api | OPTIONS /admin/api-keys → 200 (0.44ms)
2026-03-21 15:14:01 | INFO     | smartbot.api | GET /admin/api-keys → 200 (12.38ms)
2026-03-21 15:14:52 | INFO     | smartbot.api | OPTIONS /admin/analytics/overview → 200 (1.28ms)
2026-03-21 15:14:52 | INFO     | smartbot.api | OPTIONS /admin/analytics/peak-hours → 200 (1.87ms)
2026-03-21 15:14:52 | INFO     | smartbot.api | OPTIONS /admin/analytics/top-questions → 200 (2.33ms)
2026-03-21 15:14:52 | INFO     | smartbot.api | GET /admin/analytics/top-questions → 200 (19.75ms)
2026-03-21 15:14:52 | INFO     | smartbot.api | GET /admin/analytics/peak-hours → 200 (20.49ms)
2026-03-21 15:14:52 | INFO     | smartbot.api | GET /admin/analytics/overview → 200 (23.02ms)
2026-03-21 15:14:53 | INFO     | smartbot.api | OPTIONS /admin/end-users → 200 (0.47ms)
2026-03-21 15:14:53 | INFO     | smartbot.api | GET /admin/end-users → 200 (9.53ms)
2026-03-21 15:14:54 | INFO     | smartbot.api | OPTIONS /admin/audit → 200 (0.58ms)
2026-03-21 15:14:54 | INFO     | smartbot.api | OPTIONS /admin/users → 200 (0.85ms)
2026-03-21 15:14:54 | INFO     | smartbot.api | GET /admin/users → 200 (10.17ms)
2026-03-21 15:14:54 | INFO     | smartbot.api | GET /admin/audit → 200 (12.94ms)
2026-03-21 15:14:55 | INFO     | smartbot.api | GET /admin/users → 200 (7.1ms)
2026-03-21 15:14:55 | INFO     | smartbot.api | GET /admin/audit → 200 (10.32ms)
2026-03-21 15:14:56 | INFO     | smartbot.api | GET /admin/api-keys → 200 (4.99ms)
2026-03-21 15:16:04 | INFO     | smartbot.api | GET /admin/stats → 200 (26.42ms)
2026-03-21 15:16:04 | INFO     | smartbot.api | GET /admin/stats → 200 (8.56ms)
2026-03-21 15:16:04 | INFO     | smartbot.api | GET /admin/files → 200 (14.33ms)
2026-03-21 15:16:04 | INFO     | smartbot.api | GET /admin/stats → 200 (24.31ms)
2026-03-21 15:16:04 | INFO     | smartbot.api | GET /admin/files → 200 (11.87ms)
2026-03-21 15:16:04 | INFO     | smartbot.api | GET /admin/stats → 200 (19.56ms)
2026-03-21 15:16:04 | INFO     | smartbot.api | GET /admin/sessions → 200 (49.05ms)
2026-03-21 15:16:04 | INFO     | smartbot.api | GET /admin/chatlogs → 200 (52.32ms)
2026-03-21 15:16:04 | INFO     | smartbot.api | GET /admin/sessions → 200 (16.48ms)
2026-03-21 15:16:04 | INFO     | smartbot.api | GET /admin/chatlogs → 200 (14.8ms)
2026-03-21 15:16:13 | INFO     | smartbot.api | GET /admin/stats → 200 (19.23ms)
2026-03-21 15:16:13 | INFO     | smartbot.api | GET /admin/stats → 200 (5.54ms)
2026-03-21 15:16:13 | INFO     | smartbot.api | GET /admin/files → 200 (11.25ms)
2026-03-21 15:16:13 | INFO     | smartbot.api | GET /admin/stats → 200 (14.91ms)
2026-03-21 15:16:13 | INFO     | smartbot.api | GET /admin/files → 200 (16.89ms)
2026-03-21 15:16:13 | INFO     | smartbot.api | GET /admin/stats → 200 (22.39ms)
2026-03-21 15:16:13 | INFO     | smartbot.api | GET /admin/sessions → 200 (40.79ms)
2026-03-21 15:16:13 | INFO     | smartbot.api | GET /admin/chatlogs → 200 (41.71ms)
2026-03-21 15:16:13 | INFO     | smartbot.api | GET /admin/chatlogs → 200 (13.93ms)
2026-03-21 15:16:13 | INFO     | smartbot.api | GET /admin/sessions → 200 (14.42ms)
2026-03-22 01:33:04 | INFO     | smartbot.api | OPTIONS /admin/api-keys → 200 (1.75ms)
2026-03-22 01:33:04 | INFO     | smartbot.api | GET /admin/api-keys → 200 (24.52ms)
2026-03-22 01:35:21 | INFO     | smartbot.api | OPTIONS /admin/notifications/test → 200 (1.57ms)
2026-03-22 01:35:21 | INFO     | smartbot.api | POST /admin/notifications/test → 200 (85.93ms)
2026-03-22 01:35:25 | INFO     | smartbot.api | OPTIONS /admin/notifications/daily-summary → 200 (0.34ms)
2026-03-22 01:35:25 | INFO     | smartbot.notifications | Daily summary notification queued
2026-03-22 01:35:25 | INFO     | smartbot.api | POST /admin/notifications/daily-summary → 200 (35.42ms)
2026-03-22 01:36:03 | INFO     | smartbot.api | GET /admin/api-keys → 200 (9.96ms)
2026-03-22 01:36:07 | INFO     | smartbot.api | GET /admin/api-keys → 200 (7.63ms)
2026-03-22 01:36:08 | INFO     | smartbot.api | GET /admin/api-keys → 200 (6.32ms)
2026-03-22 01:36:56 | INFO     | smartbot.api | OPTIONS /admin/analytics/overview → 200 (1.75ms)
2026-03-22 01:36:56 | INFO     | smartbot.api | OPTIONS /admin/analytics/peak-hours → 200 (2.65ms)
2026-03-22 01:36:56 | INFO     | smartbot.api | OPTIONS /admin/analytics/top-questions → 200 (2.51ms)
2026-03-22 01:36:56 | INFO     | smartbot.api | GET /admin/analytics/top-questions → 200 (15.38ms)
2026-03-22 01:36:56 | INFO     | smartbot.api | GET /admin/analytics/peak-hours → 200 (24.3ms)
2026-03-22 01:36:56 | INFO     | smartbot.api | GET /admin/analytics/overview → 200 (25.58ms)
2026-03-22 01:37:16 | INFO     | smartbot.api | GET /admin/api-keys → 200 (6.02ms)
2026-03-22 01:38:43 | INFO     | smartbot.api | OTP sent for: admin@smartbot.com
2026-03-22 01:38:43 | INFO     | smartbot.api | POST /admin/login → 200 (242.08ms)
2026-03-22 01:38:49 | INFO     | smartbot.api | POST /admin/verify-otp → 200 (27.12ms)
2026-03-22 01:38:49 | INFO     | smartbot.api | OPTIONS /admin/stats → 200 (0.63ms)
2026-03-22 01:38:49 | INFO     | smartbot.api | OPTIONS /admin/stats → 200 (0.84ms)
2026-03-22 01:38:49 | INFO     | smartbot.api | GET /admin/stats → 200 (10.86ms)
2026-03-22 01:38:49 | INFO     | smartbot.api | GET /admin/stats → 200 (7.03ms)
2026-03-22 01:38:49 | INFO     | smartbot.api | OPTIONS /admin/sessions → 200 (1.34ms)
2026-03-22 01:38:49 | INFO     | smartbot.api | OPTIONS /admin/chatlogs → 200 (2.02ms)
2026-03-22 01:38:49 | INFO     | smartbot.api | OPTIONS /admin/files → 200 (1.56ms)
2026-03-22 01:38:49 | INFO     | smartbot.api | OPTIONS /admin/sessions → 200 (1.5ms)
2026-03-22 01:38:49 | INFO     | smartbot.api | OPTIONS /admin/chatlogs → 200 (2.58ms)
2026-03-22 01:38:49 | INFO     | smartbot.api | OPTIONS /admin/files → 200 (3.49ms)
2026-03-22 01:38:49 | INFO     | smartbot.api | GET /admin/stats → 200 (20.49ms)
2026-03-22 01:38:49 | INFO     | smartbot.api | GET /admin/files → 200 (17.89ms)
2026-03-22 01:38:49 | INFO     | smartbot.api | GET /admin/files → 200 (11.03ms)
2026-03-22 01:38:49 | INFO     | smartbot.api | GET /admin/stats → 200 (18.59ms)
2026-03-22 01:38:49 | INFO     | smartbot.api | GET /admin/sessions → 200 (35.15ms)
2026-03-22 01:38:49 | INFO     | smartbot.api | GET /admin/chatlogs → 200 (35.19ms)
2026-03-22 01:38:49 | INFO     | smartbot.api | GET /admin/sessions → 200 (14.2ms)
2026-03-22 01:38:49 | INFO     | smartbot.api | GET /admin/chatlogs → 200 (14.08ms)
2026-03-22 01:38:52 | INFO     | smartbot.api | GET /admin/api-keys → 200 (6.91ms)
2026-03-22 01:39:11 | INFO     | smartbot.api | API key created: samplekey by admin@smartbot.com
2026-03-22 01:39:11 | INFO     | smartbot.api | POST /admin/api-keys → 200 (25.25ms)
2026-03-22 01:39:11 | INFO     | smartbot.api | GET /admin/api-keys → 200 (4.26ms)
2026-03-22 01:39:53 | INFO     | smartbot.api | GET /admin/api-keys → 200 (32.99ms)
2026-03-22 01:42:37 | INFO     | smartbot.api_keys | API key used: sk-smb-4dbec... (name: samplekey)
2026-03-22 01:42:44 | INFO     | smartbot.api | POST /api/chat → 200 (7094.69ms)
2026-03-22 01:54:39 | INFO     | smartbot.api | ==================================================
2026-03-22 01:54:39 | INFO     | smartbot.api | SmartBot V2 starting up — env: development
2026-03-22 01:54:39 | INFO     | smartbot.api | Vectorstore already has 71 chunks — skipping re-ingestion.
2026-03-22 01:54:39 | INFO     | smartbot.api | Warming up model: llama3.2:1b...
2026-03-22 01:54:41 | INFO     | smartbot.api | Model ready.
2026-03-22 01:54:41 | INFO     | smartbot.api | SmartBot V2 startup complete.
2026-03-22 01:54:42 | INFO     | smartbot.api | ==================================================
2026-03-22 01:54:42 | INFO     | smartbot.api | SmartBot V2 starting up — env: development
2026-03-22 01:54:42 | INFO     | smartbot.api | Vectorstore already has 71 chunks — skipping re-ingestion.
2026-03-22 01:54:42 | INFO     | smartbot.api | Warming up model: llama3.2:1b...
2026-03-22 01:54:43 | INFO     | smartbot.api | Model ready.
2026-03-22 01:54:43 | INFO     | smartbot.api | SmartBot V2 startup complete.
2026-03-22 01:54:53 | INFO     | smartbot.api | ==================================================
2026-03-22 01:54:53 | INFO     | smartbot.api | SmartBot V2 starting up — env: development
2026-03-22 01:54:54 | INFO     | smartbot.api | Vectorstore already has 71 chunks — skipping re-ingestion.
2026-03-22 01:54:54 | INFO     | smartbot.api | Warming up model: llama3.2:1b...
2026-03-22 01:54:54 | INFO     | smartbot.api | Model ready.
2026-03-22 01:54:54 | INFO     | smartbot.api | SmartBot V2 startup complete.
2026-03-22 01:54:55 | INFO     | smartbot.api | ==================================================
2026-03-22 01:54:55 | INFO     | smartbot.api | SmartBot V2 starting up — env: development
2026-03-22 01:54:55 | INFO     | smartbot.api | Vectorstore already has 71 chunks — skipping re-ingestion.
2026-03-22 01:54:55 | INFO     | smartbot.api | Warming up model: llama3.2:1b...
2026-03-22 01:54:55 | INFO     | smartbot.api | Model ready.
2026-03-22 01:54:55 | INFO     | smartbot.api | SmartBot V2 startup complete.
2026-03-22 01:54:56 | INFO     | smartbot.api | ==================================================
2026-03-22 01:54:56 | INFO     | smartbot.api | SmartBot V2 starting up — env: development
2026-03-22 01:54:57 | INFO     | smartbot.api | Vectorstore already has 71 chunks — skipping re-ingestion.
2026-03-22 01:54:57 | INFO     | smartbot.api | Warming up model: llama3.2:1b...
2026-03-22 01:54:57 | INFO     | smartbot.api | Model ready.
2026-03-22 01:54:57 | INFO     | smartbot.api | SmartBot V2 startup complete.
2026-03-22 02:01:27 | INFO     | smartbot.api | OPTIONS /admin/analytics/overview → 200 (2.62ms)
2026-03-22 02:01:27 | INFO     | smartbot.api | OPTIONS /admin/analytics/peak-hours → 200 (5.64ms)
2026-03-22 02:01:27 | INFO     | smartbot.api | OPTIONS /admin/analytics/top-questions → 200 (5.83ms)
2026-03-22 02:01:27 | INFO     | smartbot.api | GET /admin/analytics/top-questions → 200 (75.21ms)
2026-03-22 02:01:27 | INFO     | smartbot.api | GET /admin/analytics/peak-hours → 200 (140.7ms)
2026-03-22 02:01:27 | INFO     | smartbot.api | GET /admin/analytics/overview → 200 (145.12ms)
2026-03-22 02:01:27 | INFO     | smartbot.api | OPTIONS /admin/api-keys → 200 (0.37ms)
2026-03-22 02:01:27 | INFO     | smartbot.api | GET /admin/api-keys → 200 (8.1ms)
2026-03-22 02:03:10 | INFO     | smartbot.api | GET /admin/analytics/top-questions → 200 (12.3ms)
2026-03-22 02:03:10 | INFO     | smartbot.api | GET /admin/analytics/peak-hours → 200 (13.29ms)
2026-03-22 02:03:10 | INFO     | smartbot.api | GET /admin/analytics/overview → 200 (15.1ms)
2026-03-22 02:03:12 | INFO     | smartbot.api | GET /admin/api-keys → 200 (6.7ms)
2026-03-22 02:03:13 | INFO     | smartbot.api | GET /admin/analytics/top-questions → 200 (8.24ms)
2026-03-22 02:03:13 | INFO     | smartbot.api | GET /admin/analytics/peak-hours → 200 (9.02ms)
2026-03-22 02:03:13 | INFO     | smartbot.api | GET /admin/analytics/overview → 200 (10.93ms)
2026-03-22 02:03:15 | INFO     | smartbot.api | GET /admin/api-keys → 200 (5.69ms)
2026-03-22 02:04:56 | INFO     | smartbot.api | OPTIONS /admin/notifications/test → 200 (0.65ms)
2026-03-22 02:04:56 | INFO     | smartbot.api | POST /admin/notifications/test → 200 (7.59ms)
2026-03-22 02:23:27 | INFO     | smartbot.api | OPTIONS /admin/stats → 200 (1.91ms)
2026-03-22 02:23:27 | INFO     | smartbot.api | OPTIONS /admin/stats → 200 (6.38ms)
2026-03-22 02:23:27 | INFO     | smartbot.api | GET /admin/stats → 200 (51.77ms)
2026-03-22 02:23:27 | INFO     | smartbot.api | GET /admin/stats → 200 (3.82ms)
2026-03-22 02:23:27 | INFO     | smartbot.api | OPTIONS /admin/sessions → 200 (0.18ms)
2026-03-22 02:23:27 | INFO     | smartbot.api | OPTIONS /admin/chatlogs → 200 (0.47ms)
2026-03-22 02:23:27 | INFO     | smartbot.api | OPTIONS /admin/files → 200 (0.54ms)
2026-03-22 02:23:27 | INFO     | smartbot.api | OPTIONS /admin/sessions → 200 (1.0ms)
2026-03-22 02:23:27 | INFO     | smartbot.api | OPTIONS /admin/files → 200 (0.43ms)
2026-03-22 02:23:27 | INFO     | smartbot.api | GET /admin/stats → 200 (23.23ms)
2026-03-22 02:23:27 | INFO     | smartbot.api | GET /admin/files → 200 (24.79ms)
2026-03-22 02:23:27 | INFO     | smartbot.api | GET /admin/chatlogs → 200 (31.45ms)
2026-03-22 02:23:27 | INFO     | smartbot.api | GET /admin/sessions → 200 (32.13ms)
2026-03-22 02:23:27 | INFO     | smartbot.api | GET /admin/files → 200 (6.4ms)
2026-03-22 02:23:27 | INFO     | smartbot.api | GET /admin/stats → 200 (11.5ms)
2026-03-22 02:23:27 | INFO     | smartbot.api | GET /admin/sessions → 200 (13.83ms)
2026-03-22 02:23:27 | INFO     | smartbot.api | GET /admin/chatlogs → 200 (14.03ms)
2026-03-22 06:17:13 | INFO     | smartbot.api | ==================================================
2026-03-22 06:17:13 | INFO     | smartbot.api | SmartBot V2 starting up — env: development
2026-03-22 06:17:13 | INFO     | smartbot.api | Vectorstore already has 71 chunks — skipping re-ingestion.
2026-03-22 06:17:13 | INFO     | smartbot.api | Warming up model: llama3.2:1b...
2026-03-22 06:17:15 | INFO     | smartbot.api | Model ready.
2026-03-22 06:17:15 | INFO     | smartbot.api | SmartBot V2 startup complete.
2026-03-22 06:17:27 | INFO     | smartbot.api | OPTIONS /admin/stats → 200 (0.31ms)
2026-03-22 06:17:27 | INFO     | smartbot.api | OPTIONS /admin/stats → 200 (0.78ms)
2026-03-22 06:17:27 | INFO     | smartbot.api | GET /admin/stats → 200 (33.73ms)
2026-03-22 06:17:27 | INFO     | smartbot.api | GET /admin/stats → 200 (28.4ms)
2026-03-22 06:17:27 | INFO     | smartbot.api | OPTIONS /admin/sessions → 200 (0.82ms)
2026-03-22 06:17:27 | INFO     | smartbot.api | OPTIONS /admin/chatlogs → 200 (1.01ms)
2026-03-22 06:17:27 | INFO     | smartbot.api | OPTIONS /admin/files → 200 (0.93ms)
2026-03-22 06:17:27 | INFO     | smartbot.api | OPTIONS /admin/sessions → 200 (0.76ms)
2026-03-22 06:17:27 | INFO     | smartbot.api | OPTIONS /admin/chatlogs → 200 (0.55ms)
2026-03-22 06:17:27 | INFO     | smartbot.api | OPTIONS /admin/files → 200 (1.29ms)
2026-03-22 06:17:27 | INFO     | smartbot.api | GET /admin/stats → 200 (10.47ms)
2026-03-22 06:17:27 | INFO     | smartbot.api | GET /admin/files → 200 (10.47ms)
2026-03-22 06:17:27 | INFO     | smartbot.api | GET /admin/files → 200 (4.62ms)
2026-03-22 06:17:27 | INFO     | smartbot.api | GET /admin/stats → 200 (9.47ms)
2026-03-22 06:17:27 | INFO     | smartbot.api | GET /admin/sessions → 200 (22.63ms)
2026-03-22 06:17:27 | INFO     | smartbot.api | GET /admin/chatlogs → 200 (22.83ms)
2026-03-22 06:17:27 | INFO     | smartbot.api | GET /admin/chatlogs → 200 (13.89ms)
2026-03-22 06:17:27 | INFO     | smartbot.api | GET /admin/sessions → 200 (15.99ms)
2026-03-22 06:17:28 | INFO     | smartbot.api | GET /admin/stats → 200 (5.92ms)
2026-03-22 06:17:28 | INFO     | smartbot.api | GET /admin/stats → 200 (5.48ms)
2026-03-22 06:17:28 | INFO     | smartbot.api | GET /admin/files → 200 (11.16ms)
2026-03-22 06:17:28 | INFO     | smartbot.api | GET /admin/stats → 200 (19.05ms)
2026-03-22 06:17:28 | INFO     | smartbot.api | GET /admin/files → 200 (18.97ms)
2026-03-22 06:17:28 | INFO     | smartbot.api | GET /admin/sessions → 200 (36.29ms)
2026-03-22 06:17:28 | INFO     | smartbot.api | GET /admin/stats → 200 (14.68ms)
2026-03-22 06:17:28 | INFO     | smartbot.api | GET /admin/chatlogs → 200 (37.98ms)
2026-03-22 06:17:28 | INFO     | smartbot.api | GET /admin/sessions → 200 (13.81ms)
2026-03-22 06:17:28 | INFO     | smartbot.api | GET /admin/chatlogs → 200 (13.89ms)
2026-03-22 06:17:36 | INFO     | smartbot.api | OTP sent for: admin@smartbot.com
2026-03-22 06:17:36 | INFO     | smartbot.api | POST /admin/login → 200 (237.99ms)
2026-03-22 06:17:42 | INFO     | smartbot.api | POST /admin/verify-otp → 200 (30.13ms)
2026-03-22 06:17:42 | INFO     | smartbot.api | GET /admin/stats → 200 (8.91ms)
2026-03-22 06:17:42 | INFO     | smartbot.api | GET /admin/stats → 200 (8.03ms)
2026-03-22 06:17:42 | INFO     | smartbot.api | GET /admin/files → 200 (17.06ms)
2026-03-22 06:17:42 | INFO     | smartbot.api | GET /admin/stats → 200 (23.2ms)
2026-03-22 06:17:42 | INFO     | smartbot.api | GET /admin/files → 200 (9.97ms)
2026-03-22 06:17:42 | INFO     | smartbot.api | GET /admin/stats → 200 (8.1ms)
2026-03-22 06:17:42 | INFO     | smartbot.api | GET /admin/chatlogs → 200 (35.23ms)
2026-03-22 06:17:42 | INFO     | smartbot.api | GET /admin/sessions → 200 (35.94ms)
2026-03-22 06:17:42 | INFO     | smartbot.api | GET /admin/chatlogs → 200 (11.86ms)
2026-03-22 06:17:42 | INFO     | smartbot.api | GET /admin/sessions → 200 (11.86ms)
2026-03-22 06:17:44 | INFO     | smartbot.api | OPTIONS /admin/api-keys → 200 (0.48ms)
2026-03-22 06:17:44 | INFO     | smartbot.api | GET /admin/api-keys → 200 (7.75ms)
2026-03-22 06:17:47 | INFO     | smartbot.api | OPTIONS /admin/notifications/test → 200 (0.35ms)
2026-03-22 06:17:48 | ERROR    | smartbot.notifications | Teams notification failed: <urlopen error [SSL: CERTIFICATE_VERIFY_FAILED] certificate verify failed: unable to get local issuer certificate (_ssl.c:1032)>
2026-03-22 06:17:48 | INFO     | smartbot.api | POST /admin/notifications/test → 200 (133.71ms)
2026-03-22 06:23:36 | INFO     | smartbot.api | ==================================================
2026-03-22 06:23:36 | INFO     | smartbot.api | SmartBot V2 starting up — env: development
2026-03-22 06:23:37 | INFO     | smartbot.api | Vectorstore already has 71 chunks — skipping re-ingestion.
2026-03-22 06:23:37 | INFO     | smartbot.api | Warming up model: llama3.2:1b...
2026-03-22 06:23:38 | INFO     | smartbot.api | Model ready.
2026-03-22 06:23:38 | INFO     | smartbot.api | SmartBot V2 startup complete.
2026-03-22 06:23:40 | INFO     | smartbot.api | GET /admin/stats → 200 (29.57ms)
2026-03-22 06:23:40 | INFO     | smartbot.api | GET /admin/stats → 200 (5.72ms)
2026-03-22 06:23:40 | INFO     | smartbot.api | GET /admin/stats → 200 (9.33ms)
2026-03-22 06:23:40 | INFO     | smartbot.api | GET /admin/files → 200 (9.01ms)
2026-03-22 06:23:40 | INFO     | smartbot.api | GET /admin/files → 200 (5.86ms)
2026-03-22 06:23:40 | INFO     | smartbot.api | GET /admin/stats → 200 (6.57ms)
2026-03-22 06:23:40 | INFO     | smartbot.api | GET /admin/sessions → 200 (18.52ms)
2026-03-22 06:23:40 | INFO     | smartbot.api | GET /admin/chatlogs → 200 (21.09ms)
2026-03-22 06:23:40 | INFO     | smartbot.api | GET /admin/sessions → 200 (12.34ms)
2026-03-22 06:23:40 | INFO     | smartbot.api | GET /admin/chatlogs → 200 (11.96ms)
2026-03-22 06:23:49 | INFO     | smartbot.api | OTP sent for: admin@smartbot.com
2026-03-22 06:23:49 | INFO     | smartbot.api | POST /admin/login → 200 (237.61ms)
2026-03-22 06:23:54 | INFO     | smartbot.api | POST /admin/verify-otp → 200 (33.64ms)
2026-03-22 06:23:54 | INFO     | smartbot.api | GET /admin/stats → 200 (9.6ms)
2026-03-22 06:23:54 | INFO     | smartbot.api | GET /admin/stats → 200 (7.46ms)
2026-03-22 06:23:54 | INFO     | smartbot.api | GET /admin/files → 200 (15.56ms)
2026-03-22 06:23:54 | INFO     | smartbot.api | GET /admin/stats → 200 (23.48ms)
2026-03-22 06:23:54 | INFO     | smartbot.api | GET /admin/files → 200 (14.4ms)
2026-03-22 06:23:54 | INFO     | smartbot.api | GET /admin/chatlogs → 200 (40.18ms)
2026-03-22 06:23:54 | INFO     | smartbot.api | GET /admin/stats → 200 (15.41ms)
2026-03-22 06:23:54 | INFO     | smartbot.api | GET /admin/sessions → 200 (43.71ms)
2026-03-22 06:23:54 | INFO     | smartbot.api | GET /admin/chatlogs → 200 (16.32ms)
2026-03-22 06:23:54 | INFO     | smartbot.api | GET /admin/sessions → 200 (15.67ms)
2026-03-22 06:23:55 | INFO     | smartbot.api | GET /admin/api-keys → 200 (8.01ms)
2026-03-22 06:24:00 | INFO     | smartbot.notifications | Teams notification sent: SmartBot — test notification (status 200)
2026-03-22 06:24:00 | INFO     | smartbot.api | POST /admin/notifications/test → 200 (3968.49ms)
2026-03-22 06:25:40 | INFO     | smartbot.api | GET /admin/stats → 200 (27.47ms)
2026-03-22 06:25:40 | INFO     | smartbot.api | GET /admin/stats → 200 (6.05ms)
2026-03-22 06:25:40 | INFO     | smartbot.api | GET /admin/files → 200 (8.07ms)
2026-03-22 06:25:40 | INFO     | smartbot.api | GET /admin/stats → 200 (11.02ms)
2026-03-22 06:25:40 | INFO     | smartbot.api | GET /admin/files → 200 (9.52ms)
2026-03-22 06:25:40 | INFO     | smartbot.api | GET /admin/stats → 200 (8.17ms)
2026-03-22 06:25:40 | INFO     | smartbot.api | GET /admin/chatlogs → 200 (27.24ms)
2026-03-22 06:25:40 | INFO     | smartbot.api | GET /admin/sessions → 200 (28.64ms)
2026-03-22 06:25:40 | INFO     | smartbot.api | GET /admin/chatlogs → 200 (33.87ms)
2026-03-22 06:25:40 | INFO     | smartbot.api | GET /admin/sessions → 200 (35.97ms)
2026-03-22 12:32:11 | INFO     | smartbot.api | OPTIONS /user/register → 200 (2.41ms)
2026-03-22 12:32:12 | INFO     | smartbot.notifications | Welcome notification queued for: krish@gmail.com
2026-03-22 12:32:12 | INFO     | smartbot.notifications | Admin new-user notification queued for: krish@gmail.com
2026-03-22 12:32:12 | INFO     | smartbot.api | POST /user/register → 200 (257.19ms)
2026-03-22 12:32:12 | INFO     | smartbot.api | OPTIONS /user/me/sessions → 200 (0.14ms)
2026-03-22 12:32:12 | INFO     | smartbot.api | OPTIONS /user/me/sessions → 200 (0.19ms)
2026-03-22 12:32:12 | INFO     | smartbot.api | GET /user/me/sessions → 200 (50.8ms)
2026-03-22 12:32:12 | INFO     | smartbot.api | GET /user/me/sessions → 200 (2.02ms)
2026-03-22 12:32:16 | INFO     | smartbot.notifications | Teams notification sent: New user registered on SmartBot (status 200)
2026-03-22 12:32:54 | INFO     | smartbot.api | OTP sent for: admin@smartbot.com
2026-03-22 12:32:54 | INFO     | smartbot.api | POST /admin/login → 200 (224.96ms)
2026-03-22 12:32:59 | INFO     | smartbot.api | POST /admin/verify-otp → 200 (27.17ms)
2026-03-22 12:32:59 | INFO     | smartbot.api | OPTIONS /admin/stats → 200 (0.73ms)
2026-03-22 12:32:59 | INFO     | smartbot.api | OPTIONS /admin/stats → 200 (0.93ms)
2026-03-22 12:32:59 | INFO     | smartbot.api | GET /admin/stats → 200 (11.09ms)
2026-03-22 12:32:59 | INFO     | smartbot.api | GET /admin/stats → 200 (7.15ms)
2026-03-22 12:32:59 | INFO     | smartbot.api | OPTIONS /admin/sessions → 200 (1.13ms)
2026-03-22 12:32:59 | INFO     | smartbot.api | OPTIONS /admin/chatlogs → 200 (5.63ms)
2026-03-22 12:32:59 | INFO     | smartbot.api | OPTIONS /admin/files → 200 (1.44ms)
2026-03-22 12:32:59 | INFO     | smartbot.api | OPTIONS /admin/sessions → 200 (1.38ms)
2026-03-22 12:32:59 | INFO     | smartbot.api | OPTIONS /admin/files → 200 (1.81ms)
2026-03-22 12:32:59 | INFO     | smartbot.api | OPTIONS /admin/chatlogs → 200 (2.3ms)
2026-03-22 12:32:59 | INFO     | smartbot.api | GET /admin/stats → 200 (19.91ms)
2026-03-22 12:32:59 | INFO     | smartbot.api | GET /admin/files → 200 (10.92ms)
2026-03-22 12:32:59 | INFO     | smartbot.api | GET /admin/stats → 200 (9.36ms)
2026-03-22 12:32:59 | INFO     | smartbot.api | GET /admin/files → 200 (7.41ms)
2026-03-22 12:32:59 | INFO     | smartbot.api | GET /admin/chatlogs → 200 (22.25ms)
2026-03-22 12:32:59 | INFO     | smartbot.api | GET /admin/sessions → 200 (24.62ms)
2026-03-22 12:32:59 | INFO     | smartbot.api | GET /admin/chatlogs → 200 (12.03ms)
2026-03-22 12:32:59 | INFO     | smartbot.api | GET /admin/sessions → 200 (11.29ms)
2026-03-22 12:33:02 | INFO     | smartbot.api | OPTIONS /admin/audit → 200 (0.72ms)
2026-03-22 12:33:02 | INFO     | smartbot.api | OPTIONS /admin/users → 200 (1.2ms)
2026-03-22 12:33:02 | INFO     | smartbot.api | GET /admin/users → 200 (9.34ms)
2026-03-22 12:33:02 | INFO     | smartbot.api | GET /admin/audit → 200 (11.83ms)
2026-03-22 12:33:24 | INFO     | smartbot.api | POST /admin/users → 200 (224.38ms)
2026-03-22 12:33:24 | INFO     | smartbot.api | GET /admin/users → 200 (2.12ms)
2026-03-22 12:33:24 | INFO     | smartbot.api | GET /admin/audit → 200 (2.1ms)
2026-03-22 12:46:35 | INFO     | smartbot.api | ==================================================
2026-03-22 12:46:35 | INFO     | smartbot.api | SmartBot V2 starting up — env: development
2026-03-22 12:46:35 | INFO     | smartbot.api | Vectorstore already has 71 chunks — skipping re-ingestion.
2026-03-22 12:46:35 | INFO     | smartbot.api | Warming up model: llama3.2:1b...
2026-03-22 12:46:37 | INFO     | smartbot.api | Model ready.
2026-03-22 12:46:37 | INFO     | smartbot.api | SmartBot V2 startup complete.
2026-03-22 12:46:38 | INFO     | smartbot.api | ==================================================
2026-03-22 12:46:38 | INFO     | smartbot.api | SmartBot V2 starting up — env: development
2026-03-22 12:46:38 | INFO     | smartbot.api | Vectorstore already has 71 chunks — skipping re-ingestion.
2026-03-22 12:46:38 | INFO     | smartbot.api | Warming up model: llama3.2:1b...
2026-03-22 12:46:39 | INFO     | smartbot.api | Model ready.
2026-03-22 12:46:39 | INFO     | smartbot.api | SmartBot V2 startup complete.
2026-03-22 12:46:41 | INFO     | smartbot.api | ==================================================
2026-03-22 12:46:41 | INFO     | smartbot.api | SmartBot V2 starting up — env: development
2026-03-22 12:46:42 | INFO     | smartbot.api | Vectorstore already has 71 chunks — skipping re-ingestion.
2026-03-22 12:46:42 | INFO     | smartbot.api | Warming up model: llama3.2:1b...
2026-03-22 12:46:42 | INFO     | smartbot.api | Model ready.
2026-03-22 12:46:42 | INFO     | smartbot.api | SmartBot V2 startup complete.
2026-03-22 12:50:19 | INFO     | smartbot.api | OPTIONS /admin/stats → 200 (0.91ms)
2026-03-22 12:50:19 | INFO     | smartbot.api | GET /admin/stats → 200 (55.02ms)
2026-03-22 12:51:19 | INFO     | smartbot.api | GET /admin/stats → 200 (19.73ms)
2026-03-22 12:52:23 | INFO     | smartbot.api | ==================================================
2026-03-22 12:52:23 | INFO     | smartbot.api | SmartBot V2 starting up — env: development
2026-03-22 12:52:24 | INFO     | smartbot.api | Vectorstore already has 71 chunks — skipping re-ingestion.
2026-03-22 12:52:24 | INFO     | smartbot.api | Warming up model: llama3.2:1b...
2026-03-22 12:52:24 | INFO     | smartbot.api | Model ready.
2026-03-22 12:52:24 | INFO     | smartbot.api | SmartBot V2 startup complete.
2026-03-22 12:52:48 | INFO     | smartbot.api | GET /admin/stats → 200 (38.29ms)
2026-03-22 12:52:48 | INFO     | smartbot.api | GET /admin/stats → 200 (5.2ms)
2026-03-22 12:52:48 | INFO     | smartbot.api | OPTIONS /admin/sessions → 200 (0.51ms)
2026-03-22 12:52:48 | INFO     | smartbot.api | OPTIONS /admin/chatlogs → 200 (0.56ms)
2026-03-22 12:52:48 | INFO     | smartbot.api | OPTIONS /admin/files → 200 (0.47ms)
2026-03-22 12:52:48 | INFO     | smartbot.api | OPTIONS /admin/sessions → 200 (0.88ms)
2026-03-22 12:52:48 | INFO     | smartbot.api | OPTIONS /admin/chatlogs → 200 (0.89ms)
2026-03-22 12:52:48 | INFO     | smartbot.api | OPTIONS /admin/files → 200 (0.94ms)
2026-03-22 12:52:48 | INFO     | smartbot.api | GET /admin/files → 200 (8.45ms)
2026-03-22 12:52:48 | INFO     | smartbot.api | GET /admin/stats → 200 (14.49ms)
2026-03-22 12:52:48 | INFO     | smartbot.api | GET /admin/files → 200 (4.81ms)
2026-03-22 12:52:48 | INFO     | smartbot.api | GET /admin/stats → 200 (6.76ms)
2026-03-22 12:52:48 | INFO     | smartbot.api | GET /admin/sessions → 200 (23.43ms)
2026-03-22 12:52:48 | INFO     | smartbot.api | GET /admin/chatlogs → 200 (26.96ms)
2026-03-22 12:52:48 | INFO     | smartbot.api | GET /admin/sessions → 200 (14.05ms)
2026-03-22 12:52:48 | INFO     | smartbot.api | GET /admin/chatlogs → 200 (13.53ms)
2026-03-22 12:53:12 | INFO     | smartbot.api | OPTIONS /sessions → 200 (0.48ms)
2026-03-22 12:53:12 | INFO     | smartbot.api | POST /sessions → 200 (16.0ms)
2026-03-22 12:53:12 | INFO     | smartbot.api | OPTIONS /chat/stream → 200 (0.31ms)
2026-03-22 12:53:17 | INFO     | smartbot.api | POST /chat/stream → 200 (4300.47ms)
2026-03-22 12:53:34 | INFO     | smartbot.api | OPTIONS /feedback → 200 (0.52ms)
2026-03-22 12:53:34 | INFO     | smartbot.api | POST /feedback → 200 (17.67ms)
2026-03-22 12:53:53 | INFO     | smartbot.api | POST /chat/stream → 200 (2291.05ms)
2026-03-22 12:55:28 | INFO     | smartbot.api | POST /chat/stream → 200 (3673.64ms)
2026-03-22 12:55:47 | INFO     | smartbot.api | POST /chat/stream → 200 (1210.1ms)
2026-03-22 12:56:06 | INFO     | smartbot.api | POST /chat/stream → 200 (4673.35ms)
2026-03-22 12:56:57 | INFO     | smartbot.api | POST /chat/stream → 200 (7149.35ms)
2026-03-22 13:00:21 | INFO     | smartbot.api | POST /sessions → 200 (41.77ms)
2026-03-22 13:00:23 | INFO     | smartbot.api | POST /chat/stream → 200 (2685.8ms)
2026-03-22 13:17:51 | INFO     | smartbot.api | ==================================================
2026-03-22 13:17:51 | INFO     | smartbot.api | SmartBot V2 starting up — env: development
2026-03-22 13:17:51 | INFO     | smartbot.api | Vectorstore already has 71 chunks — skipping re-ingestion.
2026-03-22 13:17:51 | INFO     | smartbot.api | Warming up model: llama3.2:1b...
2026-03-22 13:17:53 | INFO     | smartbot.api | Model ready.
2026-03-22 13:17:53 | INFO     | smartbot.api | SmartBot V2 startup complete.
2026-03-22 13:18:18 | INFO     | smartbot.api | ==================================================
2026-03-22 13:18:18 | INFO     | smartbot.api | SmartBot V2 starting up — env: development
2026-03-22 13:18:19 | INFO     | smartbot.api | Vectorstore already has 71 chunks — skipping re-ingestion.
2026-03-22 13:18:19 | INFO     | smartbot.api | Warming up model: llama3.2:1b...
2026-03-22 13:18:19 | INFO     | smartbot.api | Model ready.
2026-03-22 13:18:19 | INFO     | smartbot.api | SmartBot V2 startup complete.
2026-03-22 13:18:47 | INFO     | smartbot.api | OTP sent for: admin@smartbot.com
2026-03-22 13:18:47 | INFO     | smartbot.api | POST /admin/login → 200 (239.95ms)
2026-03-22 13:18:51 | INFO     | smartbot.api | POST /admin/verify-otp → 200 (42.17ms)
2026-03-22 13:18:51 | INFO     | smartbot.api | OPTIONS /admin/stats → 200 (0.46ms)
2026-03-22 13:18:51 | INFO     | smartbot.api | OPTIONS /admin/stats → 200 (0.84ms)
2026-03-22 13:18:51 | INFO     | smartbot.api | GET /admin/stats → 200 (30.09ms)
2026-03-22 13:18:51 | INFO     | smartbot.api | GET /admin/stats → 200 (7.84ms)
2026-03-22 13:18:51 | INFO     | smartbot.api | OPTIONS /admin/sessions → 200 (0.75ms)
2026-03-22 13:18:51 | INFO     | smartbot.api | OPTIONS /admin/chatlogs → 200 (1.09ms)
2026-03-22 13:18:51 | INFO     | smartbot.api | OPTIONS /admin/files → 200 (1.0ms)
2026-03-22 13:18:51 | INFO     | smartbot.api | OPTIONS /admin/sessions → 200 (0.83ms)
2026-03-22 13:18:51 | INFO     | smartbot.api | OPTIONS /admin/files → 200 (2.14ms)
2026-03-22 13:18:51 | INFO     | smartbot.api | OPTIONS /admin/chatlogs → 200 (2.33ms)
2026-03-22 13:18:51 | INFO     | smartbot.api | GET /admin/stats → 200 (20.38ms)
2026-03-22 13:18:51 | INFO     | smartbot.api | GET /admin/files → 200 (16.57ms)
2026-03-22 13:18:51 | INFO     | smartbot.api | GET /admin/files → 200 (6.18ms)
2026-03-22 13:18:51 | INFO     | smartbot.api | GET /admin/stats → 200 (9.58ms)
2026-03-22 13:18:51 | INFO     | smartbot.api | GET /admin/sessions → 200 (30.7ms)
2026-03-22 13:18:51 | INFO     | smartbot.api | GET /admin/chatlogs → 200 (31.67ms)
2026-03-22 13:18:51 | INFO     | smartbot.api | GET /admin/sessions → 200 (12.22ms)
2026-03-22 13:18:51 | INFO     | smartbot.api | GET /admin/chatlogs → 200 (11.46ms)
2026-03-22 13:18:53 | INFO     | smartbot.api | OPTIONS /admin/analytics/overview → 200 (1.27ms)
2026-03-22 13:18:53 | INFO     | smartbot.api | OPTIONS /admin/analytics/peak-hours → 200 (1.47ms)
2026-03-22 13:18:53 | INFO     | smartbot.api | OPTIONS /admin/analytics/top-questions → 200 (1.69ms)
2026-03-22 13:18:53 | INFO     | smartbot.api | OPTIONS /admin/feedback/stats → 200 (1.84ms)
2026-03-22 13:18:53 | INFO     | smartbot.api | GET /admin/analytics/top-questions → 200 (23.56ms)
2026-03-22 13:18:53 | INFO     | smartbot.api | GET /admin/analytics/overview → 200 (27.15ms)
2026-03-22 13:18:53 | INFO     | smartbot.api | GET /admin/analytics/peak-hours → 200 (25.04ms)
2026-03-22 13:18:53 | INFO     | smartbot.api | GET /admin/feedback/stats → 200 (25.84ms)
2026-03-22 13:19:49 | INFO     | smartbot.api | OPTIONS /user/login → 200 (1.68ms)
2026-03-22 13:19:49 | INFO     | smartbot.api | POST /user/login → 200 (244.95ms)
2026-03-22 13:19:49 | INFO     | smartbot.api | OPTIONS /user/me/sessions → 200 (0.12ms)
2026-03-22 13:19:49 | INFO     | smartbot.api | OPTIONS /user/me/sessions → 200 (0.1ms)
2026-03-22 13:19:49 | INFO     | smartbot.api | GET /user/me/sessions → 200 (7.08ms)
2026-03-22 13:19:49 | INFO     | smartbot.api | GET /user/me/sessions → 200 (2.52ms)
2026-03-22 13:19:50 | INFO     | smartbot.api | OPTIONS /user/me → 200 (0.88ms)
2026-03-22 13:19:50 | INFO     | smartbot.api | OPTIONS /user/me → 200 (0.82ms)
2026-03-22 13:19:50 | INFO     | smartbot.api | GET /user/me → 200 (6.92ms)
2026-03-22 13:19:50 | INFO     | smartbot.api | GET /user/me/sessions → 200 (11.17ms)
2026-03-22 13:19:50 | INFO     | smartbot.api | GET /user/me → 200 (6.36ms)
2026-03-22 13:19:50 | INFO     | smartbot.api | GET /user/me/sessions → 200 (7.36ms)
2026-03-22 13:21:15 | INFO     | smartbot.api | OPTIONS /sessions → 200 (0.69ms)
2026-03-22 13:21:15 | INFO     | smartbot.api | POST /sessions → 200 (20.81ms)
2026-03-22 13:21:15 | INFO     | smartbot.api | OPTIONS /chat/stream → 200 (0.35ms)
2026-03-22 13:21:22 | INFO     | smartbot.api | POST /chat/stream → 200 (6770.42ms)
2026-03-22 13:42:59 | INFO     | smartbot.api | ==================================================
2026-03-22 13:42:59 | INFO     | smartbot.api | SmartBot V2 starting up — env: development
2026-03-22 13:42:59 | INFO     | smartbot.api | Vectorstore already has 71 chunks — skipping re-ingestion.
2026-03-22 13:42:59 | INFO     | smartbot.api | Warming up model: llama3.2:1b...
2026-03-22 13:43:01 | INFO     | smartbot.api | Model ready.
2026-03-22 13:43:01 | INFO     | smartbot.api | SmartBot V2 startup complete.
2026-03-22 13:43:01 | INFO     | smartbot.api | OPTIONS /user/me/sessions → 200 (0.54ms)
2026-03-22 13:43:01 | INFO     | smartbot.api | OPTIONS /user/me/sessions → 200 (0.62ms)
2026-03-22 13:43:01 | INFO     | smartbot.api | GET /user/me/sessions → 200 (34.76ms)
2026-03-22 13:43:01 | INFO     | smartbot.api | GET /user/me/sessions → 200 (2.96ms)
2026-03-22 13:46:05 | INFO     | smartbot.api | ==================================================
2026-03-22 13:46:05 | INFO     | smartbot.api | SmartBot V2 starting up — env: development
2026-03-22 13:46:05 | INFO     | smartbot.api | Vectorstore already has 71 chunks — skipping re-ingestion.
2026-03-22 13:46:05 | INFO     | smartbot.api | Warming up model: llama3.2:1b...
2026-03-22 13:46:06 | INFO     | smartbot.api | Model ready.
2026-03-22 13:46:06 | INFO     | smartbot.api | SmartBot V2 startup complete.
2026-03-22 13:46:15 | INFO     | smartbot.api | GET /user/me/sessions → 200 (26.6ms)
2026-03-22 13:46:15 | INFO     | smartbot.api | GET /user/me/sessions → 200 (2.99ms)
2026-03-22 13:46:30 | INFO     | smartbot.api | OPTIONS /user/me → 200 (1.08ms)
2026-03-22 13:46:30 | INFO     | smartbot.api | OPTIONS /user/me → 200 (1.51ms)
2026-03-22 13:46:30 | INFO     | smartbot.api | GET /user/me/sessions → 200 (17.88ms)
2026-03-22 13:46:30 | INFO     | smartbot.api | GET /user/me → 200 (18.75ms)
2026-03-22 13:46:30 | INFO     | smartbot.api | GET /user/me/sessions → 200 (6.05ms)
2026-03-22 13:46:30 | INFO     | smartbot.api | GET /user/me → 200 (2.77ms)
2026-03-22 13:46:35 | INFO     | smartbot.api | GET /user/me/sessions → 200 (8.78ms)
2026-03-22 13:46:35 | INFO     | smartbot.api | GET /user/me/sessions → 200 (10.29ms)
2026-03-22 13:46:37 | INFO     | smartbot.api | GET /user/me → 200 (6.4ms)
2026-03-22 13:46:37 | INFO     | smartbot.api | GET /user/me/sessions → 200 (10.43ms)
2026-03-22 13:46:37 | INFO     | smartbot.api | GET /user/me → 200 (6.49ms)
2026-03-22 13:46:37 | INFO     | smartbot.api | GET /user/me/sessions → 200 (8.42ms)
2026-03-22 13:47:29 | INFO     | smartbot.api | GET /user/me → 200 (5.73ms)
2026-03-22 13:47:29 | INFO     | smartbot.api | GET /user/me/sessions → 200 (9.4ms)
2026-03-22 13:47:29 | INFO     | smartbot.api | GET /user/me → 200 (3.59ms)
2026-03-22 13:47:29 | INFO     | smartbot.api | GET /user/me/sessions → 200 (5.15ms)
2026-03-22 13:47:32 | INFO     | smartbot.api | GET /user/me/sessions → 200 (7.25ms)
2026-03-22 13:47:32 | INFO     | smartbot.api | GET /user/me/sessions → 200 (5.58ms)
2026-03-22 13:47:37 | INFO     | smartbot.api | GET /user/me → 200 (6.47ms)
2026-03-22 13:47:37 | INFO     | smartbot.api | GET /user/me/sessions → 200 (10.43ms)
2026-03-22 13:47:37 | INFO     | smartbot.api | GET /user/me → 200 (6.25ms)
2026-03-22 13:47:37 | INFO     | smartbot.api | GET /user/me/sessions → 200 (8.2ms)
2026-03-22 13:48:21 | INFO     | smartbot.api | GET /user/me/sessions → 200 (25.35ms)
2026-03-22 13:48:21 | INFO     | smartbot.api | GET /user/me/sessions → 200 (7.26ms)
2026-03-22 13:49:43 | INFO     | smartbot.api | GET /user/me → 200 (18.19ms)
2026-03-22 13:49:43 | INFO     | smartbot.api | GET /user/me/sessions → 200 (18.03ms)
2026-03-22 13:49:43 | INFO     | smartbot.api | GET /user/me → 200 (4.64ms)
2026-03-22 13:49:43 | INFO     | smartbot.api | GET /user/me/sessions → 200 (5.03ms)
2026-03-22 13:51:30 | INFO     | smartbot.api | GET /user/me → 200 (41.56ms)
2026-03-22 13:51:30 | INFO     | smartbot.api | GET /user/me/sessions → 200 (41.15ms)
2026-03-22 13:51:30 | INFO     | smartbot.api | GET /user/me → 200 (1.69ms)
2026-03-22 13:51:30 | INFO     | smartbot.api | GET /user/me/sessions → 200 (2.9ms)
2026-03-22 13:51:30 | INFO     | smartbot.api | GET /user/me → 200 (1.76ms)
2026-03-22 13:51:30 | INFO     | smartbot.api | GET /user/me/sessions → 200 (3.26ms)
2026-03-22 13:52:00 | INFO     | smartbot.api | ==================================================
2026-03-22 13:52:00 | INFO     | smartbot.api | SmartBot V2 starting up — env: development
2026-03-22 13:52:01 | INFO     | smartbot.api | Vectorstore already has 71 chunks — skipping re-ingestion.
2026-03-22 13:52:01 | INFO     | smartbot.api | Warming up model: llama3.2:1b...
2026-03-22 13:52:02 | INFO     | smartbot.api | Model ready.
2026-03-22 13:52:02 | INFO     | smartbot.api | SmartBot V2 startup complete.
2026-03-22 13:52:06 | INFO     | smartbot.api | GET /user/me → 200 (8.36ms)
2026-03-22 13:52:06 | INFO     | smartbot.api | GET /user/me → 200 (1.25ms)
2026-03-22 13:52:06 | INFO     | smartbot.api | GET /user/me/sessions → 200 (14.35ms)
2026-03-22 13:52:06 | INFO     | smartbot.api | GET /user/me/sessions → 200 (3.36ms)
2026-03-22 13:52:11 | INFO     | smartbot.api | GET /user/me/sessions → 200 (8.62ms)
2026-03-22 13:52:11 | INFO     | smartbot.api | GET /user/me/sessions → 200 (8.83ms)
2026-03-22 13:52:13 | INFO     | smartbot.api | GET /user/me → 200 (9.66ms)
2026-03-22 13:52:13 | INFO     | smartbot.api | GET /user/me/sessions → 200 (11.78ms)
2026-03-22 13:52:13 | INFO     | smartbot.api | GET /user/me → 200 (4.86ms)
2026-03-22 13:52:13 | INFO     | smartbot.api | GET /user/me/sessions → 200 (6.39ms)
2026-03-22 13:52:22 | INFO     | smartbot.api | OPTIONS /user/me/preferences → 200 (0.37ms)
2026-03-22 13:52:22 | INFO     | smartbot.api | PATCH /user/me/preferences → 200 (13.53ms)
2026-03-22 13:52:26 | INFO     | smartbot.api | PATCH /user/me/preferences → 200 (6.45ms)
2026-03-22 13:53:06 | INFO     | smartbot.api | OPTIONS /sessions → 200 (0.37ms)
2026-03-22 13:53:06 | INFO     | smartbot.api | POST /sessions → 200 (17.43ms)
2026-03-22 13:53:06 | INFO     | smartbot.api | OPTIONS /chat/stream → 200 (0.31ms)
2026-03-22 13:53:06 | WARNING  | smartbot.api | POST /chat/stream → 404 (0.61ms)
2026-03-22 13:53:26 | INFO     | smartbot.api | OPTIONS /user/me/sessions → 200 (1.01ms)
2026-03-22 13:53:26 | INFO     | smartbot.api | OPTIONS /user/me/sessions → 200 (1.66ms)
2026-03-22 13:53:26 | INFO     | smartbot.api | GET /user/me → 200 (7.68ms)
2026-03-22 13:53:26 | INFO     | smartbot.api | GET /user/me → 200 (6.25ms)
2026-03-22 13:53:26 | INFO     | smartbot.api | GET /user/me/sessions → 200 (11.8ms)
2026-03-22 13:53:26 | INFO     | smartbot.api | GET /user/me/sessions → 200 (5.56ms)
2026-03-22 13:53:38 | INFO     | smartbot.api | PATCH /user/me/preferences → 200 (7.9ms)
2026-03-22 13:53:40 | INFO     | smartbot.api | PATCH /user/me/preferences → 200 (6.42ms)
2026-03-22 13:53:51 | WARNING  | smartbot.api | POST /chat/stream → 404 (0.97ms)
2026-03-22 13:57:01 | INFO     | smartbot.api | ==================================================
2026-03-22 13:57:01 | INFO     | smartbot.api | SmartBot V2 starting up — env: development
2026-03-22 13:57:02 | INFO     | smartbot.api | Vectorstore already has 71 chunks — skipping re-ingestion.
2026-03-22 13:57:02 | INFO     | smartbot.api | Warming up model: llama3.2:1b...
2026-03-22 13:57:03 | INFO     | smartbot.api | Model ready.
2026-03-22 13:57:03 | INFO     | smartbot.api | SmartBot V2 startup complete.
2026-03-22 13:57:03 | INFO     | smartbot.api | ==================================================
2026-03-22 13:57:03 | INFO     | smartbot.api | SmartBot V2 starting up — env: development
2026-03-22 13:57:04 | INFO     | smartbot.api | Vectorstore already has 71 chunks — skipping re-ingestion.
2026-03-22 13:57:04 | INFO     | smartbot.api | Warming up model: llama3.2:1b...
2026-03-22 13:57:04 | INFO     | smartbot.api | Model ready.
2026-03-22 13:57:04 | INFO     | smartbot.api | SmartBot V2 startup complete.
2026-03-22 13:57:30 | INFO     | smartbot.api | ==================================================
2026-03-22 13:57:30 | INFO     | smartbot.api | SmartBot V2 starting up — env: development
2026-03-22 13:57:30 | INFO     | smartbot.api | Vectorstore already has 71 chunks — skipping re-ingestion.
2026-03-22 13:57:30 | INFO     | smartbot.api | Warming up model: llama3.2:1b...
2026-03-22 13:57:31 | INFO     | smartbot.api | Model ready.
2026-03-22 13:57:31 | INFO     | smartbot.api | SmartBot V2 startup complete.
2026-03-22 13:57:31 | INFO     | smartbot.api | OPTIONS /user/me/sessions → 200 (0.26ms)
2026-03-22 13:57:31 | INFO     | smartbot.api | OPTIONS /user/me/sessions → 200 (1.26ms)
2026-03-22 13:57:31 | INFO     | smartbot.api | GET /user/me/sessions → 200 (17.47ms)
2026-03-22 13:57:31 | INFO     | smartbot.api | GET /user/me/sessions → 200 (2.71ms)
2026-03-22 13:57:43 | INFO     | smartbot.api | GET /user/me/sessions → 200 (4.15ms)
2026-03-22 13:57:43 | INFO     | smartbot.api | GET /user/me/sessions → 200 (3.42ms)
2026-03-22 13:57:47 | INFO     | smartbot.api | GET /user/me/sessions → 200 (10.74ms)
2026-03-22 13:57:47 | INFO     | smartbot.api | GET /user/me/sessions → 200 (8.67ms)
2026-03-22 13:58:01 | INFO     | smartbot.api | OPTIONS /sessions → 200 (0.44ms)
2026-03-22 13:58:01 | INFO     | smartbot.api | POST /sessions → 200 (17.16ms)
2026-03-22 13:58:01 | INFO     | smartbot.api | OPTIONS /chat/stream → 200 (0.21ms)
2026-03-22 13:58:04 | INFO     | smartbot.api | POST /chat/stream → 200 (3263.71ms)
2026-03-22 13:58:32 | INFO     | smartbot.api | OPTIONS /user/me → 200 (1.33ms)
2026-03-22 13:58:32 | INFO     | smartbot.api | OPTIONS /user/me → 200 (2.43ms)
2026-03-22 13:58:32 | INFO     | smartbot.api | GET /user/me/sessions → 200 (42.87ms)
2026-03-22 13:58:32 | INFO     | smartbot.api | GET /user/me/sessions → 200 (21.76ms)
2026-03-22 13:58:32 | INFO     | smartbot.api | GET /user/me → 200 (74.46ms)
2026-03-22 13:58:32 | INFO     | smartbot.api | GET /user/me → 200 (2.2ms)
2026-03-22 13:58:39 | INFO     | smartbot.api | OPTIONS /user/me/preferences → 200 (0.35ms)
2026-03-22 13:58:39 | INFO     | smartbot.api | PATCH /user/me/preferences → 200 (13.62ms)
2026-03-22 13:58:44 | INFO     | smartbot.api | PATCH /user/me/preferences → 200 (7.62ms)
2026-03-22 13:59:03 | INFO     | smartbot.api | POST /chat/stream → 200 (13477.94ms)
2026-03-22 13:59:26 | ERROR    | smartbot.api | Streaming error: 'function' object has no attribute 'invoke'
2026-03-22 13:59:26 | INFO     | smartbot.api | POST /chat/stream → 200 (214.79ms)
2026-03-22 14:02:49 | INFO     | smartbot.api | ==================================================
2026-03-22 14:02:49 | INFO     | smartbot.api | SmartBot V2 starting up — env: development
2026-03-22 14:02:50 | INFO     | smartbot.api | Vectorstore already has 71 chunks — skipping re-ingestion.
2026-03-22 14:02:50 | INFO     | smartbot.api | Warming up model: llama3.2:1b...
2026-03-22 14:02:51 | INFO     | smartbot.api | Model ready.
2026-03-22 14:02:51 | INFO     | smartbot.api | SmartBot V2 startup complete.
2026-03-22 14:02:52 | INFO     | smartbot.api | ==================================================
2026-03-22 14:02:52 | INFO     | smartbot.api | SmartBot V2 starting up — env: development
2026-03-22 14:02:52 | INFO     | smartbot.api | Vectorstore already has 71 chunks — skipping re-ingestion.
2026-03-22 14:02:52 | INFO     | smartbot.api | Warming up model: llama3.2:1b...
2026-03-22 14:02:52 | INFO     | smartbot.api | Model ready.
2026-03-22 14:02:52 | INFO     | smartbot.api | SmartBot V2 startup complete.
2026-03-22 14:03:15 | INFO     | smartbot.api | ==================================================
2026-03-22 14:03:15 | INFO     | smartbot.api | SmartBot V2 starting up — env: development
2026-03-22 14:03:15 | INFO     | smartbot.api | Vectorstore already has 71 chunks — skipping re-ingestion.
2026-03-22 14:03:15 | INFO     | smartbot.api | Warming up model: llama3.2:1b...
2026-03-22 14:03:16 | INFO     | smartbot.api | Model ready.
2026-03-22 14:03:16 | INFO     | smartbot.api | SmartBot V2 startup complete.
2026-03-22 14:03:22 | INFO     | smartbot.api | GET /user/me/sessions → 200 (36.39ms)
2026-03-22 14:03:22 | INFO     | smartbot.api | GET /user/me/sessions → 200 (4.01ms)
2026-03-22 14:03:26 | INFO     | smartbot.api | GET /user/me/sessions → 200 (8.77ms)
2026-03-22 14:03:26 | INFO     | smartbot.api | GET /user/me/sessions → 200 (8.92ms)
2026-03-22 14:03:39 | INFO     | smartbot.api | OPTIONS /admin/stats → 200 (0.44ms)
2026-03-22 14:03:39 | INFO     | smartbot.api | OPTIONS /admin/stats → 200 (0.26ms)
2026-03-22 14:03:39 | INFO     | smartbot.api | GET /admin/stats → 200 (33.31ms)
2026-03-22 14:03:39 | INFO     | smartbot.api | GET /admin/stats → 200 (14.02ms)
2026-03-22 14:03:39 | INFO     | smartbot.api | OPTIONS /admin/sessions → 200 (0.8ms)
2026-03-22 14:03:39 | INFO     | smartbot.api | OPTIONS /admin/chatlogs → 200 (0.97ms)
2026-03-22 14:03:39 | INFO     | smartbot.api | OPTIONS /admin/files → 200 (1.16ms)
2026-03-22 14:03:39 | INFO     | smartbot.api | OPTIONS /admin/sessions → 200 (0.97ms)
2026-03-22 14:03:39 | INFO     | smartbot.api | OPTIONS /admin/chatlogs → 200 (1.93ms)
2026-03-22 14:03:39 | INFO     | smartbot.api | OPTIONS /admin/files → 200 (2.81ms)
2026-03-22 14:03:39 | INFO     | smartbot.api | GET /admin/stats → 200 (24.31ms)
2026-03-22 14:03:39 | INFO     | smartbot.api | GET /admin/files → 200 (24.63ms)
2026-03-22 14:03:39 | INFO     | smartbot.api | GET /admin/files → 200 (7.96ms)
2026-03-22 14:03:39 | INFO     | smartbot.api | GET /admin/stats → 200 (15.64ms)
2026-03-22 14:03:39 | INFO     | smartbot.api | GET /admin/sessions → 200 (41.44ms)
2026-03-22 14:03:39 | INFO     | smartbot.api | GET /admin/chatlogs → 200 (44.64ms)
2026-03-22 14:03:39 | INFO     | smartbot.api | GET /admin/sessions → 200 (16.05ms)
2026-03-22 14:03:39 | INFO     | smartbot.api | GET /admin/chatlogs → 200 (13.41ms)
2026-03-22 14:03:46 | INFO     | smartbot.api | POST /sessions → 200 (20.74ms)
2026-03-22 14:03:57 | INFO     | smartbot.api | POST /chat/stream → 200 (11543.83ms)
2026-03-22 14:04:26 | INFO     | smartbot.api | POST /chat/stream → 200 (8804.08ms)
2026-03-22 14:08:33 | INFO     | smartbot.api | OPTIONS /chat/stream → 200 (1.63ms)
2026-03-22 14:08:45 | INFO     | smartbot.api | POST /chat/stream → 200 (11131.52ms)
2026-03-22 14:10:05 | INFO     | smartbot.api | POST /chat/stream → 200 (15022.82ms)
2026-03-22 14:10:38 | INFO     | smartbot.api | POST /chat/stream → 200 (9374.05ms)
2026-03-22 14:11:39 | INFO     | smartbot.api | POST /chat/stream → 200 (9041.81ms)
2026-03-22 14:12:04 | INFO     | smartbot.api | POST /chat/stream → 200 (10339.62ms)
2026-03-22 14:12:57 | INFO     | smartbot.api | POST /chat/stream → 200 (3421.83ms)
2026-03-22 14:18:28 | INFO     | smartbot.api | ==================================================
2026-03-22 14:18:28 | INFO     | smartbot.api | SmartBot V2 starting up — env: development
2026-03-22 14:18:28 | INFO     | smartbot.api | Vectorstore already has 71 chunks — skipping re-ingestion.
2026-03-22 14:18:28 | INFO     | smartbot.api | Warming up model: llama3.2:1b...
2026-03-22 14:18:29 | INFO     | smartbot.api | Model ready.
2026-03-22 14:18:29 | INFO     | smartbot.api | SmartBot V2 startup complete.
2026-03-22 14:18:30 | INFO     | smartbot.api | ==================================================
2026-03-22 14:18:30 | INFO     | smartbot.api | SmartBot V2 starting up — env: development
2026-03-22 14:18:31 | INFO     | smartbot.api | Vectorstore already has 71 chunks — skipping re-ingestion.
2026-03-22 14:18:31 | INFO     | smartbot.api | Warming up model: llama3.2:1b...
2026-03-22 14:18:31 | INFO     | smartbot.api | Model ready.
2026-03-22 14:18:31 | INFO     | smartbot.api | SmartBot V2 startup complete.
2026-03-22 14:19:34 | INFO     | smartbot.api | ==================================================
2026-03-22 14:19:34 | INFO     | smartbot.api | SmartBot V2 starting up — env: development
2026-03-22 14:19:34 | INFO     | smartbot.api | Vectorstore already has 71 chunks — skipping re-ingestion.
2026-03-22 14:19:34 | INFO     | smartbot.api | Warming up model: llama3.2:1b...
2026-03-22 14:19:34 | INFO     | smartbot.api | Model ready.
2026-03-22 14:19:34 | INFO     | smartbot.api | SmartBot V2 startup complete.
2026-03-22 14:19:44 | INFO     | smartbot.api | OPTIONS /user/me/sessions → 200 (0.47ms)
2026-03-22 14:19:44 | INFO     | smartbot.api | OPTIONS /user/me/sessions → 200 (0.45ms)
2026-03-22 14:19:44 | INFO     | smartbot.api | GET /user/me/sessions → 200 (30.37ms)
2026-03-22 14:19:44 | INFO     | smartbot.api | GET /user/me/sessions → 200 (3.36ms)
2026-03-22 14:19:47 | INFO     | smartbot.api | GET /user/me/sessions → 200 (10.39ms)
2026-03-22 14:19:47 | INFO     | smartbot.api | GET /user/me/sessions → 200 (11.81ms)
2026-03-22 14:20:05 | INFO     | smartbot.api | OPTIONS /sessions → 200 (0.44ms)
2026-03-22 14:20:05 | INFO     | smartbot.api | POST /sessions → 200 (22.11ms)
2026-03-22 14:20:05 | INFO     | smartbot.api | OPTIONS /chat/stream → 200 (0.33ms)
2026-03-22 14:20:11 | INFO     | smartbot.api | POST /chat/stream → 200 (5985.77ms)
2026-03-22 14:20:27 | INFO     | smartbot.api | POST /chat/stream → 200 (1126.34ms)
2026-03-22 14:20:35 | INFO     | smartbot.api | OPTIONS /feedback → 200 (0.41ms)
2026-03-22 14:20:35 | INFO     | smartbot.api | POST /feedback → 200 (11.35ms)
2026-03-22 14:20:43 | INFO     | smartbot.api | POST /chat/stream → 200 (4101.14ms)
2026-03-22 14:23:43 | INFO     | smartbot.api | POST /chat/stream → 200 (3426.8ms)
2026-03-22 14:23:59 | INFO     | smartbot.api | POST /chat/stream → 200 (4502.74ms)
2026-03-22 14:24:26 | INFO     | smartbot.api | POST /chat/stream → 200 (13003.53ms)
2026-03-22 14:24:46 | INFO     | smartbot.api | POST /chat/stream → 200 (9882.93ms)
2026-03-22 14:25:40 | INFO     | smartbot.api | POST /chat/stream → 200 (18550.88ms)
2026-03-22 14:30:16 | INFO     | smartbot.api | OPTIONS /user/me/sessions → 200 (1.29ms)
2026-03-22 14:30:16 | INFO     | smartbot.api | OPTIONS /user/me/sessions → 200 (46.84ms)
2026-03-22 14:30:17 | INFO     | smartbot.api | GET /user/me/sessions → 200 (283.05ms)
2026-03-22 14:30:17 | INFO     | smartbot.api | GET /user/me/sessions → 200 (252.92ms)
2026-03-23 07:42:36 | INFO     | smartbot.api | OPTIONS /user/me/sessions → 200 (3.87ms)
2026-03-23 07:42:36 | INFO     | smartbot.api | OPTIONS /user/me/sessions → 200 (22.52ms)
2026-03-23 07:42:36 | INFO     | smartbot.api | GET /user/me/sessions → 200 (103.53ms)
2026-03-23 07:42:36 | INFO     | smartbot.api | GET /user/me/sessions → 200 (17.31ms)
2026-03-23 07:42:39 | INFO     | smartbot.api | OPTIONS /user/me → 200 (0.9ms)
2026-03-23 07:42:39 | INFO     | smartbot.api | GET /user/me → 200 (14.98ms)
2026-03-23 07:42:39 | INFO     | smartbot.api | GET /user/me/sessions → 200 (32.79ms)
2026-03-23 07:42:39 | INFO     | smartbot.api | GET /user/me → 200 (22.31ms)
2026-03-23 07:42:39 | INFO     | smartbot.api | GET /user/me/sessions → 200 (8.06ms)
2026-03-23 07:42:47 | INFO     | smartbot.api | OPTIONS /user/me/preferences → 200 (0.36ms)
2026-03-23 07:42:47 | INFO     | smartbot.api | PATCH /user/me/preferences → 200 (19.14ms)
2026-03-23 08:18:53 | INFO     | smartbot.api | OPTIONS /user/me/sessions → 200 (2.17ms)
2026-03-23 08:18:53 | INFO     | smartbot.api | OPTIONS /user/me/sessions → 200 (5.88ms)
2026-03-23 08:18:53 | INFO     | smartbot.api | GET /user/me/sessions → 200 (261.57ms)
2026-03-23 08:18:53 | INFO     | smartbot.api | GET /user/me/sessions → 200 (10.97ms)
2026-03-24 05:58:12 | INFO     | smartbot.api | OTP sent for: admin@smartbot.com
2026-03-24 05:58:12 | INFO     | smartbot.api | POST /admin/login → 200 (280.19ms)
2026-03-24 05:58:25 | INFO     | smartbot.api | POST /admin/verify-otp → 200 (44.05ms)
2026-03-24 05:58:25 | INFO     | smartbot.api | OPTIONS /admin/stats → 200 (0.8ms)
2026-03-24 05:58:25 | INFO     | smartbot.api | OPTIONS /admin/stats → 200 (0.98ms)
2026-03-24 05:58:25 | INFO     | smartbot.api | GET /admin/stats → 200 (38.49ms)
2026-03-24 05:58:25 | INFO     | smartbot.api | GET /admin/stats → 200 (5.89ms)
2026-03-24 05:58:26 | INFO     | smartbot.api | OPTIONS /admin/sessions → 200 (1.36ms)
2026-03-24 05:58:26 | INFO     | smartbot.api | OPTIONS /admin/chatlogs → 200 (1.27ms)
2026-03-24 05:58:26 | INFO     | smartbot.api | OPTIONS /admin/files → 200 (1.07ms)
2026-03-24 05:58:26 | INFO     | smartbot.api | OPTIONS /admin/sessions → 200 (1.15ms)
2026-03-24 05:58:26 | INFO     | smartbot.api | OPTIONS /admin/chatlogs → 200 (0.91ms)
2026-03-24 05:58:26 | INFO     | smartbot.api | OPTIONS /admin/files → 200 (2.22ms)
2026-03-24 05:58:26 | INFO     | smartbot.api | GET /admin/sessions → 200 (49.4ms)
2026-03-24 05:58:26 | INFO     | smartbot.api | GET /admin/sessions → 200 (18.35ms)
2026-03-24 05:58:26 | INFO     | smartbot.api | GET /admin/stats → 200 (112.44ms)
2026-03-24 05:58:26 | INFO     | smartbot.api | GET /admin/files → 200 (111.55ms)
2026-03-24 05:58:26 | INFO     | smartbot.api | GET /admin/stats → 200 (11.76ms)
2026-03-24 05:58:26 | INFO     | smartbot.api | GET /admin/files → 200 (7.61ms)
2026-03-24 05:58:26 | INFO     | smartbot.api | GET /admin/chatlogs → 200 (135.42ms)
2026-03-24 05:58:26 | INFO     | smartbot.api | GET /admin/chatlogs → 200 (28.05ms)
2026-03-24 05:58:31 | INFO     | smartbot.api | OPTIONS /admin/audit → 200 (0.65ms)
2026-03-24 05:58:31 | INFO     | smartbot.api | OPTIONS /admin/users → 200 (1.4ms)
2026-03-24 05:58:31 | INFO     | smartbot.api | GET /admin/users → 200 (8.43ms)
2026-03-24 05:58:31 | INFO     | smartbot.api | GET /admin/audit → 200 (11.38ms)
2026-03-24 05:58:32 | INFO     | smartbot.api | OPTIONS /admin/end-users → 200 (0.33ms)
2026-03-24 05:58:32 | INFO     | smartbot.api | GET /admin/end-users → 200 (8.45ms)
2026-03-24 05:58:34 | INFO     | smartbot.api | GET /admin/users → 200 (9.9ms)
2026-03-24 05:58:34 | INFO     | smartbot.api | GET /admin/audit → 200 (11.31ms)
2026-03-24 06:23:48 | INFO     | smartbot.api | OPTIONS /admin/stats → 200 (1.43ms)
2026-03-24 06:23:48 | INFO     | smartbot.api | OPTIONS /admin/stats → 200 (2.7ms)
2026-03-24 06:23:48 | INFO     | smartbot.api | GET /admin/stats → 200 (11.33ms)
2026-03-24 06:23:48 | INFO     | smartbot.api | GET /admin/stats → 200 (6.69ms)
2026-03-24 06:23:48 | INFO     | smartbot.api | OPTIONS /admin/sessions → 200 (0.42ms)
2026-03-24 06:23:48 | INFO     | smartbot.api | OPTIONS /admin/chatlogs → 200 (0.65ms)
2026-03-24 06:23:48 | INFO     | smartbot.api | OPTIONS /admin/files → 200 (0.52ms)
2026-03-24 06:23:48 | INFO     | smartbot.api | OPTIONS /admin/sessions → 200 (0.44ms)
2026-03-24 06:23:48 | INFO     | smartbot.api | OPTIONS /admin/chatlogs → 200 (0.53ms)
2026-03-24 06:23:48 | INFO     | smartbot.api | OPTIONS /admin/files → 200 (0.71ms)
2026-03-24 06:23:48 | INFO     | smartbot.api | GET /admin/files → 200 (9.65ms)
2026-03-24 06:23:48 | INFO     | smartbot.api | GET /admin/stats → 200 (16.4ms)
2026-03-24 06:23:48 | INFO     | smartbot.api | GET /admin/files → 200 (9.07ms)
2026-03-24 06:23:48 | INFO     | smartbot.api | GET /admin/stats → 200 (8.73ms)
2026-03-24 06:23:48 | INFO     | smartbot.api | GET /admin/sessions → 200 (30.41ms)
2026-03-24 06:23:48 | INFO     | smartbot.api | GET /admin/chatlogs → 200 (31.05ms)
2026-03-24 06:23:48 | INFO     | smartbot.api | GET /admin/sessions → 200 (16.36ms)
2026-03-24 06:23:48 | INFO     | smartbot.api | GET /admin/chatlogs → 200 (16.28ms)
2026-03-24 11:11:39 | INFO     | smartbot.api | OPTIONS /admin/analytics/overview → 200 (1.93ms)
2026-03-24 11:11:39 | INFO     | smartbot.api | OPTIONS /admin/analytics/peak-hours → 200 (8.22ms)
2026-03-24 11:11:39 | INFO     | smartbot.api | OPTIONS /admin/analytics/top-questions → 200 (8.62ms)
2026-03-24 11:11:39 | INFO     | smartbot.api | OPTIONS /admin/feedback/stats → 200 (1.53ms)
2026-03-24 11:11:39 | INFO     | smartbot.api | GET /admin/analytics/peak-hours → 200 (45.34ms)
2026-03-24 11:11:39 | INFO     | smartbot.api | GET /admin/analytics/overview → 200 (46.42ms)
2026-03-24 11:11:39 | INFO     | smartbot.api | GET /admin/feedback/stats → 200 (37.1ms)
2026-03-24 11:11:39 | INFO     | smartbot.api | GET /admin/analytics/top-questions → 200 (37.4ms)
2026-03-24 11:11:40 | INFO     | smartbot.api | OPTIONS /admin/end-users → 200 (0.36ms)
2026-03-24 11:11:40 | INFO     | smartbot.api | GET /admin/end-users → 200 (6.85ms)
2026-03-24 11:11:40 | INFO     | smartbot.api | OPTIONS /admin/audit → 200 (0.58ms)
2026-03-24 11:11:40 | INFO     | smartbot.api | OPTIONS /admin/users → 200 (0.93ms)
2026-03-24 11:11:40 | INFO     | smartbot.api | GET /admin/users → 200 (7.07ms)
2026-03-24 11:11:40 | INFO     | smartbot.api | GET /admin/audit → 200 (9.98ms)
2026-03-24 11:43:26 | INFO     | smartbot.api | OPTIONS /sessions → 200 (1.76ms)
2026-03-24 11:43:26 | INFO     | smartbot.api | POST /sessions → 200 (44.12ms)
2026-03-24 11:43:27 | INFO     | smartbot.api | OPTIONS /chat/stream → 200 (0.25ms)
2026-03-24 11:43:32 | INFO     | smartbot.api | POST /chat/stream → 200 (5618.62ms)
2026-03-24 11:44:03 | INFO     | smartbot.api | POST /chat/stream → 200 (2962.62ms)
2026-03-24 11:44:19 | INFO     | smartbot.api | OTP sent for: admin@smartbot.com
2026-03-24 11:44:19 | INFO     | smartbot.api | POST /admin/login → 200 (224.79ms)
2026-03-24 11:44:30 | INFO     | smartbot.api | POST /admin/verify-otp → 200 (30.37ms)
2026-03-24 11:44:30 | INFO     | smartbot.api | OPTIONS /admin/stats → 200 (0.75ms)
2026-03-24 11:44:30 | INFO     | smartbot.api | OPTIONS /admin/stats → 200 (0.92ms)
2026-03-24 11:44:30 | INFO     | smartbot.api | GET /admin/stats → 200 (13.57ms)
2026-03-24 11:44:30 | INFO     | smartbot.api | GET /admin/stats → 200 (11.34ms)
2026-03-24 11:44:30 | INFO     | smartbot.api | OPTIONS /admin/sessions → 200 (1.24ms)
2026-03-24 11:44:30 | INFO     | smartbot.api | OPTIONS /admin/chatlogs → 200 (1.32ms)
2026-03-24 11:44:30 | INFO     | smartbot.api | OPTIONS /admin/files → 200 (1.34ms)
2026-03-24 11:44:30 | INFO     | smartbot.api | OPTIONS /admin/sessions → 200 (1.69ms)
2026-03-24 11:44:30 | INFO     | smartbot.api | OPTIONS /admin/chatlogs → 200 (1.38ms)
2026-03-24 11:44:30 | INFO     | smartbot.api | OPTIONS /admin/files → 200 (1.19ms)
2026-03-24 11:44:31 | INFO     | smartbot.api | GET /admin/files → 200 (11.8ms)
2026-03-24 11:44:31 | INFO     | smartbot.api | GET /admin/stats → 200 (26.79ms)
2026-03-24 11:44:31 | INFO     | smartbot.api | GET /admin/files → 200 (11.36ms)
2026-03-24 11:44:31 | INFO     | smartbot.api | GET /admin/stats → 200 (13.42ms)
2026-03-24 11:44:31 | INFO     | smartbot.api | GET /admin/sessions → 200 (50.41ms)
2026-03-24 11:44:31 | INFO     | smartbot.api | GET /admin/chatlogs → 200 (51.78ms)
2026-03-24 11:44:31 | INFO     | smartbot.api | GET /admin/chatlogs → 200 (19.76ms)
2026-03-24 11:44:31 | INFO     | smartbot.api | GET /admin/sessions → 200 (32.09ms)
2026-03-24 11:44:39 | INFO     | smartbot.api | OPTIONS /admin/files/download/Cat_B_TOB_-_INNOVAZIT_TECHNOLOGIES_L.L.C_2025[1].pdf → 200 (0.4ms)
2026-03-24 11:44:39 | INFO     | smartbot.api | GET /admin/files/download/Cat_B_TOB_-_INNOVAZIT_TECHNOLOGIES_L.L.C_2025[1].pdf → 200 (8.87ms)
2026-03-24 11:45:30 | INFO     | smartbot.api | POST /sessions → 200 (22.19ms)
2026-03-24 11:45:38 | INFO     | smartbot.api | POST /chat/stream → 200 (7194.99ms)
2026-03-24 11:50:32 | INFO     | smartbot.api | OTP sent for: admin@smartbot.com
2026-03-24 11:50:32 | INFO     | smartbot.api | POST /admin/login → 200 (227.42ms)
2026-03-24 11:50:41 | INFO     | smartbot.api | POST /admin/verify-otp → 200 (33.1ms)
2026-03-24 11:50:41 | INFO     | smartbot.api | GET /admin/stats → 200 (16.22ms)
2026-03-24 11:50:41 | INFO     | smartbot.api | GET /admin/stats → 200 (8.24ms)
2026-03-24 11:50:41 | INFO     | smartbot.api | GET /admin/files → 200 (16.59ms)
2026-03-24 11:50:41 | INFO     | smartbot.api | GET /admin/stats → 200 (22.89ms)
2026-03-24 11:50:41 | INFO     | smartbot.api | GET /admin/files → 200 (13.7ms)
2026-03-24 11:50:41 | INFO     | smartbot.api | GET /admin/stats → 200 (13.26ms)
2026-03-24 11:50:41 | INFO     | smartbot.api | GET /admin/chatlogs → 200 (44.46ms)
2026-03-24 11:50:41 | INFO     | smartbot.api | GET /admin/sessions → 200 (47.09ms)
2026-03-24 11:50:41 | INFO     | smartbot.api | GET /admin/chatlogs → 200 (19.16ms)
2026-03-24 11:50:41 | INFO     | smartbot.api | GET /admin/sessions → 200 (17.91ms)
2026-03-24 11:50:59 | INFO     | smartbot.api | OPTIONS /admin/logs/app → 200 (1.2ms)
2026-03-24 11:50:59 | INFO     | smartbot.api | OPTIONS /admin/logs/error → 200 (1.44ms)
2026-03-24 11:50:59 | INFO     | smartbot.api | OPTIONS /admin/logs/info → 200 (1.52ms)
2026-03-24 11:50:59 | INFO     | smartbot.api | GET /admin/logs/error → 200 (41.74ms)
2026-03-24 11:50:59 | INFO     | smartbot.api | GET /admin/logs/app → 200 (67.63ms)
2026-03-24 11:50:59 | INFO     | smartbot.api | GET /admin/logs/info → 200 (65.83ms)
2026-03-24 11:51:11 | INFO     | smartbot.api | GET /admin/logs/app → 200 (40.11ms)
2026-03-24 11:51:11 | INFO     | smartbot.api | GET /admin/logs/error → 200 (40.07ms)
2026-03-24 11:51:11 | INFO     | smartbot.api | GET /admin/logs/info → 200 (40.58ms)
2026-03-24 11:51:17 | INFO     | smartbot.api | OPTIONS /admin/audit → 200 (0.69ms)
2026-03-24 11:51:17 | INFO     | smartbot.api | OPTIONS /admin/users → 200 (1.31ms)
2026-03-24 11:51:17 | INFO     | smartbot.api | GET /admin/users → 200 (7.38ms)
2026-03-24 11:51:17 | INFO     | smartbot.api | GET /admin/audit → 200 (8.57ms)
2026-03-24 11:51:24 | INFO     | smartbot.api | GET /admin/users → 200 (9.15ms)
2026-03-24 11:51:24 | INFO     | smartbot.api | GET /admin/audit → 200 (11.27ms)
2026-03-24 11:51:26 | INFO     | smartbot.api | OPTIONS /admin/end-users → 200 (0.39ms)
2026-03-24 11:51:26 | INFO     | smartbot.api | GET /admin/end-users → 200 (7.28ms)
2026-03-24 11:51:31 | INFO     | smartbot.api | OPTIONS /admin/analytics/overview → 200 (0.79ms)
2026-03-24 11:51:31 | INFO     | smartbot.api | OPTIONS /admin/analytics/peak-hours → 200 (1.23ms)
2026-03-24 11:51:31 | INFO     | smartbot.api | OPTIONS /admin/analytics/top-questions → 200 (1.73ms)
2026-03-24 11:51:31 | INFO     | smartbot.api | OPTIONS /admin/feedback/stats → 200 (1.46ms)
2026-03-24 11:51:31 | INFO     | smartbot.api | GET /admin/feedback/stats → 200 (11.54ms)
2026-03-24 11:51:31 | INFO     | smartbot.api | GET /admin/analytics/top-questions → 200 (26.46ms)
2026-03-24 11:51:31 | INFO     | smartbot.api | GET /admin/analytics/peak-hours → 200 (28.02ms)
2026-03-24 11:51:31 | INFO     | smartbot.api | GET /admin/analytics/overview → 200 (28.69ms)
2026-03-24 11:52:26 | INFO     | smartbot.api | OPTIONS /admin/api-keys → 200 (0.79ms)
2026-03-24 11:52:26 | INFO     | smartbot.api | GET /admin/api-keys → 200 (13.74ms)
2026-03-24 11:55:06 | INFO     | smartbot.api | OPTIONS /sessions → 200 (3.47ms)
2026-03-24 11:55:06 | INFO     | smartbot.api | POST /sessions → 200 (27.16ms)
2026-03-24 11:55:06 | INFO     | smartbot.api | OPTIONS /chat/stream → 200 (0.58ms)
2026-03-24 11:55:10 | INFO     | smartbot.api | POST /chat/stream → 200 (3753.42ms)
2026-03-24 11:55:18 | INFO     | smartbot.api | POST /sessions → 200 (27.66ms)
2026-03-24 11:55:25 | INFO     | smartbot.api | POST /chat/stream → 200 (7142.76ms)
